sku	fnsku	asin	product-name	condition	your-price	mfn-listing-exists	mfn-fulfillable-quantity	afn-listing-exists	afn-warehouse-quantity	afn-fulfillable-quantity	afn-unsellable-quantity	afn-reserved-quantity	afn-total-quantity	per-unit-volume	afn-inbound-working-quantity	afn-inbound-shipped-quantity	afn-inbound-receiving-quantity	afn-researching-quantity	afn-reserved-future-supply	afn-future-supply-buyable	afn-fulfillable-quantity-local	afn-fulfillable-quantity-remote	afn-fc-transfer-quantity	afn-onhand-buyable-quantity	store
AALAND-ISLANDS-20GB-30D	B0FR39Q1KJ	B0FR39Q1KJ	Aaland Islands eSIM 20GB 30Days	New	33.99	No		Yes	0	0	0	0	30	96.03	5	25	0	0	0	5	0	0	0	0	
AALAND-ISLANDS-3GB-15D	B0FR3CCSMB	B0FR3CCSMB	Islas Aaland eSIM 3GB 15Days	New	9.99	No		Yes	0	0	0	0	30	96.03	5	25	0	0	0	5	0	0	0	0	
AALAND-ISLANDS-5GB-30D	B0FR3G6JWB	B0FR3G6JWB	Islas Aaland eSIM 5GB 30Days	New	13.99	No		Yes	0	0	0	0	30	96.03	5	25	0	0	0	5	0	0	0	0	
AE_20_30	B0FRB7TFJR	B0FRB7TFJR	Emiratos Árabes Unidos eSIM 20GB 30Days	New	42.48	No		Yes	0	0	0	0	20	96.03	0	20	0	0	0	5	0	0	0	0	
AE_3_15	B0FRBBYBGH	B0FRBBYBGH	Emiratos Árabes Unidos eSIM 3GB 15Days	New	10.96	No		Yes	0	0	0	0	20	96.03	0	20	0	0	0	5	0	0	0	0	
AE_5_30	B0FRB89XHX	B0FRB89XHX	Emiratos Árabes Unidos eSIM 5GB 30Days	New	16.29	No		Yes	0	0	0	0	20	96.03	0	20	0	0	0	5	0	0	0	0	
AFRICA-5GB-30D	B0FR3GK9Z7	B0FR3GK9Z7	África eSIM 5GB 30Days	New	29.99	No		Yes	0	0	0	0	30	96.03	5	25	0	0	0	5	0	0	0	0	
ALBANIA-5GB-30D	B0FR4ZG3Z6	B0FR4ZG3Z6	Albania eSIM 5GB 30Days	New	10.99	No		Yes	0	0	0	0	30	96.03	5	25	0	0	5	0	0	0	0	0	
ALGERIA-20GB-30D	B0H6M5TDMD	B0H6M5TDMD	Argelia eSIM 20GB 30Days	New	26.99	No		Yes	0	0	0	0	25	96.03	0	25	0	0	0	5	0	0	0	0	
ALGERIA-3GB-15D	B0H6M9R3WH	B0H6M9R3WH	Argelia eSIM 3GB 15Days	New	9.99	No		Yes	0	0	0	0	25	96.03	0	25	0	0	0	5	0	0	0	0	
ALGERIA-5GB-30D	B0H6MDYKG8	B0H6MDYKG8	Argelia eSIM 5GB 30Days	New	11.99	No		Yes	0	0	0	0	25	96.03	0	25	0	0	0	5	0	0	0	0	
ANDORRA-20GB-30D	B0H6MJ97WC	B0H6MJ97WC	Andorra eSIM 20GB 30Days	New	44.99	No		Yes	0	0	0	0	25	96.03	0	25	0	0	0	5	0	0	0	0	
ANDORRA-3GB-15D	B0H6MBPRYN	B0H6MBPRYN	Andorra eSIM 3GB 15Days	New	15.99	No		Yes	0	0	0	0	25	96.03	0	25	0	0	0	5	0	0	0	0	
ANDORRA-5GB-30D	B0H6M5P65S	B0H6M5P65S	Andorra eSIM 5GB 30Days	New	16.99	No		Yes	0	0	0	0	25	96.03	0	25	0	0	0	5	0	0	0	0	
ANGOLA-3GB-15D	B0H6M5RWZH	B0H6M5RWZH	Angola eSIM 3GB 15Days	New	35.99	No		Yes	0	0	0	0	25	96.03	0	25	0	0	0	5	0	0	0	0	
ANGOLA-5GB-30D	B0H6MKZSB4	B0H6MKZSB4	Angola eSIM 5GB 30Days	New	58.99	No		Yes	0	0	0	0	25	96.03	0	25	0	0	0	5	0	0	0	0	
ANGUILLA-20GB-30D	B0H6MHMZY8	B0H6MHMZY8	Anguila eSIM 20GB 30Days	New	87.99	No		Yes	0	0	0	0	25	96.03	0	25	0	0	0	5	0	0	0	0	
ANGUILLA-3GB-15D	B0H6M7X7QY	B0H6M7X7QY	Anguila eSIM 3GB 15Days	New	24.99	No		Yes	0	0	0	0	25	96.03	0	25	0	0	0	5	0	0	0	0	
ANGUILLA-5GB-30D	B0H6MFJ63H	B0H6MFJ63H	Anguila eSIM 5GB 30Days	New	32.99	No		Yes	0	0	0	0	25	96.03	0	25	0	0	0	5	0	0	0	0	
ANTIGUA-AND-BARBUDA-20GB-30D	B0H6M2MQJB	B0H6M2MQJB	Antigua y Barbuda eSIM 20GB 30Days	New	99.99	No		Yes	0	0	0	0	25	96.03	0	25	0	0	0	5	0	0	0	0	
ANTIGUA-AND-BARBUDA-3GB-15D	B0H6MBBFLQ	B0H6MBBFLQ	Antigua y Barbuda eSIM 3GB 15Days	New	26.99	No		Yes	0	0	0	0	25	96.03	0	25	0	0	0	5	0	0	0	0	
ANTIGUA-AND-BARBUDA-5GB-30D	B0H6MCR5F9	B0H6MCR5F9	Antigua y Barbuda eSIM 5GB 30Days	New	35.99	No		Yes	0	0	0	0	25	96.03	0	25	0	0	0	5	0	0	0	0	
ARGENTINA-20GB-30D	B0FR5DCH33	B0FR5DCH33	Argentina eSIM 20GB 30Days	New	37.99	No		Yes	0	0	0	0	30	96.03	5	25	0	0	4	1	0	0	0	0	
ARGENTINA-3GB-15D	B0FR554SXN	B0FR554SXN	Argentina eSIM 3GB 15Days	New	12.99	No		Yes	0	0	0	0	30	96.03	5	25	0	0	1	4	0	0	0	0	
ARMENIA-20GB-30D	B0FR4ZT5XT	B0FR4ZT5XT	Armenia eSIM 20GB 30Days	New	31.99	No		Yes	0	0	0	0	30	169.44	5	25	0	0	0	5	0	0	0	0	
ARMENIA-3GB-15D	B0FR5BK9R4	B0FR5BK9R4	Armenia eSIM 3GB 15Days	New	9.99	No		Yes	0	0	0	0	30	169.44	5	25	0	0	0	5	0	0	0	0	
ASIA-20-3GB-15D	B0FR9FZ4RF	B0FR9FZ4RF	Asia-20 eSIM 3GB 15Days	New	12.99	No		Yes	0	0	0	0	30	169.44	5	25	0	0	5	0	0	0	0	0	
ASIA-20-5GB-30D	B0FR9BQNSV	B0FR9BQNSV	Asia-20 eSIM 5GB 30Days	New	13.99	No		Yes	0	0	0	0	30	169.44	5	25	0	0	5	0	0	0	0	0	
AUSTRALIA-20GB-30D	B0FR9G1ZQJ	B0FR9G1ZQJ	Australia eSIM 20GB 30Days	New	15.99	No		Yes	0	0	0	0	30	96.03	5	25	0	0	4	1	0	0	0	0	
AUSTRALIA-3GB-15D	B0FR9SKY4D	B0FR9SKY4D	Australia eSIM 3GB 15Days	New	8.99	No		Yes	0	0	0	0	30	96.03	5	25	0	0	0	5	0	0	0	0	
AUSTRALIA-5GB-30D	B0FR9JRB62	B0FR9JRB62	Australia eSIM 5GB 30Days	New	9.99	No		Yes	0	0	0	0	30	96.03	5	25	0	0	0	5	0	0	0	0	
AUSTRIA-20GB-30D	B0FR8XBSBP	B0FR8XBSBP	Austria eSIM 20GB 30Days	New	15.99	No		Yes	0	0	0	0	30	169.44	5	25	0	0	0	5	0	0	0	0	
AUSTRIA-3GB-15D	B0FR9QSMSP	B0FR9QSMSP	Austria eSIM 3GB 15Days	New	8.99	No		Yes	0	0	0	0	30	169.44	5	25	0	0	0	5	0	0	0	0	
AUSTRIA-5GB-30D	B0FR8XCH78	B0FR8XCH78	Austria eSIM 5GB 30Days	New	9.99	No		Yes	0	0	0	0	30	169.44	5	25	0	0	0	5	0	0	0	0	
AU_20_30	B0FR9G1ZQJ	B0FR9G1ZQJ	Australia eSIM 20GB 30Days	New	15.60	No		Yes	0	0	0	0	30	96.03	5	25	0	0	4	1	0	0	0	0	
AU_3_15	B0FR9SKY4D	B0FR9SKY4D	Australia eSIM 3GB 15Days	New	6.90	No		Yes	0	0	0	0	30	96.03	5	25	0	0	0	5	0	0	0	0	
AU_5_30	B0FR9JRB62	B0FR9JRB62	Australia eSIM 5GB 30Days	New	8.64	No		Yes	0	0	0	0	30	96.03	5	25	0	0	0	5	0	0	0	0	
AZERBAIJAN-3GB-15D	B0FR9BTC98	B0FR9BTC98	Azerbaiyán eSIM 3GB 15Days	New	12.99	No		Yes	0	0	0	0	30	96.03	5	25	0	0	2	3	0	0	0	0	
BAHAMAS-20GB-30D	B0H6MCPR9P	B0H6MCPR9P	Bahamas eSIM 20GB 30Days	New	121.99	No		Yes	0	0	0	0	25	96.03	0	25	0	0	0	5	0	0	0	0	
BAHAMAS-3GB-15D	B0H6MB828R	B0H6MB828R	Bahamas eSIM 3GB 15Days	New	32.99	No		Yes	0	0	0	0	24	96.03	0	24	0	0	0	9	0	0	0	0	
BAHAMAS-5GB-30D	B0H6MFGH8P	B0H6MFGH8P	Bahamas eSIM 5GB 30Days	New	43.99	No		Yes	0	0	0	0	25	96.03	0	25	0	0	0	5	0	0	0	0	
BAHRAIN-3GB-15D	B0FR9K64KF	B0FR9K64KF	Bahrein eSIM 3GB 15Days	New	10.99	No		Yes	0	0	0	0	30	96.03	5	25	0	0	1	4	0	0	0	0	
BANGLADESH-20GB-30D	B0FR8FJ3HJ	B0FR8FJ3HJ	Bangladesh eSIM 20GB 30Days	New	23.99	No		Yes	0	0	0	0	30	96.03	5	25	0	0	0	5	0	0	0	0	
BANGLADESH-3GB-15D	B0FR9L7SG3	B0FR9L7SG3	Bangladesh eSIM 3GB 15Days	New	9.99	No		Yes	0	0	0	0	30	96.03	5	25	0	0	0	5	0	0	0	0	
BANGLADESH-5GB-30D	B0FR9BQFCM	B0FR9BQFCM	Bangladesh eSIM 5GB 30Days	New	10.99	No		Yes	0	0	0	0	30	96.03	5	25	0	0	0	5	0	0	0	0	
BARBADOS-20GB-30D	B0H6MJ921X	B0H6MJ921X	Barbados eSIM 20GB 30Days	New	85.99	No		Yes	0	0	0	0	25	96.03	0	25	0	0	0	5	0	0	0	0	
BARBADOS-3GB-15D	B0H6MCD72X	B0H6MCD72X	Barbados eSIM 3GB 15Days	New	23.99	No		Yes	0	0	0	0	25	96.03	0	25	0	0	0	5	0	0	0	0	
BARBADOS-5GB-30D	B0H6MG6VYJ	B0H6MG6VYJ	Barbados eSIM 5GB 30Days	New	31.99	No		Yes	0	0	0	0	25	96.03	0	25	0	0	0	5	0	0	0	0	
BELARUS-3GB-15D	B0FR9G3Z82	B0FR9G3Z82	Bielorrusia eSIM 3GB 15Days	New	9.99	No		Yes	0	0	0	0	30	96.03	5	25	0	0	0	5	0	0	0	0	
BELARUS-5GB-30D	B0FR8FFT4D	B0FR8FFT4D	Bielorrusia eSIM 5GB 30Days	New	11.99	No		Yes	0	0	0	0	30	96.03	5	25	0	0	0	5	0	0	0	0	
BELGIUM-20GB-30D	B0FR9BVRCH	B0FR9BVRCH	Bélgica eSIM 20GB 30Days	New	15.99	No		Yes	0	0	0	0	30	96.03	5	25	0	0	0	5	0	0	0	0	
BELGIUM-3GB-15D	B0FR9G432K	B0FR9G432K	Bélgica eSIM 3GB 15Days	New	8.99	No		Yes	0	0	0	0	30	96.03	5	25	0	0	0	5	0	0	0	0	
BELGIUM-5GB-30D	B0FR9SXCW6	B0FR9SXCW6	Bélgica eSIM 5GB 30Days	New	9.99	No		Yes	0	0	0	0	30	96.03	5	25	0	0	0	5	0	0	0	0	
BELIZE-20GB-30D	B0H6MBSQM8	B0H6MBSQM8	Belice eSIM 20GB 30Days	New	145.99	No		Yes	0	0	0	0	25	96.03	0	25	0	0	0	5	0	0	0	0	
BELIZE-3GB-15D	B0H6MFPNTX	B0H6MFPNTX	Belice eSIM 3GB 15Days	New	32.99	No		Yes	0	0	0	0	25	96.03	0	25	0	0	0	5	0	0	0	0	
BELIZE-5GB-30D	B0H6MF1H4V	B0H6MF1H4V	Belice eSIM 5GB 30Days	New	53.99	No		Yes	0	0	0	0	25	96.03	0	25	0	0	0	5	0	0	0	0	
BENIN-20GB-30D	B0H6M7VGSZ	B0H6M7VGSZ	Benin eSIM 20GB 30Days	New	77.99	No		Yes	0	0	0	0	25	96.03	0	25	0	0	0	5	0	0	0	0	
BENIN-3GB-15D	B0H6M9YHDR	B0H6M9YHDR	Benin eSIM 3GB 15Days	New	18.99	No		Yes	0	0	0	0	25	96.03	0	25	0	0	0	5	0	0	0	0	
BENIN-5GB-30D	B0H6MHRNBH	B0H6MHRNBH	Benin eSIM 5GB 30Days	New	31.99	No		Yes	0	0	0	0	25	96.03	0	25	0	0	0	5	0	0	0	0	
BERMUDA-20GB-30D	B0H6MCGQ77	B0H6MCGQ77	Bermuda eSIM 20GB 30Days	New	101.99	No		Yes	0	0	0	0	25	96.03	0	25	0	0	0	5	0	0	0	0	
BERMUDA-3GB-15D	B0H6MDMTGH	B0H6MDMTGH	Bermuda eSIM 3GB 15Days	New	25.99	No		Yes	0	0	0	0	25	96.03	0	25	0	0	0	5	0	0	0	0	
BERMUDA-5GB-30D	B0H6MFM5X4	B0H6MFM5X4	Bermuda eSIM 5GB 30Days	New	33.99	No		Yes	0	0	0	0	25	96.03	0	25	0	0	0	5	0	0	0	0	
BE_20_30	B0FR9BVRCH	B0FR9BVRCH	Bélgica eSIM 20GB 30Days	New	19.83	No		Yes	0	0	0	0	30	96.03	5	25	0	0	0	5	0	0	0	0	
BE_3_15	B0FR9G432K	B0FR9G432K	Bélgica eSIM 3GB 15Days	New	7.48	No		Yes	0	0	0	0	30	96.03	5	25	0	0	0	5	0	0	0	0	
BE_5_30	B0FR9SXCW6	B0FR9SXCW6	Bélgica eSIM 5GB 30Days	New	8.64	No		Yes	0	0	0	0	30	96.03	5	25	0	0	0	5	0	0	0	0	
BHUTAN-20GB-30D	B0H6M5WDSH	B0H6M5WDSH	Bután eSIM 20GB 30Days	New	58.99	No		Yes	0	0	0	0	25	96.03	0	25	0	0	0	5	0	0	0	0	
BHUTAN-3GB-15D	B0H6MJB588	B0H6MJB588	Bután eSIM 3GB 15Days	New	17.99	No		Yes	0	0	0	0	25	96.03	0	25	0	0	0	5	0	0	0	0	
BHUTAN-5GB-30D	B0H6M9C23Q	B0H6M9C23Q	Bután eSIM 5GB 30Days	New	19.99	No		Yes	0	0	0	0	25	96.03	0	25	0	0	0	5	0	0	0	0	
BOLIVIA-20GB-30D	B0FR9RH588	B0FR9RH588	Bolivia eSIM 20GB 30Days	New	89.99	No		Yes	0	0	0	0	30	96.03	5	25	0	0	0	5	0	0	0	0	
BOLIVIA-3GB-15D	B0FR8FKPKH	B0FR8FKPKH	Bolivia eSIM 3GB 15Days	New	24.99	No		Yes	0	0	0	0	30	96.03	5	25	0	0	0	5	0	0	0	0	
BOSNIA-AND-HERZEGOVINA-3GB-15D	B0FR9G8ZVK	B0FR9G8ZVK	Bosnia y Herzegovina eSIM 3GB 15Days	New	11.99	No		Yes	0	0	0	0	30	169.44	5	25	0	0	4	1	0	0	0	0	
BOTSWANA-3GB-15D	B0FR9G7N2Q	B0FR9G7N2Q	Botswana eSIM 3GB 15Days	New	23.99	No		Yes	0	0	0	0	30	96.03	5	25	0	0	0	5	0	0	0	0	
BRAZIL-20GB-30D	B0FR9KLZCR	B0FR9KLZCR	Brasil eSIM 20GB 30Days	New	33.99	No		Yes	0	0	0	0	120	96.03	20	100	0	0	1	19	0	0	0	0	
BRAZIL-3GB-15D	B0FR9G5LKV	B0FR9G5LKV	Brasil eSIM 3GB 15Days	New	10.99	No		Yes	0	0	0	0	120	96.03	20	100	0	0	1	19	0	0	0	0	
BRUNEI-DARUSSALAM-20GB-30D	B0FR9F971C	B0FR9F971C	Brunei Darussalam eSIM 20GB 30Days	New	66.99	No		Yes	0	0	0	0	30	169.44	5	25	0	0	0	5	0	0	0	0	
BRUNEI-DARUSSALAM-3GB-15D	B0FR9KTJND	B0FR9KTJND	Brunei Darussalam eSIM 3GB 15Days	New	13.99	No		Yes	0	0	0	0	30	169.44	5	25	0	0	0	5	0	0	0	0	
BULGARIA-3GB-15D	B0H6MCT4Y5	B0H6MCT4Y5	Bulgaria eSIM 3GB 15Days	New	8.99	No		Yes	0	0	0	0	30	96.03	5	25	0	0	1	4	0	0	0	0	
BURKINA-FASO-3GB-15D	B0FR9HWFSK	B0FR9HWFSK	Burkina Faso eSIM 3GB 15Days	New	12.99	No		Yes	0	0	0	0	30	169.44	5	25	0	0	0	5	0	0	0	0	
BURKINA-FASO-5GB-30D	B0FR9BWKSY	B0FR9BWKSY	Burkina Faso eSIM 5GB 30Days	New	29.99	No		Yes	0	0	0	0	30	169.44	5	25	0	0	0	5	0	0	0	0	
CAMBODIA-20GB-30D	B0FR9GFJPL	B0FR9GFJPL	Camboya eSIM 20GB 30Days	New	26.99	No		Yes	0	0	0	0	30	96.03	5	25	0	0	2	3	0	0	0	0	
CAMBODIA-3GB-15D	B0FR8XKMJ4	B0FR8XKMJ4	Camboya eSIM 3GB 15Days	New	9.99	No		Yes	0	0	0	0	30	96.03	5	25	0	0	3	2	0	0	0	0	
CAMEROON-3GB-15D	B0FR9VJ1ZB	B0FR9VJ1ZB	Camerún eSIM 3GB 15Days	New	21.99	No		Yes	0	0	0	0	30	96.03	5	25	0	0	0	5	0	0	0	0	
CANADA-PREMIUM-20GB-30D	B0H6MJ9N4Y	B0H6MJ9N4Y	Canada eSIM 20GB 30Days Premium	New	29.99	No		Yes	0	0	0	0	100	96.03	0	100	0	0	0	20	0	0	0	0	
CANADA-PREMIUM-3GB-15D	B0H6MJ1HMJ	B0H6MJ1HMJ	Canada eSIM 3GB 15Days Premium	New	10.99	No		Yes	0	0	0	0	100	96.03	0	100	0	0	2	18	0	0	0	0	
CANADA-PREMIUM-5GB-30D	B0H6MPXGBN	B0H6MPXGBN	Canada eSIM 5GB 30Days Premium	New	15.99	No		Yes	0	0	0	0	100	96.03	0	100	0	0	0	20	0	0	0	0	
CAPE-VERDE-20GB-30D	B0H6M9VSPG	B0H6M9VSPG	Cabo Verde eSIM 20GB 30Days	New	163.99	No		Yes	0	0	0	0	25	96.03	0	25	0	0	0	5	0	0	0	0	
CAPE-VERDE-3GB-15D	B0H6M9R16H	B0H6M9R16H	Cabo Verde eSIM 3GB 15Days	New	32.99	No		Yes	0	0	0	0	25	96.03	0	25	0	0	2	3	0	0	0	0	
CAPE-VERDE-5GB-30D	B0H6MFG453	B0H6MFG453	Cabo Verde eSIM 5GB 30Days	New	54.99	No		Yes	0	0	0	0	25	96.03	0	25	0	0	0	5	0	0	0	0	
CAYMAN-ISLANDS-20GB-30D	B0H6MGXYNS	B0H6MGXYNS	Islas Caimán eSIM 20GB 30Days	New	95.99	No		Yes	0	0	0	0	25	96.03	0	25	0	0	0	5	0	0	0	0	
CAYMAN-ISLANDS-3GB-15D	B0H6MLHBD7	B0H6MLHBD7	Islas Caimán eSIM 3GB 15Days	New	26.99	No		Yes	0	0	0	0	25	96.03	0	25	0	0	0	5	0	0	0	0	
CAYMAN-ISLANDS-5GB-30D	B0H6M55MKK	B0H6M55MKK	Islas Caimán eSIM 5GB 30Days	New	35.99	No		Yes	0	0	0	0	25	96.03	0	25	0	0	0	5	0	0	0	0	
CENTRAL-AFRICAN-REPUBLIC-3GB-15D	B0FR9RK8FP	B0FR9RK8FP	República Centroafricana eSIM 3GB 15Days	New	21.99	No		Yes	0	0	0	0	30	96.03	5	25	0	0	0	5	0	0	0	0	
CENTRAL-AFRICAN-REPUBLIC-5GB-30D	B0FR9R3NMC	B0FR9R3NMC	República Centroafricana eSIM 5GB 30Days	New	33.99	No		Yes	0	0	0	0	30	96.03	5	25	0	0	0	5	0	0	0	0	
CHAD-3GB-15D	B0FR9SG4MK	B0FR9SG4MK	Chad eSIM 3GB 15Days	New	17.99	No		Yes	0	0	0	0	30	96.03	5	25	0	0	0	5	0	0	0	0	
CHAD-5GB-30D	B0FR9L414C	B0FR9L414C	Chad eSIM 5GB 30Days	New	28.99	No		Yes	0	0	0	0	30	96.03	5	25	0	0	0	5	0	0	0	0	
CHILE-3GB-15D	B0FR9RY1RT	B0FR9RY1RT	Chile eSIM 3GB 15Days	New	14.99	No		Yes	0	0	0	0	30	96.03	5	25	0	0	5	0	0	0	0	0	
CHINA-20GB-30D	B0FR9GD6X9	B0FR9GD6X9	China eSIM 20GB 30Days	New	18.99	No		Yes	0	0	0	0	30	96.03	5	25	0	0	5	0	0	0	0	0	
CHINA-3GB-15D	B0FR9QZ578	B0FR9QZ578	China eSIM 3GB 15Days	New	8.99	No		Yes	0	0	0	0	30	96.03	5	25	0	0	1	4	0	0	0	0	
CHINA-5GB-30D	B0FR9HX7XH	B0FR9HX7XH	China eSIM 5GB 30Days	New	9.99	No		Yes	0	0	0	0	30	96.03	5	25	0	0	0	5	0	0	0	0	
CH_20_30	B0FRB6VY7S	B0FRB6VY7S	Suiza eSIM 20GB 30Days	New	16.76	No		Yes	0	0	0	0	100	96.03	0	100	0	0	20	0	0	0	0	0	
CH_3_15	B0FRB5LFVC	B0FRB5LFVC	Suiza eSIM 3GB 15Days	New	6.33	No		Yes	0	0	0	0	100	96.03	0	100	0	0	6	14	0	0	0	0	
CH_5_30	B0FRB7G4VW	B0FRB7G4VW	Suiza eSIM 5GB 30Days	New	8.64	No		Yes	0	0	0	0	100	96.03	0	100	0	0	8	12	0	0	0	0	
CN_20_30	B0FR9GD6X9	B0FR9GD6X9	China eSIM 20GB 30Days	New	19.83	No		Yes	0	0	0	0	30	96.03	5	25	0	0	5	0	0	0	0	0	
CN_3_15	B0FR9QZ578	B0FR9QZ578	China eSIM 3GB 15Days	New	7.48	No		Yes	0	0	0	0	30	96.03	5	25	0	0	1	4	0	0	0	0	
CN_5_30	B0FR9HX7XH	B0FR9HX7XH	China eSIM 5GB 30Days	New	9.80	No		Yes	0	0	0	0	30	96.03	5	25	0	0	0	5	0	0	0	0	
COLOMBIA-3GB-15D	B0FR9RL8W5	B0FR9RL8W5	Colombia eSIM 3GB 15Days	New	14.99	No		Yes	0	0	0	0	30	96.03	5	25	0	0	2	3	0	0	0	0	
COSTA-RICA-3GB-15D	B0FR9LNRMN	B0FR9LNRMN	Costa Rica eSIM 3GB 15Days	New	15.99	No		Yes	0	0	0	0	30	96.03	5	25	0	0	4	1	0	0	0	0	
COTE-D-IVOIRE-3GB-15D	B0FR9HW9DJ	B0FR9HW9DJ	Costa de Marfil eSIM 3GB 15Days	New	24.99	No		Yes	0	0	0	0	30	169.44	5	25	0	0	1	4	0	0	0	0	
COTE-D-IVOIRE-5GB-30D	B0FR9V5LYJ	B0FR9V5LYJ	Costa de Marfil eSIM 5GB 30Days	New	31.99	No		Yes	0	0	0	0	30	169.44	5	25	0	0	0	5	0	0	0	0	
CROATIA-20GB-30D	B0FR9TYCSL	B0FR9TYCSL	Croacia eSIM 20GB 30Days	New	17.99	No		Yes	0	0	0	0	120	96.03	20	100	0	0	4	16	0	0	0	0	
CROATIA-3GB-15D	B0FR9GDKT1	B0FR9GDKT1	Croacia eSIM 3GB 15Days	New	8.99	No		Yes	0	0	0	0	120	96.03	20	100	0	0	1	19	0	0	0	0	
CROATIA-5GB-30D	B0FR9BVV58	B0FR9BVV58	Croacia eSIM 5GB 30Days	New	9.99	No		Yes	0	0	0	0	120	96.03	20	100	0	0	1	19	0	0	0	0	
CURACAO-20GB-30D	B0H6MF51WH	B0H6MF51WH	Curazao eSIM 20GB 30Days	New	79.99	No		Yes	0	0	0	0	25	96.03	0	25	0	0	0	5	0	0	0	0	
CURACAO-3GB-15D	B0H6M81JPM	B0H6M81JPM	Curazao eSIM 3GB 15Days	New	22.99	No		Yes	0	0	0	0	25	96.03	0	25	0	0	0	5	0	0	0	0	
CURACAO-5GB-30D	B0H6MGZLBC	B0H6MGZLBC	Curazao eSIM 5GB 30Days	New	29.99	No		Yes	0	0	0	0	25	96.03	0	25	0	0	0	5	0	0	0	0	
CYPRUS-3GB-15D	B0FR8XJWWG	B0FR8XJWWG	Chipre eSIM 3GB 15Days	New	8.99	No		Yes	0	0	0	0	120	96.03	20	100	0	0	0	20	0	0	0	0	
CYPRUS-5GB-30D	B0FR8XHWZV	B0FR8XHWZV	Chipre eSIM 5GB 30Days	New	9.99	No		Yes	0	0	0	0	120	96.03	20	100	0	0	0	20	0	0	0	0	
CZECH-REPUBLIC-20GB-30D	B0FR9SVN9H	B0FR9SVN9H	República Checa eSIM 20GB 30Days	New	17.99	No		Yes	0	0	0	0	30	96.03	5	25	0	0	0	5	0	0	0	0	
CZECH-REPUBLIC-3GB-15D	B0FR9SB2Q3	B0FR9SB2Q3	República Checa eSIM 3GB 15Days	New	8.99	No		Yes	0	0	0	0	30	96.03	5	25	0	0	0	2	0	0	0	0	
CZECH-REPUBLIC-5GB-30D	B0FR9BY2LF	B0FR9BY2LF	República Checa eSIM 5GB 30Days	New	9.99	No		Yes	0	0	0	0	30	96.03	5	25	0	0	1	4	0	0	0	0	
DEMOCRATIC-REPUBLIC-OF-THE-CONGO-3GB-15D	B0H6LZL22Y	B0H6LZL22Y	República Democrática del Congo eSIM 3GB 15Days	New	14.99	No		Yes	0	0	0	0	25	96.03	0	25	0	0	0	5	0	0	0	0	
DEMOCRATIC-REPUBLIC-OF-THE-CONGO-5GB-30D	B0H6M6L8Z8	B0H6M6L8Z8	República Democrática del Congo eSIM 5GB 30Days	New	22.99	No		Yes	0	0	0	0	25	96.03	0	25	0	0	0	5	0	0	0	0	
DENMARK-20GB-30D	B0FR9QPF45	B0FR9QPF45	Dinamarca eSIM 20GB 30Days	New	15.99	No		Yes	0	0	0	0	30	96.03	5	25	0	0	4	1	0	0	0	0	
DENMARK-3GB-15D	B0FR9GSNP4	B0FR9GSNP4	Dinamarca eSIM 3GB 15Days	New	8.99	No		Yes	0	0	0	0	30	96.03	5	25	0	0	0	5	0	0	0	0	
DENMARK-5GB-30D	B0FR8XQYR4	B0FR8XQYR4	Dinamarca eSIM 5GB 30Days	New	9.99	No		Yes	0	0	0	0	30	96.03	5	25	0	0	0	5	0	0	0	0	
DE_20_30	B0GSZP9H94	B0GSZP9H94	Alemania eSIM 20GB 30Days	New	32.52	No		Yes	0	0	0	0	100	96.03	0	100	0	0	6	14	0	0	0	0	
DE_3_15	B0GSZBMLKV	B0GSZBMLKV	Alemania eSIM 3GB 15Days	New	9.93	No		Yes	0	0	0	0	100	181.08	0	100	0	0	0	20	0	0	0	0	
DE_5_30	B0GSZDYWLZ	B0GSZDYWLZ	Alemania eSIM 5GB 30Days	New	11.66	No		Yes	0	0	0	0	100	96.03	0	100	0	0	0	20	0	0	0	0	
DOMINICA-20GB-30D	B0H6MK8XTJ	B0H6MK8XTJ	Dominica eSIM 20GB 30Days	New	87.99	No		Yes	0	0	0	0	101	96.03	0	101	0	0	0	20	0	0	0	0	
DOMINICA-3GB-15D	B0H6M9H54M	B0H6M9H54M	Dominica eSIM 3GB 15Days	New	24.99	No		Yes	0	0	0	0	100	96.03	0	100	0	0	0	20	0	0	0	0	
DOMINICA-5GB-30D	B0H6M5HR32	B0H6M5HR32	Dominica eSIM 5GB 30Days	New	32.99	No		Yes	0	0	0	0	100	96.03	0	100	0	0	0	20	0	0	0	0	
DOMINICAN-REPUBLIC-20GB-30D	B0FR9C6DJF	B0FR9C6DJF	República Dominicana eSIM 20GB 30Days	New	39.99	No		Yes	0	0	0	0	120	96.03	20	100	0	0	4	16	0	0	0	0	
DOMINICAN-REPUBLIC-3GB-15D	B0FR9GSKZF	B0FR9GSKZF	República Dominicana eSIM 3GB 15Days	New	12.99	No		Yes	0	0	0	0	120	96.03	20	100	0	0	0	20	0	0	0	0	
DOMINICAN-REPUBLIC-5GB-30D	B0FR9GQKCM	B0FR9GQKCM	República Dominicana eSIM 5GB 30Days	New	15.99	No		Yes	0	0	0	0	120	96.03	20	100	0	0	2	18	0	0	0	0	
DRC-20GB-30D	B0H6MZWFM7	B0H6MZWFM7	República Democrática del Congo eSIM 20GB 30Days	New	59.99	No		Yes	0	0	0	0	25	96.03	0	25	0	0	0	5	0	0	0	0	
ECUADOR-3GB-15D	B0FR9RM6MP	B0FR9RM6MP	Ecuador eSIM 3GB 15Days	New	14.99	No		Yes	0	0	0	0	30	96.03	5	25	0	0	1	4	0	0	0	0	
EGYPT-20GB-30D	B0FR9GQBGL	B0FR9GQBGL	Egipto eSIM 20GB 30Days	New	29.99	No		Yes	0	0	0	0	120	96.03	20	100	0	0	8	12	0	0	0	0	
EGYPT-3GB-15D	B0FR9C784N	B0FR9C784N	Egipto eSIM 3GB 15Days	New	10.99	No		Yes	0	0	0	0	120	96.03	20	100	0	0	0	20	0	0	0	0	
EGYPT-5GB-30D	B0FR9LR5KJ	B0FR9LR5KJ	Egipto eSIM 5GB 30Days	New	15.99	No		Yes	0	0	0	0	120	96.03	20	100	0	0	17	3	0	0	0	0	
EG_20_30	B0FR9GQBGL	B0FR9GQBGL	Egipto eSIM 20GB 30Days	New	35.53	No		Yes	0	0	0	0	120	96.03	20	100	0	0	8	12	0	0	0	0	
EG_3_15	B0FR9C784N	B0FR9C784N	Egipto eSIM 3GB 15Days	New	10.96	No		Yes	0	0	0	0	120	96.03	20	100	0	0	0	20	0	0	0	0	
EL-SALVADOR-3GB-15D	B0FR9LJ7X4	B0FR9LJ7X4	El Salvador eSIM 3GB 15Days	New	17.99	No		Yes	0	0	0	0	30	96.03	5	25	0	0	0	5	0	0	0	0	
ESTONIA-20GB-30D	B0FR9L527N	B0FR9L527N	Estonia eSIM 20GB 30Days	New	15.99	No		Yes	0	0	0	0	30	169.44	5	25	0	0	0	5	0	0	0	0	
ESTONIA-3GB-15D	B0FR9GST1S	B0FR9GST1S	Estonia eSIM 3GB 15Days	New	8.99	No		Yes	0	0	0	0	30	169.44	5	25	0	0	1	4	0	0	0	0	
ESTONIA-5GB-30D	B0FR9GQYKB	B0FR9GQYKB	Estonia eSIM 5GB 30Days	New	9.99	No		Yes	0	0	0	0	30	169.44	5	25	0	0	0	5	0	0	0	0	
ES_20_30	B0FRCMPGPL	B0FRCMPGPL	España eSIM 20GB 30Days	New	17.92	No		Yes	0	0	0	0	99	96.03	0	99	0	0	20	0	0	0	0	0	
ES_3_15	B0FRCDHTZ7	B0FRCDHTZ7	España eSIM 3GB 15Days	New	7.48	No		Yes	0	0	0	0	100	181.08	0	100	0	0	0	20	0	0	0	0	
ES_5_30	B0FRBQCLZN	B0FRBQCLZN	España eSIM 5GB 30Days	New	9.80	No		Yes	0	0	0	0	100	181.08	0	100	0	0	0	20	0	0	0	0	
EUROPE-40-AREAS-20GB-30D	B0FR9TNPV3	B0FR9TNPV3	Europa (más de 40 áreas) eSIM 20 GB 30 días	New	19.99	No		Yes	0	0	0	0	30	96.03	5	25	0	0	5	0	0	0	0	0	
EUROPE-40-AREAS-5GB-30D	B0FR9RYSSS	B0FR9RYSSS	Europa (más de 40 áreas) eSIM 5GB 30Days	New	9.99	No		Yes	0	0	0	0	30	96.03	5	25	0	0	1	4	0	0	0	0	
FAROE-ISLANDS-20GB-30D	B0H6MB82ZV	B0H6MB82ZV	Islas Feroe eSIM 20GB 30Days	New	29.99	No		Yes	0	0	0	0	25	96.03	0	25	0	0	0	5	0	0	0	0	
FAROE-ISLANDS-3GB-15D	B0H6ML935Q	B0H6ML935Q	Islas Feroe eSIM 3GB 15Days	New	9.99	No		Yes	0	0	0	0	25	96.03	0	25	0	0	0	5	0	0	0	0	
FAROE-ISLANDS-5GB-30D	B0H6MF2TVH	B0H6MF2TVH	Islas Feroe eSIM 5GB 30Days	New	11.99	No		Yes	0	0	0	0	25	96.03	0	25	0	0	0	5	0	0	0	0	
FIJI-20GB-30D	B0H6MGBL3N	B0H6MGBL3N	Fiji eSIM 20GB 30Days	New	40.99	No		Yes	0	0	0	0	25	96.03	0	25	0	0	0	5	0	0	0	0	
FIJI-3GB-15D	B0H6MFLWYD	B0H6MFLWYD	Fiji eSIM 3GB 15Days	New	12.99	No		Yes	0	0	0	0	25	96.03	0	25	0	0	0	5	0	0	0	0	
FIJI-5GB-30D	B0H6MJ7GS6	B0H6MJ7GS6	Fiji eSIM 5GB 30Days	New	14.99	No		Yes	0	0	0	0	25	96.03	0	25	0	0	0	5	0	0	0	0	
FINLAND-3GB-15D	B0FR9GSND6	B0FR9GSND6	Finlandia eSIM 3GB 15Days	New	8.99	No		Yes	0	0	0	0	30	96.03	5	25	0	0	0	5	0	0	0	0	
FINLAND-5GB-30D	B0FR9SB3BJ	B0FR9SB3BJ	Finlandia eSIM 5GB 30Days	New	9.99	No		Yes	0	0	0	0	30	96.03	5	25	0	0	1	4	0	0	0	0	
FRANCE-20GB-30D	B0FR9GPMC5	B0FR9GPMC5	Francia eSIM 20GB 30Days	New	15.99	No		Yes	0	0	0	0	120	96.03	20	100	0	0	0	20	0	0	0	0	
FRANCE-3GB-15D	B0FR9C5ZB6	B0FR9C5ZB6	Francia eSIM 3GB 15Days	New	8.99	No		Yes	0	0	0	0	120	515.21	20	100	0	0	0	20	0	0	0	0	
FRANCE-5GB-30D	B0FR9LMDW5	B0FR9LMDW5	Francia eSIM 5GB 30Days	New	9.99	No		Yes	0	0	0	0	120	232.86	20	100	0	0	0	20	0	0	0	0	
FRENCH-GUIANA-20GB-30D	B0H6MDNXJJ	B0H6MDNXJJ	Guayana Francesa eSIM 20GB 30Days	New	17.99	No		Yes	0	0	0	0	25	96.03	0	25	0	0	1	4	0	0	0	0	
FRENCH-GUIANA-3GB-15D	B0H6MFD6Z3	B0H6MFD6Z3	Guayana Francesa eSIM 3GB 15Days	New	8.99	No		Yes	0	0	0	0	25	96.03	0	25	0	0	0	5	0	0	0	0	
FRENCH-GUIANA-5GB-30D	B0H6MGC352	B0H6MGC352	Guayana Francesa eSIM 5GB 30Days	New	9.99	No		Yes	0	0	0	0	25	96.03	0	25	0	0	0	5	0	0	0	0	
FRENCH-POLYNESIA-20GB-30D	B0H6M59GH9	B0H6M59GH9	Polinesia Francesa eSIM 20GB 30Days	New	242.99	No		Yes	0	0	0	0	25	96.03	0	25	0	0	0	5	0	0	0	0	
FRENCH-POLYNESIA-3GB-15D	B0H6MF6GHP	B0H6MF6GHP	Polinesia Francesa eSIM 3GB 15Days	New	47.99	No		Yes	0	0	0	0	25	96.03	0	25	0	0	0	5	0	0	0	0	
FRENCH-POLYNESIA-5GB-30D	B0H6MD2GXY	B0H6MD2GXY	Polinesia Francesa eSIM 5GB 30Days	New	66.99	No		Yes	0	0	0	0	25	96.03	0	25	0	0	0	5	0	0	0	0	
FR_20_30	B0FR9GPMC5	B0FR9GPMC5	Francia eSIM 20GB 30Days	New	23.30	No		Yes	0	0	0	0	120	96.03	20	100	0	0	0	20	0	0	0	0	
FR_3_15	B0FR9C5ZB6	B0FR9C5ZB6	Francia eSIM 3GB 15Days	New	8.64	No		Yes	0	0	0	0	120	515.21	20	100	0	0	0	20	0	0	0	0	
FR_5_30	B0FR9LMDW5	B0FR9LMDW5	Francia eSIM 5GB 30Days	New	10.96	No		Yes	0	0	0	0	120	232.86	20	100	0	0	0	20	0	0	0	0	
GABON-3GB-15D	B0FR9GPX9T	B0FR9GPX9T	Gabón eSIM 3GB 15Days	New	17.99	No		Yes	0	0	0	0	30	96.03	5	25	0	0	0	5	0	0	0	0	
GAMBIA-3GB-15D	B0H2FTMBBQ	B0H2FTMBBQ	Gambia eSIM 3GB 15Days	New	35.99	No		Yes	0	0	0	0	25	96.03	0	25	0	0	0	5	0	0	0	0	
GAMBIA-5GB-30D	B0H2FQ3QJ9	B0H2FQ3QJ9	Gambia eSIM 5GB 30Days	New	57.99	No		Yes	0	0	0	0	25	96.03	0	25	0	0	0	5	0	0	0	0	
GB_20_30	B0FRDGCBTN	B0FRDGCBTN	Reino Unido eSIM 20GB 30Days	New	16.88	No		Yes	0	0	0	0	80	169.44	0	80	0	0	0	20	0	0	0	0	
GB_3_15	B0FRCPD8TS	B0FRCPD8TS	Reino Unido eSIM 3GB 15Days	New	5.15	No		Yes	0	0	0	0	81	169.44	0	81	0	0	0	20	0	0	0	0	
GB_5_30	B0FRDDRGJF	B0FRDDRGJF	Reino Unido eSIM 5GB 30Days	New	6.33	No		Yes	0	0	0	0	80	169.44	0	80	0	0	0	20	0	0	0	0	
GEORGIA-20GB-30D	B0FR9C73NK	B0FR9C73NK	Georgia eSIM 20GB 30Days	New	25.99	No		Yes	0	0	0	0	30	96.03	5	25	0	0	3	2	0	0	0	0	
GEORGIA-3GB-15D	B0FR9KMX2N	B0FR9KMX2N	Georgia eSIM 3GB 15Days	New	9.99	No		Yes	0	0	0	0	30	96.03	5	25	0	0	4	1	0	0	0	0	
GERMANY-20GB-30D	B0GSZP9H94	B0GSZP9H94	Alemania eSIM 20GB 30Days	New	15.99	No		Yes	0	0	0	0	100	96.03	0	100	0	0	6	14	0	0	0	0	
GERMANY-3GB-15D	B0GSZBMLKV	B0GSZBMLKV	Alemania eSIM 3GB 15Days	New	8.99	No		Yes	0	0	0	0	100	181.08	0	100	0	0	0	20	0	0	0	0	
GERMANY-5GB-30D	B0GSZDYWLZ	B0GSZDYWLZ	Alemania eSIM 5GB 30Days	New	9.99	No		Yes	0	0	0	0	100	96.03	0	100	0	0	0	20	0	0	0	0	
GHANA-20GB-30D	B0H6M9CG3G	B0H6M9CG3G	Ghana eSIM 20GB 30Days	New	40.99	No		Yes	0	0	0	0	25	96.03	0	25	0	0	0	5	0	0	0	0	
GHANA-3GB-15D	B0H6M7CH6H	B0H6M7CH6H	Ghana eSIM 3GB 15Days	New	12.99	No		Yes	0	0	0	0	25	96.03	0	25	0	0	0	5	0	0	0	0	
GHANA-5GB-30D	B0H6MD48NZ	B0H6MD48NZ	Ghana eSIM 5GB 30Days	New	14.99	No		Yes	0	0	0	0	25	96.03	0	25	0	0	0	5	0	0	0	0	
GIBRALTAR-3GB-15D	B0FR8XSPMC	B0FR8XSPMC	Gibraltar eSIM 3GB 15Days	New	8.99	No		Yes	0	0	0	0	30	96.03	5	25	0	0	0	5	0	0	0	0	
GLOBAL139-5GB-30D	B0FR9VNTLY	B0FR9VNTLY	Global139 eSIM 5GB 30Days	New	42.99	No		Yes	0	0	0	0	30	96.03	5	25	0	0	5	0	0	0	0	0	
GREECE-20GB-30D	B0FR9KJGBG	B0FR9KJGBG	Grecia eSIM 20GB 30Days	New	17.99	No		Yes	0	0	0	0	120	96.03	20	100	0	0	0	20	0	0	0	0	
GREECE-3GB-15D	B0FR9L85F6	B0FR9L85F6	Grecia eSIM 3GB 15Days	New	8.99	No		Yes	0	0	0	0	120	206.97	20	100	0	0	0	20	0	0	0	0	
GREECE-5GB-30D	B0FR9C7SMF	B0FR9C7SMF	Grecia eSIM 5GB 30Days	New	9.99	No		Yes	0	0	0	0	120	258.75	20	100	0	0	0	20	0	0	0	0	
GREENLAND-20GB-30D	B0H6MBT3TW	B0H6MBT3TW	Groenlandia eSIM 20GB 30Days	New	113.99	No		Yes	0	0	0	0	25	96.03	0	25	0	0	0	5	0	0	0	0	
GREENLAND-3GB-15D	B0H6MLNBK2	B0H6MLNBK2	Groenlandia eSIM 3GB 15Days	New	28.99	No		Yes	0	0	0	0	25	96.03	0	25	0	0	1	4	0	0	0	0	
GREENLAND-5GB-30D	B0H6MFMLK9	B0H6MFMLK9	Groenlandia eSIM 5GB 30Days	New	37.99	No		Yes	0	0	0	0	25	96.03	0	25	0	0	1	4	0	0	0	0	
GRENADA-20GB-30D	B0H6MGRF37	B0H6MGRF37	Grenada eSIM 20GB 30Days	New	103.99	No		Yes	0	0	0	0	25	96.03	0	25	0	0	0	5	0	0	0	0	
GRENADA-3GB-15D	B0H6M8K37V	B0H6M8K37V	Grenada eSIM 3GB 15Days	New	29.99	No		Yes	0	0	0	0	25	96.03	0	25	0	0	0	5	0	0	0	0	
GRENADA-5GB-30D	B0H6MLJR6Z	B0H6MLJR6Z	Grenada eSIM 5GB 30Days	New	38.99	No		Yes	0	0	0	0	25	96.03	0	25	0	0	0	5	0	0	0	0	
GR_20_30	B0FR9KJGBG	B0FR9KJGBG	Grecia eSIM 20GB 30Days	New	19.83	No		Yes	0	0	0	0	120	96.03	20	100	0	0	0	20	0	0	0	0	
GR_3_15	B0FR9L85F6	B0FR9L85F6	Grecia eSIM 3GB 15Days	New	6.33	No		Yes	0	0	0	0	120	206.97	20	100	0	0	0	20	0	0	0	0	
GR_5_30	B0FR9C7SMF	B0FR9C7SMF	Grecia eSIM 5GB 30Days	New	5.74	No		Yes	0	0	0	0	120	258.75	20	100	0	0	0	20	0	0	0	0	
GUADELOUPE-20GB-30D	B0FR8XTBF6	B0FR8XTBF6	Guadalupe eSIM 20GB 30Days	New	17.99	No		Yes	0	0	0	0	30	169.44	5	25	0	0	0	5	0	0	0	0	
GUADELOUPE-3GB-15D	B0FR9TMVWK	B0FR9TMVWK	Guadalupe eSIM 3GB 15Days	New	8.99	No		Yes	0	0	0	0	30	169.44	5	25	0	0	0	5	0	0	0	0	
GUAM-20GB-30D	B0FR9C7MGP	B0FR9C7MGP	Guam eSIM 20GB 30Days	New	58.99	No		Yes	0	0	0	0	30	96.03	5	25	0	0	0	5	0	0	0	0	
GUAM-3GB-15D	B0FR9GVSSF	B0FR9GVSSF	Guam eSIM 3GB 15Days	New	17.99	No		Yes	0	0	0	0	30	96.03	5	25	0	0	0	5	0	0	0	0	
GUAM-5GB-30D	B0FR9SVP8Y	B0FR9SVP8Y	Guam eSIM 5GB 30Days	New	19.99	No		Yes	0	0	0	0	30	96.03	5	25	0	0	0	5	0	0	0	0	
GUATEMALA-3GB-15D	B0FR9VC6VD	B0FR9VC6VD	Guatemala eSIM 3GB 15Days	New	16.99	No		Yes	0	0	0	0	30	96.03	5	25	0	0	0	5	0	0	0	0	
GUERNSEY-20GB-30D	B0FR9LYWWY	B0FR9LYWWY	Guernsey eSIM 20GB 30Days	New	47.99	No		Yes	0	0	0	0	30	169.44	5	25	0	0	0	5	0	0	0	0	
GUERNSEY-3GB-15D	B0FR9SMWDN	B0FR9SMWDN	Guernsey eSIM 3GB 15Days	New	14.99	No		Yes	0	0	0	0	30	169.44	5	25	0	0	0	5	0	0	0	0	
GUERNSEY-5GB-30D	B0FR9C5PXR	B0FR9C5PXR	Guernsey eSIM 5GB 30Days	New	21.99	No		Yes	0	0	0	0	30	169.44	5	25	0	0	0	5	0	0	0	0	
GUINEA-20GB-30D	B0H6M7VHYP	B0H6M7VHYP	Guinea eSIM 20GB 30Days	New	82.99	No		Yes	0	0	0	0	25	96.03	0	25	0	0	0	2	0	0	0	0	
GUINEA-3GB-15D	B0H6MGZTF1	B0H6MGZTF1	Guinea eSIM 3GB 15Days	New	21.99	No		Yes	0	0	0	0	25	96.03	0	25	0	0	0	5	0	0	0	0	
GUINEA-5GB-30D	B0H6MFTVX6	B0H6MFTVX6	Guinea eSIM 5GB 30Days	New	33.99	No		Yes	0	0	0	0	25	96.03	0	25	0	0	0	5	0	0	0	0	
GUINEA-BISSAU-20GB-30D	B0H6MF1JJS	B0H6MF1JJS	Guinea-Bissau eSIM 20GB 30Days	New	81.99	No		Yes	0	0	0	0	25	96.03	0	25	0	0	0	5	0	0	0	0	
GUINEA-BISSAU-3GB-15D	B0H6MG6X8D	B0H6MG6X8D	Guinea-Bissau eSIM 3GB 15Days	New	21.99	No		Yes	0	0	0	0	25	96.03	0	25	0	0	0	5	0	0	0	0	
GUINEA-BISSAU-5GB-30D	B0H6MCJ4Y9	B0H6MCJ4Y9	Guinea-Bissau eSIM 5GB 30Days	New	33.99	No		Yes	0	0	0	0	25	96.03	0	25	0	0	0	5	0	0	0	0	
GUYANA-20GB-30D	B0H6MD1PB7	B0H6MD1PB7	Guyana eSIM 20GB 30Days	New	90.99	No		Yes	0	0	0	0	25	96.03	0	25	0	0	0	5	0	0	0	0	
GUYANA-3GB-15D	B0H6MCG586	B0H6MCG586	Guyana eSIM 3GB 15Days	New	20.99	No		Yes	0	0	0	0	25	96.03	0	25	0	0	0	5	0	0	0	0	
GUYANA-5GB-30D	B0H6MB3FHF	B0H6MB3FHF	Guyana eSIM 5GB 30Days	New	32.99	No		Yes	0	0	0	0	25	96.03	0	25	0	0	0	5	0	0	0	0	
HAITI-20GB-30D	B0H6MBNF3Y	B0H6MBNF3Y	Haití eSIM 20GB 30Days	New	149.99	No		Yes	0	0	0	0	25	96.03	0	25	0	0	0	5	0	0	0	0	
HAITI-3GB-15D	B0H6M9YTL4	B0H6M9YTL4	Haití eSIM 3GB 15Days	New	29.99	No		Yes	0	0	0	0	25	96.03	0	25	0	0	0	5	0	0	0	0	
HAITI-5GB-30D	B0H6MDHPCV	B0H6MDHPCV	Haití eSIM 5GB 30Days	New	49.99	No		Yes	0	0	0	0	25	96.03	0	25	0	0	0	5	0	0	0	0	
HAJJ-LUX-10GB-30D	X002NMSKBR	B0H3L75HDS	Paquete Hajjj Luxury 10GB 30 Days eSIM | Guía de Viaje de Lujo Hajj + Guías de Viaje de Arabia Saudita | 3G/4G/5G	New	71.99	No		Yes	0	0	0	0	0	96.03	0	0	0		0	0	0	0	0	0	
HK_20_30	B0FR9GXZ6F	B0FR9GXZ6F	Hong Kong eSIM 20GB 30Days	New	21.51	No		Yes	0	0	0	0	30	96.03	5	25	0	0	4	1	0	0	0	0	
HK_3_15	B0FR9CC6Q8	B0FR9CC6Q8	Hong Kong eSIM 3GB 15Days	New	9.92	No		Yes	0	0	0	0	30	96.03	5	25	0	0	0	5	0	0	0	0	
HK_5_30	B0FR9GXYYL	B0FR9GXYYL	Hong Kong eSIM 5GB 30Days	New	6.45	No		Yes	0	0	0	0	30	96.03	5	25	0	0	0	5	0	0	0	0	
HONDURAS-3GB-15D	B0FR9ZYV5G	B0FR9ZYV5G	Honduras eSIM 3GB 15Days	New	14.99	No		Yes	0	0	0	0	30	169.44	5	25	0	0	0	5	0	0	0	0	
HONG-KONG-20GB-30D	B0FR9GXZ6F	B0FR9GXZ6F	Hong Kong eSIM 20GB 30Days	New	15.99	No		Yes	0	0	0	0	30	96.03	5	25	0	0	4	1	0	0	0	0	
HONG-KONG-3GB-15D	B0FR9CC6Q8	B0FR9CC6Q8	Hong Kong eSIM 3GB 15Days	New	8.99	No		Yes	0	0	0	0	30	96.03	5	25	0	0	0	5	0	0	0	0	
HONG-KONG-5GB-30D	B0FR9GXYYL	B0FR9GXYYL	Hong Kong eSIM 5GB 30Days	New	9.99	No		Yes	0	0	0	0	30	96.03	5	25	0	0	0	5	0	0	0	0	
HUNGARY-20GB-30D	B0FR9ZVYYQ	B0FR9ZVYYQ	Hungría eSIM 20GB 30Days	New	15.99	No		Yes	0	0	0	0	30	96.03	5	25	0	0	0	5	0	0	0	0	
HUNGARY-3GB-15D	B0FR9C9JVW	B0FR9C9JVW	Hungría eSIM 3GB 15Days	New	8.99	No		Yes	0	0	0	0	30	96.03	5	25	0	0	1	4	0	0	0	0	
HUNGARY-5GB-30D	B0FR9GY3R5	B0FR9GY3R5	Hungría eSIM 5GB 30Days	New	9.99	No		Yes	0	0	0	0	30	96.03	5	25	0	0	0	5	0	0	0	0	
ICELAND-20GB-30D	B0FR9GX6LF	B0FR9GX6LF	Islandia eSIM 20GB 30Days	New	17.99	No		Yes	0	0	0	0	30	96.03	5	25	0	0	2	3	0	0	0	0	
ICELAND-3GB-15D	B0FR9TBBK1	B0FR9TBBK1	Islandia eSIM 3GB 15Days	New	8.99	No		Yes	0	0	0	0	30	96.03	5	25	0	0	0	5	0	0	0	0	
ICELAND-5GB-30D	B0FR9ZWQBD	B0FR9ZWQBD	Islandia eSIM 5GB 30Days	New	9.99	No		Yes	0	0	0	0	30	96.03	5	25	0	0	0	5	0	0	0	0	
ID_20_30	B0FR9QXRDQ	B0FR9QXRDQ	Indonesia eSIM 20GB 30Days	New	16.76	No		Yes	0	0	0	0	120	96.03	20	100	0	0	1	19	0	0	0	0	
ID_3_15	B0FR9T6QPZ	B0FR9T6QPZ	Indonesia eSIM 3GB 15Days	New	6.33	No		Yes	0	0	0	0	120	96.03	20	100	0	0	0	20	0	0	0	0	
ID_5_30	B0FR8XW5DR	B0FR8XW5DR	Indonesia eSIM 5GB 30Days	New	4.59	No		Yes	0	0	0	0	120	96.03	20	100	0	0	0	20	0	0	0	0	
IE_20_30	B0FR9SZG2Z	B0FR9SZG2Z	Irlanda eSIM 20GB 30Days	New	17.92	No		Yes	0	0	0	0	120	96.03	20	100	0	0	1	19	0	0	0	0	
IE_3_15	B0FR8XV57F	B0FR8XV57F	Irlanda eSIM 3GB 15Days	New	6.33	No		Yes	0	0	0	0	120	96.03	20	100	0	0	0	20	0	0	0	0	
IE_5_30	B0FR9GYKQL	B0FR9GYKQL	Irlanda eSIM 5GB 30Days	New	5.74	No		Yes	0	0	0	0	120	96.03	20	100	0	0	0	20	0	0	0	0	
INDIA-20GB-30D	B0FR9DYMHX	B0FR9DYMHX	India eSIM 20GB 30Days	New	42.99	No		Yes	0	0	0	0	30	96.03	5	25	0	0	2	3	0	0	0	0	
INDIA-3GB-15D	B0FR9ZM116	B0FR9ZM116	India eSIM 3GB 15Days	New	14.99	No		Yes	0	0	0	0	120	129.95	20	100	0	0	0	20	0	0	0	0	
INDIA-5GB-30D	B0FR9GXWN9	B0FR9GXWN9	India eSIM 5GB 30Days	New	15.99	No		Yes	0	0	0	0	120	96.03	20	100	0	0	0	20	0	0	0	0	
INDONESIA-20GB-30D	B0FR9QXRDQ	B0FR9QXRDQ	Indonesia eSIM 20GB 30Days	New	15.99	No		Yes	0	0	0	0	120	96.03	20	100	0	0	1	19	0	0	0	0	
INDONESIA-3GB-15D	B0FR9T6QPZ	B0FR9T6QPZ	Indonesia eSIM 3GB 15Days	New	8.99	No		Yes	0	0	0	0	120	96.03	20	100	0	0	0	20	0	0	0	0	
INDONESIA-5GB-30D	B0FR8XW5DR	B0FR8XW5DR	Indonesia eSIM 5GB 30Days	New	9.99	No		Yes	0	0	0	0	120	96.03	20	100	0	0	0	20	0	0	0	0	
IN_20_30	B0FR9DYMHX	B0FR9DYMHX	India eSIM 20GB 30Days	New	41.33	No		Yes	0	0	0	0	30	96.03	5	25	0	0	2	3	0	0	0	0	
IN_3_15	B0FR9ZM116	B0FR9ZM116	India eSIM 3GB 15Days	New	12.11	No		Yes	0	0	0	0	120	129.95	20	100	0	0	0	20	0	0	0	0	
IN_5_30	B0FR9GXWN9	B0FR9GXWN9	India eSIM 5GB 30Days	New	16.76	No		Yes	0	0	0	0	120	96.03	20	100	0	0	0	20	0	0	0	0	
IRAQ-20GB-30D	B0H6M956TN	B0H6M956TN	Irak eSIM 20GB 30Days	New	32.99	No		Yes	0	0	0	0	25	96.03	0	25	0	0	5	0	0	0	0	0	
IRAQ-3GB-15D	B0H6MGX6P7	B0H6MGX6P7	Irak eSIM 3GB 15Days	New	10.99	No		Yes	0	0	0	0	25	96.03	0	25	0	0	0	5	0	0	0	0	
IRAQ-5GB-30D	B0H6MFRHZN	B0H6MFRHZN	Irak eSIM 5GB 30Days	New	16.99	No		Yes	0	0	0	0	25	96.03	0	25	0	0	5	0	0	0	0	0	
IRELAND-20GB-30D	B0FR9SZG2Z	B0FR9SZG2Z	Irlanda eSIM 20GB 30Days	New	17.99	No		Yes	0	0	0	0	120	96.03	20	100	0	0	1	19	0	0	0	0	
IRELAND-3GB-15D	B0FR8XV57F	B0FR8XV57F	Irlanda eSIM 3GB 15Days	New	8.99	No		Yes	0	0	0	0	120	96.03	20	100	0	0	0	20	0	0	0	0	
IRELAND-5GB-30D	B0FR9GYKQL	B0FR9GYKQL	Irlanda eSIM 5GB 30Days	New	9.99	No		Yes	0	0	0	0	120	96.03	20	100	0	0	0	20	0	0	0	0	
ISLE-OF-MAN-20GB-30D	B0FR9CB5LK	B0FR9CB5LK	Isla de Man eSIM 20GB 30Days	New	23.99	No		Yes	0	0	0	0	30	169.44	5	25	0	0	0	5	0	0	0	0	
ISLE-OF-MAN-3GB-15D	B0FR9LZ7RL	B0FR9LZ7RL	Isla de Man eSIM 3GB 15Days	New	9.99	No		Yes	0	0	0	0	30	169.44	5	25	0	0	0	5	0	0	0	0	
ISLE-OF-MAN-5GB-30D	B0FR9M27XY	B0FR9M27XY	Isla de Man eSIM 5GB 30Days	New	11.99	No		Yes	0	0	0	0	30	169.44	5	25	0	0	0	5	0	0	0	0	
ISRAEL-20GB-30D	B0FR9K8SQ1	B0FR9K8SQ1	Israel eSIM 20GB 30Days	New	29.99	No		Yes	0	0	0	0	31	169.44	5	26	0	0	0	5	0	0	0	0	
ISRAEL-3GB-15D	B0FR9M11H1	B0FR9M11H1	Israel eSIM 3GB 15Days	New	9.99	No		Yes	0	0	0	0	30	169.44	5	25	0	0	0	5	0	0	0	0	
ISRAEL-5GB-30D	B0FR8XVZZM	B0FR8XVZZM	Israel eSIM 5GB 30Days	New	11.99	No		Yes	0	0	0	0	30	169.44	5	25	0	0	0	5	0	0	0	0	
ITALY-20GB-30D	B0FR9RNZV2	B0FR9RNZV2	Italia eSIM 20GB 30Days	New	15.99	No		Yes	0	0	0	0	120	96.03	20	100	0	0	0	20	0	0	0	0	
ITALY-3GB-15D	B0FR9GXZ18	B0FR9GXZ18	Italia eSIM 3GB 15Days	New	8.99	No		Yes	0	0	0	0	120	206.97	20	100	0	0	0	20	0	0	0	0	
ITALY-5GB-30D	B0FR9ZR2TH	B0FR9ZR2TH	Italia eSIM 5GB 30Days	New	9.99	No		Yes	0	0	0	0	120	96.03	20	100	0	0	0	20	0	0	0	0	
IT_20_30	B0FR9RNZV2	B0FR9RNZV2	Italia eSIM 20GB 30Days	New	16.76	No		Yes	0	0	0	0	120	96.03	20	100	0	0	0	20	0	0	0	0	
IT_3_15	B0FR9GXZ18	B0FR9GXZ18	Italia eSIM 3GB 15Days	New	6.33	No		Yes	0	0	0	0	120	206.97	20	100	0	0	0	20	0	0	0	0	
IT_5_30	B0FR9ZR2TH	B0FR9ZR2TH	Italia eSIM 5GB 30Days	New	4.59	No		Yes	0	0	0	0	120	96.03	20	100	0	0	0	20	0	0	0	0	
JAMAICA-20GB-30D	B0H6MF52ZZ	B0H6MF52ZZ	Jamaica eSIM 20GB 30Days	New	87.99	No		Yes	0	0	0	0	25	96.03	0	25	0	0	0	5	0	0	0	0	
JAMAICA-3GB-15D	B0H6MF3PNQ	B0H6MF3PNQ	Jamaica eSIM 3GB 15Days	New	24.99	No		Yes	0	0	0	0	25	96.03	0	25	0	0	0	5	0	0	0	0	
JAMAICA-5GB-30D	B0H6MJQCMF	B0H6MJQCMF	Jamaica eSIM 5GB 30Days	New	31.99	No		Yes	0	0	0	0	25	96.03	0	25	0	0	0	5	0	0	0	0	
JAPAN-20GB-30D	B0FR9RZKRB	B0FR9RZKRB	Japón eSIM 20GB 30Days	New	15.99	No		Yes	0	0	0	0	120	96.03	20	100	0	0	16	4	0	0	0	0	
JAPAN-3GB-15D	B0FR9LVZVQ	B0FR9LVZVQ	Japón eSIM 3GB 15Days	New	8.99	No		Yes	0	0	0	0	120	96.03	20	100	0	0	0	20	0	0	0	0	
JAPAN-5GB-30D	B0FR9TLXXH	B0FR9TLXXH	Japón eSIM 5GB 30Days	New	9.99	No		Yes	0	0	0	0	120	96.03	20	100	0	0	0	20	0	0	0	0	
JERSEY-20GB-30D	B0FR9CBQDH	B0FR9CBQDH	Jersey eSIM 20GB 30Days	New	15.99	No		Yes	0	0	0	0	30	96.03	5	25	0	0	0	5	0	0	0	0	
JERSEY-3GB-15D	B0FR9GYMR5	B0FR9GYMR5	Jersey eSIM 3GB 15Days	New	8.99	No		Yes	0	0	0	0	29	96.03	5	24	0	0	0	9	0	0	0	0	
JERSEY-5GB-30D	B0FR9M27GP	B0FR9M27GP	Jersey eSIM 5GB 30Days	New	9.99	No		Yes	0	0	0	0	30	96.03	5	25	0	0	0	5	0	0	0	0	
JORDAN-20GB-30D	B0FR9ST188	B0FR9ST188	Jordan eSIM 20GB 30Days	New	43.99	No		Yes	0	0	0	0	30	96.03	5	25	0	0	0	5	0	0	0	0	
JORDAN-3GB-15D	B0FR9M144Z	B0FR9M144Z	Jordan eSIM 3GB 15Days	New	14.99	No		Yes	0	0	0	0	30	96.03	5	25	0	0	0	5	0	0	0	0	
JORDAN-5GB-30D	B0FR9ZTZNK	B0FR9ZTZNK	Jordan eSIM 5GB 30Days	New	14.99	No		Yes	0	0	0	0	30	96.03	5	25	0	0	1	4	0	0	0	0	
JP_20_30	B0FR9RZKRB	B0FR9RZKRB	Japón eSIM 20GB 30Days	New	16.76	No		Yes	0	0	0	0	120	96.03	20	100	0	0	16	4	0	0	0	0	
JP_3_15	B0FR9LVZVQ	B0FR9LVZVQ	Japón eSIM 3GB 15Days	New	6.33	No		Yes	0	0	0	0	120	96.03	20	100	0	0	0	20	0	0	0	0	
JP_5_30	B0FR9TLXXH	B0FR9TLXXH	Japón eSIM 5GB 30Days	New	4.59	No		Yes	0	0	0	0	120	96.03	20	100	0	0	0	20	0	0	0	0	
KAZAKHSTAN-20GB-30D	B0FR9TLNNW	B0FR9TLNNW	Kazajstán eSIM 20GB 30Days	New	21.99	No		Yes	0	0	0	0	30	96.03	5	25	0	0	2	3	0	0	0	0	
KAZAKHSTAN-3GB-15D	B0FR9T4DG2	B0FR9T4DG2	Kazajstán eSIM 3GB 15Days	New	8.99	No		Yes	0	0	0	0	30	96.03	5	25	0	0	0	5	0	0	0	0	
KAZAKHSTAN-5GB-30D	B0FR9ZMMSH	B0FR9ZMMSH	Kazajstán eSIM 5GB 30Days	New	9.99	No		Yes	0	0	0	0	30	96.03	5	25	0	0	1	4	0	0	0	0	
KENYA-3GB-15D	B0FR9GZ14G	B0FR9GZ14G	Kenia eSIM 3GB 15Days	New	14.99	No		Yes	0	0	0	0	30	96.03	5	25	0	0	0	5	0	0	0	0	
KENYA-5GB-30D	B0FR9T4DG6	B0FR9T4DG6	Kenia eSIM 5GB 30Days	New	15.99	No		Yes	0	0	0	0	30	359.04	5	25	0	0	0	5	0	0	0	0	
KE_3_15	B0FR9GZ14G	B0FR9GZ14G	Kenia eSIM 3GB 15Days	New	26.24	No		Yes	0	0	0	0	30	96.03	5	25	0	0	0	5	0	0	0	0	
KE_5_30	B0FR9T4DG6	B0FR9T4DG6	Kenia eSIM 5GB 30Days	New	35.54	No		Yes	0	0	0	0	30	359.04	5	25	0	0	0	5	0	0	0	0	
KUWAIT-20GB-30D	B0FR9KBF4P	B0FR9KBF4P	Kuwait eSIM 20GB 30Days	New	29.99	No		Yes	0	0	0	0	30	96.03	5	25	0	0	1	4	0	0	0	0	
KUWAIT-3GB-15D	B0FR9LZJ3X	B0FR9LZJ3X	Kuwait eSIM 3GB 15Days	New	10.99	No		Yes	0	0	0	0	30	96.03	5	25	0	0	0	5	0	0	0	0	
KUWAIT-5GB-30D	B0FR9M2TXP	B0FR9M2TXP	Kuwait eSIM 5GB 30Days	New	16.99	No		Yes	0	0	0	0	30	96.03	5	25	0	0	0	5	0	0	0	0	
KYRGYZSTAN-20GB-30D	B0FR8XXBHM	B0FR8XXBHM	Kirguistán eSIM 20GB 30Days	New	19.99	No		Yes	0	0	0	0	30	169.44	5	25	0	0	2	3	0	0	0	0	
KYRGYZSTAN-3GB-15D	B0FR9TVF4R	B0FR9TVF4R	Kirguistán eSIM 3GB 15Days	New	8.99	No		Yes	0	0	0	0	30	169.44	5	25	0	0	0	5	0	0	0	0	
LAOS-20GB-30D	B0H6MBWGX1	B0H6MBWGX1	Laos eSIM 20GB 30Days	New	34.99	No		Yes	0	0	0	0	25	96.03	0	25	0	0	0	5	0	0	0	0	
LAOS-3GB-15D	B0H6M96WPB	B0H6M96WPB	Laos eSIM 3GB 15Days	New	10.99	No		Yes	0	0	0	0	25	96.03	0	25	0	0	0	5	0	0	0	0	
LAOS-5GB-30D	B0H6MBJN5B	B0H6MBJN5B	Laos eSIM 5GB 30Days	New	16.99	No		Yes	0	0	0	0	25	96.03	0	25	0	0	0	5	0	0	0	0	
LATVIA-20GB-30D	B0FR9SWN6V	B0FR9SWN6V	Letonia eSIM 20GB 30Days	New	15.99	No		Yes	0	0	0	0	30	96.03	5	25	0	0	0	5	0	0	0	0	
LATVIA-3GB-15D	B0FR9VM4K6	B0FR9VM4K6	Letonia eSIM 3GB 15Days	New	8.99	No		Yes	0	0	0	0	30	96.03	5	25	0	0	0	5	0	0	0	0	
LATVIA-5GB-30D	B0FR9TR99S	B0FR9TR99S	Letonia eSIM 5GB 30Days	New	9.99	No		Yes	0	0	0	0	30	96.03	5	25	0	0	0	5	0	0	0	0	
LIBERIA-3GB-15D	B0FR9H18JQ	B0FR9H18JQ	Liberia eSIM 3GB 15Days	New	21.99	No		Yes	0	0	0	0	30	96.03	5	25	0	0	0	5	0	0	0	0	
LIBERIA-5GB-30D	B0FR9SJ1YH	B0FR9SJ1YH	Liberia eSIM 5GB 30Days	New	33.99	No		Yes	0	0	0	0	30	96.03	5	25	0	0	0	5	0	0	0	0	
LIBYA-20GB-30D	B0H6MFWD2Y	B0H6MFWD2Y	Libia eSIM 20GB 30Days	New	126.99	No		Yes	0	0	0	0	25	96.03	0	25	0	0	0	5	0	0	0	0	
LIBYA-3GB-15D	B0H6MBYGXZ	B0H6MBYGXZ	Libia eSIM 3GB 15Days	New	33.99	No		Yes	0	0	0	0	25	96.03	0	25	0	0	0	5	0	0	0	0	
LIBYA-5GB-30D	B0H6M5PVSB	B0H6M5PVSB	Libia eSIM 5GB 30Days	New	44.99	No		Yes	0	0	0	0	25	96.03	0	25	0	0	0	5	0	0	0	0	
LIECHTENSTEIN-3GB-15D	B0FR9S35ZH	B0FR9S35ZH	Liechtenstein eSIM 3GB 15Days	New	8.99	No		Yes	0	0	0	0	30	96.03	5	25	0	0	0	5	0	0	0	0	
LITHUANIA-20GB-30D	B0FR9TQN8N	B0FR9TQN8N	Lituania eSIM 20GB 30Days	New	17.99	No		Yes	0	0	0	0	30	96.03	5	25	0	0	0	5	0	0	0	0	
LITHUANIA-3GB-15D	B0FR9KS3P4	B0FR9KS3P4	Lituania eSIM 3GB 15Days	New	8.99	No		Yes	0	0	0	0	30	96.03	5	25	0	0	0	5	0	0	0	0	
LITHUANIA-5GB-30D	B0FR9R598C	B0FR9R598C	Lituania eSIM 5GB 30Days	New	9.99	No		Yes	0	0	0	0	30	96.03	5	25	0	0	0	5	0	0	0	0	
LUXEMBOURG-20GB-30D	B0FR8XXXZB	B0FR8XXXZB	Luxemburgo eSIM 20GB 30Days	New	17.99	No		Yes	0	0	0	0	30	96.03	5	25	0	0	0	5	0	0	0	0	
LUXEMBOURG-3GB-15D	B0FR9SHRKM	B0FR9SHRKM	Luxemburgo eSIM 3GB 15Days	New	8.99	No		Yes	0	0	0	0	30	96.03	5	25	0	0	0	5	0	0	0	0	
LUXEMBOURG-5GB-30D	B0FR9SB862	B0FR9SB862	Luxemburgo eSIM 5GB 30Days	New	9.99	No		Yes	0	0	0	0	30	96.03	5	25	0	0	0	5	0	0	0	0	
MACAO-20GB-30D	B0FR9CDBN2	B0FR9CDBN2	Macao eSIM 20GB 30Days	New	15.99	No		Yes	0	0	0	0	30	96.03	5	25	0	0	0	5	0	0	0	0	
MACAO-3GB-15D	B0FR9M485M	B0FR9M485M	Macao eSIM 3GB 15Days	New	8.99	No		Yes	0	0	0	0	30	96.03	5	25	0	0	1	4	0	0	0	0	
MACAO-5GB-30D	B0FR9L9624	B0FR9L9624	Macao eSIM 5GB 30Days	New	9.99	No		Yes	0	0	0	0	30	96.03	5	25	0	0	0	5	0	0	0	0	
MADAGASCAR-3GB-15D	B0FR9H2NS1	B0FR9H2NS1	Madagascar eSIM 3GB 15Days	New	25.99	No		Yes	0	0	0	0	30	96.03	5	25	0	0	0	5	0	0	0	0	
MALAWI-3GB-15D	B0FR9H3JDK	B0FR9H3JDK	Malawi eSIM 3GB 15Days	New	17.99	No		Yes	0	0	0	0	30	96.03	5	25	0	0	0	5	0	0	0	0	
MALAWI-5GB-30D	B0FR9GXY24	B0FR9GXY24	Malawi eSIM 5GB 30Days	New	28.99	No		Yes	0	0	0	0	30	96.03	5	25	0	0	0	5	0	0	0	0	
MALAYSIA-20GB-30D	B0FR9VMWYD	B0FR9VMWYD	Malasia eSIM 20GB 30Days	New	15.99	No		Yes	0	0	0	0	120	96.03	20	100	0	0	0	20	0	0	0	0	
MALAYSIA-3GB-15D	B0FR9H1Q65	B0FR9H1Q65	Malasia eSIM 3GB 15Days	New	8.99	No		Yes	0	0	0	0	120	96.03	20	100	0	0	0	20	0	0	0	0	
MALAYSIA-5GB-30D	B0FR9LDGX8	B0FR9LDGX8	Malasia eSIM 5GB 30Days	New	9.99	No		Yes	0	0	0	0	120	96.03	20	100	0	0	0	20	0	0	0	0	
MALDIVES-20GB-30D	B0H6MM5SCJ	B0H6MM5SCJ	Maldivas eSIM 20GB 30Days	New	117.99	No		Yes	0	0	0	0	25	96.03	0	25	0	0	0	5	0	0	0	0	
MALDIVES-3GB-15D	B0H6MD6Y71	B0H6MD6Y71	Maldivas eSIM 3GB 15Days	New	33.99	No		Yes	0	0	0	0	25	96.03	0	25	0	0	2	3	0	0	0	0	
MALDIVES-5GB-30D	B0H6MJQZ8Y	B0H6MJQZ8Y	Maldivas eSIM 5GB 30Days	New	44.99	No		Yes	0	0	0	0	25	96.03	0	25	0	0	0	5	0	0	0	0	
MALI-3GB-15D	B0FR9TRDSY	B0FR9TRDSY	Mali eSIM 3GB 15Days	New	21.99	No		Yes	0	0	0	0	30	96.03	5	25	0	0	0	5	0	0	0	0	
MALTA-20GB-30D	B0FR9VL1Q9	B0FR9VL1Q9	Malta eSIM 20GB 30Days	New	15.99	No		Yes	0	0	0	0	120	96.03	20	100	0	0	1	19	0	0	0	0	
MALTA-3GB-15D	B0FR9M3PNR	B0FR9M3PNR	Malta eSIM 3GB 15Days	New	8.99	No		Yes	0	0	0	0	120	96.03	20	100	0	0	1	19	0	0	0	0	
MALTA-5GB-30D	B0FR9ZSMTC	B0FR9ZSMTC	Malta eSIM 5GB 30Days	New	9.99	No		Yes	0	0	0	0	120	96.03	20	100	0	0	0	20	0	0	0	0	
MARTINIQUE-20GB-30D	B0H6MH94KV	B0H6MH94KV	Martinica eSIM 20GB 30Days	New	16.99	No		Yes	0	0	0	0	25	96.03	0	25	0	0	3	2	0	0	0	0	
MARTINIQUE-3GB-15D	B0H6M7SBFQ	B0H6M7SBFQ	Martinica eSIM 3GB 15Days	New	8.99	No		Yes	0	0	0	0	25	96.03	0	25	0	0	1	4	0	0	0	0	
MARTINIQUE-5GB-30D	B0H6MKCD1X	B0H6MKCD1X	Martinica eSIM 5GB 30Days	New	9.99	No		Yes	0	0	0	0	25	96.03	0	25	0	0	0	5	0	0	0	0	
MAURITIUS-3GB-15D	B0H2FYRLRC	B0H2FYRLRC	Mauricio eSIM 3GB 15Days	New	16.99	No		Yes	0	0	0	0	25	96.03	0	25	0	0	0	5	0	0	0	0	
MAURITIUS-5GB-30D	B0H2G2XMS3	B0H2G2XMS3	Mauricio eSIM 5GB 30Days	New	17.99	No		Yes	0	0	0	0	25	96.03	0	25	0	0	2	3	0	0	0	0	
MAYOTTE-20GB-30D	B0H6M5L8MC	B0H6M5L8MC	Mayotte eSIM 20GB 30Days	New	16.99	No		Yes	0	0	0	0	25	96.03	0	25	0	0	0	5	0	0	0	0	
MAYOTTE-3GB-15D	B0H6MFWP88	B0H6MFWP88	Mayotte eSIM 3GB 15Days	New	8.99	No		Yes	0	0	0	0	25	96.03	0	25	0	0	0	5	0	0	0	0	
MAYOTTE-5GB-30D	B0H6MD9C4Y	B0H6MD9C4Y	Mayotte eSIM 5GB 30Days	New	9.99	No		Yes	0	0	0	0	25	96.03	0	25	0	0	0	5	0	0	0	0	
MA_20_30	B0FR9M57DY	B0FR9M57DY	Marruecos eSIM 20GB 30Days	New	29.73	No		Yes	0	0	0	0	120	96.03	20	100	0	0	1	19	0	0	0	0	
MA_3_15	B0FR9CFZQR	B0FR9CFZQR	Marruecos eSIM 3GB 15Days	New	8.64	No		Yes	0	0	0	0	120	96.03	20	100	0	0	0	20	0	0	0	0	
MA_5_30	B0FR9CDDQ8	B0FR9CDDQ8	Marruecos eSIM 5GB 30Days	New	9.22	No		Yes	0	0	0	0	119	96.03	20	99	0	0	5	15	0	0	0	0	
MEXICO-20GB-30D	B0FR9VDSJX	B0FR9VDSJX	México eSIM 20GB 30Days	New	35.99	No		Yes	0	0	0	0	121	96.03	20	101	0	0	4	16	0	0	0	0	
MEXICO-3GB-15D	B0FR9SZSTG	B0FR9SZSTG	México eSIM 3GB 15Days	New	11.99	No		Yes	0	0	0	0	120	96.03	20	100	0	0	0	20	0	0	0	0	
MEXICO-5GB-30D	B0FR9H2K1C	B0FR9H2K1C	México eSIM 5GB 30Days	New	14.99	No		Yes	0	0	0	0	120	96.03	20	100	0	0	0	20	0	0	0	0	
MIDDLE-EAST-5GB-30D	B0FR9SYKP6	B0FR9SYKP6	Oriente Medio eSIM 5GB 30Days	New	36.99	No		Yes	0	0	0	0	30	169.44	5	25	0	0	1	4	0	0	0	0	
MOLDOVA-3GB-15D	B0FR9CFQYY	B0FR9CFQYY	Moldavia eSIM 3GB 15Days	New	8.99	No		Yes	0	0	0	0	30	169.44	5	25	0	0	3	2	0	0	0	0	
MONACO-3GB-15D	B0FR9ZS6GM	B0FR9ZS6GM	Monaco eSIM 3GB 15Days	New	63.99	No		Yes	0	0	0	0	121	169.44	20	101	0	0	0	20	0	0	0	0	
MONACO-5GB-30D	B0FR9H1H4M	B0FR9H1H4M	Monaco eSIM 5GB 30Days	New	85.99	No		Yes	0	0	0	0	119	169.44	20	99	0	0	0	20	0	0	0	0	
MONGOLIA-3GB-15D	B0FR9LSYTX	B0FR9LSYTX	Mongolia eSIM 3GB 15Days	New	16.99	No		Yes	0	0	0	0	30	169.44	5	25	0	0	0	5	0	0	0	0	
MONTENEGRO-3GB-15D	B0FR9R5HR7	B0FR9R5HR7	Montenegro eSIM 3GB 15Days	New	8.99	No		Yes	0	0	0	0	30	169.44	5	25	0	0	4	1	0	0	0	0	
MONTSERRAT-20GB-30D	B0H6MG87HK	B0H6MG87HK	Montserrat eSIM 20GB 30Days	New	94.99	No		Yes	0	0	0	0	25	96.03	0	25	0	0	0	5	0	0	0	0	
MONTSERRAT-3GB-15D	B0H6MDJ2ZR	B0H6MDJ2ZR	Montserrat eSIM 3GB 15Days	New	25.99	No		Yes	0	0	0	0	25	96.03	0	25	0	0	0	5	0	0	0	0	
MONTSERRAT-5GB-30D	B0H6MGQ1Y4	B0H6MGQ1Y4	Montserrat eSIM 5GB 30Days	New	33.99	No		Yes	0	0	0	0	25	96.03	0	25	0	0	0	5	0	0	0	0	
MOROCCO-20GB-30D	B0FR9M57DY	B0FR9M57DY	Marruecos eSIM 20GB 30Days	New	26.99	No		Yes	0	0	0	0	120	96.03	20	100	0	0	1	19	0	0	0	0	
MOROCCO-3GB-15D	B0FR9CFZQR	B0FR9CFZQR	Marruecos eSIM 3GB 15Days	New	9.99	No		Yes	0	0	0	0	120	96.03	20	100	0	0	0	20	0	0	0	0	
MOROCCO-5GB-30D	B0FR9CDDQ8	B0FR9CDDQ8	Marruecos eSIM 5GB 30Days	New	14.99	No		Yes	0	0	0	0	119	96.03	20	99	0	0	5	15	0	0	0	0	
MOZAMBIQUE-20GB-30D	B0FR9CFLS7	B0FR9CFLS7	Mozambique eSIM 20GB 30Days	New	75.99	No		Yes	0	0	0	0	30	96.03	5	25	0	0	0	5	0	0	0	0	
MOZAMBIQUE-3GB-15D	B0FRB1M6HK	B0FRB1M6HK	Mozambique eSIM 3GB 15Days	New	19.99	No		Yes	0	0	0	0	30	96.03	5	25	0	0	0	5	0	0	0	0	
MY_20_30	B0FR9VMWYD	B0FR9VMWYD	Malasia eSIM 20GB 30Days	New	16.76	No		Yes	0	0	0	0	120	96.03	20	100	0	0	0	20	0	0	0	0	
MY_3_15	B0FR9H1Q65	B0FR9H1Q65	Malasia eSIM 3GB 15Days	New	6.33	No		Yes	0	0	0	0	120	96.03	20	100	0	0	0	20	0	0	0	0	
MY_5_30	B0FR9LDGX8	B0FR9LDGX8	Malasia eSIM 5GB 30Days	New	8.64	No		Yes	0	0	0	0	120	96.03	20	100	0	0	0	20	0	0	0	0	
NEPAL-3GB-15D	B0FRB1TD7L	B0FRB1TD7L	Nepal eSIM 3GB 15Days	New	14.99	No		Yes	0	0	0	0	30	96.03	5	25	0	0	2	3	0	0	0	0	
NETHERLANDS-20GB-30D	B0FR9NG7LB	B0FR9NG7LB	Países Bajos eSIM 20GB 30Days	New	16.99	No		Yes	0	0	0	0	120	96.03	20	100	0	0	0	20	0	0	0	0	
NETHERLANDS-3GB-15D	B0FRB5GNM2	B0FRB5GNM2	Países Bajos eSIM 3GB 15Days	New	8.99	No		Yes	0	0	0	0	120	96.03	20	100	0	0	0	20	0	0	0	0	
NETHERLANDS-5GB-30D	B0FR9NHP7Q	B0FR9NHP7Q	Países Bajos eSIM 5GB 30Days	New	9.99	No		Yes	0	0	0	0	120	96.03	20	100	0	0	0	20	0	0	0	0	
NEW-ZEALAND-20GB-30D	B0FRB1TWT8	B0FRB1TWT8	Nueva Zelanda eSIM 20GB 30Days	New	24.99	No		Yes	0	0	0	0	30	96.03	5	25	0	0	1	4	0	0	0	0	
NEW-ZEALAND-3GB-15D	B0FR9NKXF5	B0FR9NKXF5	Nueva Zelanda eSIM 3GB 15Days	New	9.99	No		Yes	0	0	0	0	30	96.03	5	25	0	0	2	3	0	0	0	0	
NEW-ZEALAND-5GB-30D	B0FR9NHFWQ	B0FR9NHFWQ	Nueva Zelanda eSIM 5GB 30Days	New	11.99	No		Yes	0	0	0	0	30	96.03	5	25	0	0	0	5	0	0	0	0	
NICARAGUA-3GB-15D	B0FRB33MPG	B0FRB33MPG	Nicaragua eSIM 3GB 15Days	New	14.99	No		Yes	0	0	0	0	30	96.03	5	25	0	0	0	5	0	0	0	0	
NIGER-3GB-15D	B0FR9NPT1H	B0FR9NPT1H	Níger eSIM 3GB 15Days	New	17.99	No		Yes	0	0	0	0	30	169.44	5	25	0	0	0	5	0	0	0	0	
NIGERIA-3GB-15D	B0FR9X17QY	B0FR9X17QY	Nigeria eSIM 3GB 15Days	New	14.99	No		Yes	0	0	0	0	25	169.44	0	25	0	0	0	5	0	0	0	0	
NL_20_30	B0FR9NG7LB	B0FR9NG7LB	Países Bajos eSIM 20GB 30Days	New	21.01	No		Yes	0	0	0	0	120	96.03	20	100	0	0	0	20	0	0	0	0	
NL_3_15	B0FRB5GNM2	B0FRB5GNM2	Países Bajos eSIM 3GB 15Days	New	6.33	No		Yes	0	0	0	0	120	96.03	20	100	0	0	0	20	0	0	0	0	
NL_5_30	B0FR9NHP7Q	B0FR9NHP7Q	Países Bajos eSIM 5GB 30Days	New	5.74	No		Yes	0	0	0	0	120	96.03	20	100	0	0	0	20	0	0	0	0	
NORTH-AMERICA-5GB-30D	B0FRBDQ8H5	B0FRBDQ8H5	América del Norte eSIM 5GB 30Days	New	16.99	No		Yes	0	0	0	0	25	169.44	0	25	0	0	4	1	0	0	0	0	
NORTH-MACEDONIA-3GB-15D	B0FRB59DJS	B0FRB59DJS	Macedonia del Norte eSIM 3GB 15Days	New	9.99	No		Yes	0	0	0	0	25	169.44	0	25	0	0	2	3	0	0	0	0	
NORTH-MACEDONIA-5GB-30D	B0FR9WNHHX	B0FR9WNHHX	Macedonia del Norte eSIM 5GB 30Days	New	14.99	No		Yes	0	0	0	0	25	169.44	0	25	0	0	0	5	0	0	0	0	
NORWAY-20GB-30D	B0FRB572L8	B0FRB572L8	Noruega eSIM 20GB 30Days	New	15.99	No		Yes	0	0	0	0	25	96.03	0	25	0	0	5	0	0	0	0	0	
NORWAY-3GB-15D	B0FR9WNK2H	B0FR9WNK2H	Noruega eSIM 3GB 15Days	New	8.99	No		Yes	0	0	0	0	25	96.03	0	25	0	0	1	4	0	0	0	0	
NORWAY-5GB-30D	B0FRBNPZ9D	B0FRBNPZ9D	Noruega eSIM 5GB 30Days	New	9.99	No		Yes	0	0	0	0	25	96.03	0	25	0	0	0	5	0	0	0	0	
OMAN-20GB-30D	B0FRB4R3FK	B0FRB4R3FK	Omán eSIM 20GB 30Days	New	32.99	No		Yes	0	0	0	0	25	96.03	0	25	0	0	0	5	0	0	0	0	
OMAN-3GB-15D	B0FRB4BL4W	B0FRB4BL4W	Omán eSIM 3GB 15Days	New	11.99	No		Yes	0	0	0	0	25	96.03	0	25	0	0	0	5	0	0	0	0	
PAKISTAN-20GB-30D	B0FRB691X8	B0FRB691X8	Pakistán eSIM 20GB 30Days	New	22.99	No		Yes	0	0	0	0	25	96.03	0	25	0	0	1	4	0	0	0	0	
PAKISTAN-3GB-15D	B0FRB4HL3B	B0FRB4HL3B	Pakistán eSIM 3GB 15Days	New	8.99	No		Yes	0	0	0	0	25	96.03	0	25	0	0	0	5	0	0	0	0	
PAKISTAN-5GB-30D	B0FRB48QKZ	B0FRB48QKZ	Pakistán eSIM 5GB 30Days	New	10.99	No		Yes	0	0	0	0	25	96.03	0	25	0	0	0	5	0	0	0	0	
PANAMA-3GB-15D	B0FRB3VFW6	B0FRB3VFW6	Panamá eSIM 3GB 15Days	New	17.99	No		Yes	0	0	0	0	25	96.03	0	25	0	0	2	3	0	0	0	0	
PARAGUAY-3GB-15D	B0FRB3V7CS	B0FRB3V7CS	Paraguay eSIM 3GB 15Days	New	14.99	No		Yes	0	0	0	0	25	96.03	0	25	0	0	0	5	0	0	0	0	
PERU-20GB-30D	B0H6M8BLBD	B0H6M8BLBD	Perú eSIM 20GB 30Days	New	42.99	No		Yes	0	0	0	0	25	96.03	0	25	0	0	3	2	0	0	0	0	
PERU-3GB-15D	B0H6M5WW3B	B0H6M5WW3B	Perú eSIM 3GB 15Days	New	14.99	No		Yes	0	0	0	0	25	96.03	0	25	0	0	3	2	0	0	0	0	
PHILIPPINES-20GB-30D	B0FRB4K2D4	B0FRB4K2D4	Filipinas eSIM 20GB 30Days	New	23.99	No		Yes	0	0	0	0	25	96.03	0	25	0	0	4	1	0	0	0	0	
PHILIPPINES-3GB-15D	B0FRB1GVXK	B0FRB1GVXK	Filipinas eSIM 3GB 15Days	New	8.99	No		Yes	0	0	0	0	25	96.03	0	25	0	0	0	5	0	0	0	0	
PHILIPPINES-5GB-30D	B0FRB4VCKG	B0FRB4VCKG	Filipinas eSIM 5GB 30Days	New	10.99	No		Yes	0	0	0	0	25	96.03	0	25	0	0	0	5	0	0	0	0	
PH_20_30	B0FRB4K2D4	B0FRB4K2D4	Filipinas eSIM 20GB 30Days	New	34.38	No		Yes	0	0	0	0	25	96.03	0	25	0	0	4	1	0	0	0	0	
PH_3_15	B0FRB1GVXK	B0FRB1GVXK	Filipinas eSIM 3GB 15Days	New	9.80	No		Yes	0	0	0	0	25	96.03	0	25	0	0	0	5	0	0	0	0	
PH_5_30	B0FRB4VCKG	B0FRB4VCKG	Filipinas eSIM 5GB 30Days	New	13.29	No		Yes	0	0	0	0	25	96.03	0	25	0	0	0	5	0	0	0	0	
PL_20_30	B0FRB5HSK7	B0FRB5HSK7	Polonia eSIM 20GB 30Days	New	16.76	No		Yes	0	0	0	0	100	96.03	0	100	0	0	11	9	0	0	0	0	
PL_3_15	B0FRB4JVKR	B0FRB4JVKR	Polonia eSIM 3GB 15Days	New	6.33	No		Yes	0	0	0	0	100	96.03	0	100	0	0	0	20	0	0	0	0	
PL_5_30	B0FRBDPQ9J	B0FRBDPQ9J	Polonia eSIM 5GB 30Days	New	4.59	No		Yes	0	0	0	0	100	96.03	0	100	0	0	0	20	0	0	0	0	
POLAND-20GB-30D	B0FRB5HSK7	B0FRB5HSK7	Polonia eSIM 20GB 30Days	New	15.99	No		Yes	0	0	0	0	100	96.03	0	100	0	0	11	9	0	0	0	0	
POLAND-3GB-15D	B0FRB4JVKR	B0FRB4JVKR	Polonia eSIM 3GB 15Days	New	8.99	No		Yes	0	0	0	0	100	96.03	0	100	0	0	0	20	0	0	0	0	
POLAND-5GB-30D	B0FRBDPQ9J	B0FRBDPQ9J	Polonia eSIM 5GB 30Days	New	9.99	No		Yes	0	0	0	0	100	96.03	0	100	0	0	0	20	0	0	0	0	
PORTUGAL-20GB-30D	B0FRB354KV	B0FRB354KV	Portugal eSIM 20GB 30Days	New	15.99	No		Yes	0	0	0	0	100	96.03	0	100	0	0	7	13	0	0	0	0	
PORTUGAL-3GB-15D	B0FRB4314T	B0FRB4314T	Portugal eSIM 3GB 15Days	New	8.99	No		Yes	0	0	0	0	100	96.03	0	100	0	0	0	20	0	0	0	0	
PORTUGAL-5GB-30D	B0FRB4X799	B0FRB4X799	Portugal eSIM 5GB 30Days	New	9.99	No		Yes	0	0	0	0	100	96.03	0	100	0	0	0	20	0	0	0	0	
PT_20_30	B0FRB354KV	B0FRB354KV	Portugal eSIM 20GB 30Days	New	21.01	No		Yes	0	0	0	0	100	96.03	0	100	0	0	7	13	0	0	0	0	
PT_3_15	B0FRB4314T	B0FRB4314T	Portugal eSIM 3GB 15Days	New	6.33	No		Yes	0	0	0	0	100	96.03	0	100	0	0	0	20	0	0	0	0	
PT_5_30	B0FRB4X799	B0FRB4X799	Portugal eSIM 5GB 30Days	New	5.74	No		Yes	0	0	0	0	100	96.03	0	100	0	0	0	20	0	0	0	0	
PUERTO-RICO-3GB-15D	B0FRB5MSF1	B0FRB5MSF1	Puerto Rico eSIM 3GB 15Days	New	12.99	No		Yes	0	0	0	0	25	169.44	0	25	0	0	0	5	0	0	0	0	
PUERTO-RICO-5GB-30D	B0FR9WMX9V	B0FR9WMX9V	Puerto Rico eSIM 5GB 30Days	New	14.99	No		Yes	0	0	0	0	25	169.44	0	25	0	0	0	5	0	0	0	0	
QATAR-20GB-30D	B0FR9X3QGM	B0FR9X3QGM	Qatar eSIM 20GB 30Days	New	31.99	No		Yes	0	0	0	0	25	96.03	0	25	0	0	2	3	0	0	0	0	
QATAR-3GB-15D	B0FR9NXH43	B0FR9NXH43	Qatar eSIM 3GB 15Days	New	10.99	No		Yes	0	0	0	0	25	96.03	0	25	0	0	2	3	0	0	0	0	
QATAR-5GB-30D	B0FR9X5KB1	B0FR9X5KB1	Qatar eSIM 5GB 30Days	New	17.99	No		Yes	0	0	0	0	25	96.03	0	25	0	0	0	5	0	0	0	0	
REPUBLIC-OF-THE-CONGO-20GB-30D	B0H6MJ756Y	B0H6MJ756Y	República del Congo eSIM 20GB 30Days	New	78.99	No		Yes	0	0	0	0	25	96.03	0	25	0	0	0	5	0	0	0	0	
REPUBLIC-OF-THE-CONGO-3GB-15D	B0H6MM6DKT	B0H6MM6DKT	República del Congo eSIM 3GB 15Days	New	22.99	No		Yes	0	0	0	0	25	96.03	0	25	0	0	0	5	0	0	0	0	
REPUBLIC-OF-THE-CONGO-5GB-30D	B0H6MBXD3B	B0H6MBXD3B	República del Congo eSIM 5GB 30Days	New	33.99	No		Yes	0	0	0	0	25	96.03	0	25	0	0	0	5	0	0	0	0	
REUNION-3GB-15D	B0FRB3KCNQ	B0FRB3KCNQ	Reunion eSIM 3GB 15Days	New	8.99	No		Yes	0	0	0	0	25	96.03	0	25	0	0	5	0	0	0	0	0	
REUNION-5GB-30D	B0FRB47TQW	B0FRB47TQW	Reunion eSIM 5GB 30Days	New	9.99	No		Yes	0	0	0	0	25	96.03	0	25	0	0	5	0	0	0	0	0	
ROMANIA-20GB-30D	B0H6MGRC1F	B0H6MGRC1F	Rumania eSIM 20GB 30Days	New	15.99	No		Yes	0	0	0	0	25	96.03	0	25	0	0	2	3	0	0	0	0	
ROMANIA-3GB-15D	B0H6MKQH2C	B0H6MKQH2C	Rumania eSIM 3GB 15Days	New	8.99	No		Yes	0	0	0	0	25	96.03	0	25	0	0	1	4	0	0	0	0	
ROMANIA-5GB-30D	B0H6MFVLCB	B0H6MFVLCB	Rumania eSIM 5GB 30Days	New	9.99	No		Yes	0	0	0	0	25	96.03	0	25	0	0	0	5	0	0	0	0	
RUSSIA-20GB-30D	B0H6MDSLNC	B0H6MDSLNC	Rusia eSIM 20GB 30Days	New	23.99	No		Yes	0	0	0	0	25	96.03	0	25	0	0	1	4	0	0	0	0	
RUSSIA-3GB-15D	B0H6MDNPC8	B0H6MDNPC8	Rusia eSIM 3GB 15Days	New	9.99	No		Yes	0	0	0	0	25	96.03	0	25	0	0	0	5	0	0	0	0	
RUSSIA-5GB-30D	B0H6MLHHB2	B0H6MLHHB2	Rusia eSIM 5GB 30Days	New	13.99	No		Yes	0	0	0	0	25	96.03	0	25	0	0	0	5	0	0	0	0	
RWANDA-20GB-30D	B0H6M66BWN	B0H6M66BWN	Ruanda eSIM 20GB 30Days	New	97.99	No		Yes	0	0	0	0	25	96.03	0	25	0	0	0	5	0	0	0	0	
RWANDA-3GB-15D	B0H6MK2ZBQ	B0H6MK2ZBQ	Ruanda eSIM 3GB 15Days	New	24.99	No		Yes	0	0	0	0	25	96.03	0	25	0	0	0	5	0	0	0	0	
RWANDA-5GB-30D	B0H6MJZHP1	B0H6MJZHP1	Ruanda eSIM 5GB 30Days	New	32.99	No		Yes	0	0	0	0	25	96.03	0	25	0	0	0	5	0	0	0	0	
SAINT-BARTHELEMY-20GB-30D	B0H6MJHHNB	B0H6MJHHNB	San Bartolomé eSIM 20GB 30Days	New	16.99	No		Yes	0	0	0	0	25	96.03	0	25	0	0	0	5	0	0	0	0	
SAINT-BARTHELEMY-3GB-15D	B0H6MDMD63	B0H6MDMD63	San Bartolomé eSIM 3GB 15Days	New	8.99	No		Yes	0	0	0	0	25	96.03	0	25	0	0	0	5	0	0	0	0	
SAINT-BARTHELEMY-5GB-30D	B0H6MBS246	B0H6MBS246	San Bartolomé eSIM 5GB 30Days	New	9.99	No		Yes	0	0	0	0	25	96.03	0	25	0	0	0	5	0	0	0	0	
SAINT-KITTS-AND-NEVIS-20GB-30D	B0H6MJQSR4	B0H6MJQSR4	Saint Kitts and Nevis eSIM 20GB 30Days	New	103.99	No		Yes	0	0	0	0	25	96.03	0	25	0	0	0	5	0	0	0	0	
SAINT-KITTS-AND-NEVIS-3GB-15D	B0H6MDHJ2B	B0H6MDHJ2B	Saint Kitts and Nevis eSIM 3GB 15Days	New	29.99	No		Yes	0	0	0	0	25	96.03	0	25	0	0	0	5	0	0	0	0	
SAINT-KITTS-AND-NEVIS-5GB-30D	B0H6MBK615	B0H6MBK615	Saint Kitts and Nevis eSIM 5GB 30Days	New	38.99	No		Yes	0	0	0	0	25	96.03	0	25	0	0	0	5	0	0	0	0	
SAINT-LUCIA-20GB-30D	B0H6MDX8DY	B0H6MDX8DY	Santa Lucía eSIM 20GB 30Days	New	103.99	No		Yes	0	0	0	0	25	96.03	0	25	0	0	0	5	0	0	0	0	
SAINT-LUCIA-3GB-15D	B0H6M7Y1CD	B0H6M7Y1CD	Santa Lucía eSIM 3GB 15Days	New	29.99	No		Yes	0	0	0	0	25	96.03	0	25	0	0	0	5	0	0	0	0	
SAINT-LUCIA-5GB-30D	B0H6MGBXNV	B0H6MGBXNV	Santa Lucía eSIM 5GB 30Days	New	38.99	No		Yes	0	0	0	0	25	96.03	0	25	0	0	0	5	0	0	0	0	
SAINT-MARTIN-20GB-30D	B0H6MF7K64	B0H6MF7K64	Saint Martin eSIM 20GB 30Days	New	16.99	No		Yes	0	0	0	0	25	96.03	0	25	0	0	0	5	0	0	0	0	
SAINT-MARTIN-3GB-15D	B0H6MDB2CN	B0H6MDB2CN	Saint Martin eSIM 3GB 15Days	New	8.99	No		Yes	0	0	0	0	25	96.03	0	25	0	0	0	5	0	0	0	0	
SAINT-MARTIN-5GB-30D	B0H6MC37Q1	B0H6MC37Q1	Saint Martin eSIM 5GB 30Days	New	9.99	No		Yes	0	0	0	0	25	96.03	0	25	0	0	0	5	0	0	0	0	
SAINT-VINCENT-AND-THE-GRENADINES-3GB-15D	B0H6MF3FWZ	B0H6MF3FWZ	San Vicente y Las Granadinas eSIM 3GB 15Days	New	34.99	No		Yes	0	0	0	0	25	96.03	0	25	0	0	0	5	0	0	0	0	
SAINT-VINCENT-AND-THE-GRENADINES-5GB-30D	B0H6MJXH8Z	B0H6MJXH8Z	San Vicente y Las Granadinas eSIM 5GB 30Days	New	46.99	No		Yes	0	0	0	0	25	96.03	0	25	0	0	0	5	0	0	0	0	
SAMOA-20GB-30D	B0H6MJQDSM	B0H6MJQDSM	Samoa eSIM 20GB 30Days	New	295.99	No		Yes	0	0	0	0	25	96.03	0	25	0	0	0	5	0	0	0	0	
SAMOA-3GB-15D	B0H6MGJ45S	B0H6MGJ45S	Samoa eSIM 3GB 15Days	New	58.99	No		Yes	0	0	0	0	25	96.03	0	25	0	0	0	5	0	0	0	0	
SAMOA-5GB-30D	B0H6MFFZH1	B0H6MFFZH1	Samoa eSIM 5GB 30Days	New	80.99	No		Yes	0	0	0	0	25	96.03	0	25	0	0	0	5	0	0	0	0	
SAN-MARINO-20GB-30D	B0H6MDHJFJ	B0H6MDHJFJ	San Marino eSIM 20GB 30Days	New	16.99	No		Yes	0	0	0	0	25	96.03	0	25	0	0	0	5	0	0	0	0	
SAN-MARINO-3GB-15D	B0H6MG33GL	B0H6MG33GL	San Marino eSIM 3GB 15Days	New	8.99	No		Yes	0	0	0	0	25	96.03	0	25	0	0	0	5	0	0	0	0	
SAN-MARINO-5GB-30D	B0H6ML6C38	B0H6ML6C38	San Marino eSIM 5GB 30Days	New	9.99	No		Yes	0	0	0	0	25	96.03	0	25	0	0	0	5	0	0	0	0	
SAUDI-ARABIA-20GB-30D	B0FRB5PZTS	B0FRB5PZTS	Arabia Saudita eSIM 20GB 30Days	New	33.99	No		Yes	0	0	0	0	25	96.03	0	25	0	0	1	4	0	0	0	0	
SAUDI-ARABIA-3GB-15D	B0FRB3N2KL	B0FRB3N2KL	Arabia Saudita eSIM 3GB 15Days	New	11.99	No		Yes	0	0	0	0	25	96.03	0	25	0	0	1	4	0	0	0	0	
SAUDI-ARABIA-5GB-30D	B0FRB1SRZY	B0FRB1SRZY	Arabia Saudita eSIM 5GB 30Days	New	14.99	No		Yes	0	0	0	0	25	96.03	0	25	0	0	0	5	0	0	0	0	
SENEGAL-3GB-15D	B0FRB4HX92	B0FRB4HX92	Senegal eSIM 3GB 15Days	New	16.99	No		Yes	0	0	0	0	25	96.03	0	25	0	0	0	5	0	0	0	0	
SENEGAL-5GB-30D	B0FRB68H77	B0FRB68H77	Senegal eSIM 5GB 30Days	New	18.99	No		Yes	0	0	0	0	25	96.03	0	25	0	0	0	5	0	0	0	0	
SERBIA-20GB-30D	B0FRB5K8JC	B0FRB5K8JC	Serbia eSIM 20GB 30Days	New	21.99	No		Yes	0	0	0	0	25	169.44	0	25	0	0	5	0	0	0	0	0	
SERBIA-3GB-15D	B0FRB5TJV2	B0FRB5TJV2	Serbia eSIM 3GB 15Days	New	8.99	No		Yes	0	0	0	0	25	169.44	0	25	0	0	1	4	0	0	0	0	
SEYCHELLES-3GB-15D	B0FRB55T3H	B0FRB55T3H	Seychelles eSIM 3GB 15Days	New	17.99	No		Yes	0	0	0	0	25	96.03	0	25	0	0	0	5	0	0	0	0	
SEYCHELLES-5GB-30D	B0FR9P7N6M	B0FR9P7N6M	Seychelles eSIM 5GB 30Days	New	28.99	No		Yes	0	0	0	0	25	96.03	0	25	0	0	2	3	0	0	0	0	
SG_20_30	B0FRB256K8	B0FRB256K8	Singapur eSIM 20GB 30Days	New	17.92	No		Yes	0	0	0	0	25	96.03	0	25	0	0	0	5	0	0	0	0	
SG_5_30	B0FR9X3Y3R	B0FR9X3Y3R	Singapur eSIM 5GB 30Days	New	9.80	No		Yes	0	0	0	0	25	96.03	0	25	0	0	0	5	0	0	0	0	
SIERRA-LEONE-20GB-30D	B0H6ML1JW1	B0H6ML1JW1	Sierra Leona eSIM 20GB 30Days	New	94.99	No		Yes	0	0	0	0	25	96.03	0	25	0	0	0	5	0	0	0	0	
SIERRA-LEONE-3GB-15D	B0H6MHPWKP	B0H6MHPWKP	Sierra Leona eSIM 3GB 15Days	New	26.99	No		Yes	0	0	0	0	25	96.03	0	25	0	0	0	5	0	0	0	0	
SIERRA-LEONE-5GB-30D	B0H6MBK6HZ	B0H6MBK6HZ	Sierra Leona eSIM 5GB 30Days	New	33.99	No		Yes	0	0	0	0	25	96.03	0	25	0	0	0	5	0	0	0	0	
SINGAPORE-20GB-30D	B0FRB256K8	B0FRB256K8	Singapur eSIM 20GB 30Days	New	15.99	No		Yes	0	0	0	0	25	96.03	0	25	0	0	0	5	0	0	0	0	
SINGAPORE-5GB-30D	B0FR9X3Y3R	B0FR9X3Y3R	Singapur eSIM 5GB 30Days	New	9.99	No		Yes	0	0	0	0	25	96.03	0	25	0	0	0	5	0	0	0	0	
SLOVAKIA-20GB-30D	B0FRB14YYC	B0FRB14YYC	Eslovaquia eSIM 20GB 30Days	New	15.99	No		Yes	0	0	0	0	25	169.44	0	25	0	0	0	5	0	0	0	0	
SLOVAKIA-3GB-15D	B0FR9XC4BW	B0FR9XC4BW	Eslovaquia eSIM 3GB 15Days	New	8.99	No		Yes	0	0	0	0	25	169.44	0	25	0	0	0	5	0	0	0	0	
SLOVAKIA-5GB-30D	B0FRB2X84M	B0FRB2X84M	Eslovaquia eSIM 5GB 30Days	New	9.99	No		Yes	0	0	0	0	25	169.44	0	25	0	0	0	5	0	0	0	0	
SLOVENIA-20GB-30D	B0FR9X15V2	B0FR9X15V2	Eslovenia eSIM 20GB 30Days	New	15.99	No		Yes	0	0	0	0	25	169.44	0	25	0	0	0	5	0	0	0	0	
SLOVENIA-3GB-15D	B0FR9XCF27	B0FR9XCF27	Eslovenia eSIM 3GB 15Days	New	8.99	No		Yes	0	0	0	0	25	169.44	0	25	0	0	0	5	0	0	0	0	
SLOVENIA-5GB-30D	B0FRB3SJMR	B0FRB3SJMR	Eslovenia eSIM 5GB 30Days	New	9.99	No		Yes	0	0	0	0	25	169.44	0	25	0	0	0	5	0	0	0	0	
SN_3_15	B0FRB4HX92	B0FRB4HX92	Senegal eSIM 3GB 15Days	New	29.73	No		Yes	0	0	0	0	25	96.03	0	25	0	0	0	5	0	0	0	0	
SN_5_30	B0FRB68H77	B0FRB68H77	Senegal eSIM 5GB 30Days	New	43.64	No		Yes	0	0	0	0	25	96.03	0	25	0	0	0	5	0	0	0	0	
SOUTH-AFRICA-5GB-30D	B0FRB3R6F3	B0FRB3R6F3	Sudáfrica eSIM 5GB 30Days	New	15.99	No		Yes	0	0	0	0	80	96.03	0	80	0	0	0	20	0	0	0	0	
SOUTH-AMERICA-5GB-30D	B0FRB8D7HC	B0FRB8D7HC	América del Sur eSIM 5GB 30Days	New	21.99	No		Yes	0	0	0	0	25	96.03	0	25	0	0	1	4	0	0	0	0	
SOUTH-KOREA-20GB-30D	B0FRC4P51Z	B0FRC4P51Z	Corea del Sur eSIM 20GB 30Days	New	15.99	No		Yes	0	0	0	0	25	169.44	0	25	0	0	5	0	0	0	0	0	
SOUTH-KOREA-3GB-15D	B0FRC4RTDF	B0FRC4RTDF	Corea del Sur eSIM 3GB 15Days	New	8.99	No		Yes	0	0	0	0	25	169.44	0	25	0	0	4	1	0	0	0	0	
SOUTH-KOREA-5GB-30D	B0FRD9LC4C	B0FRD9LC4C	Corea del Sur eSIM 5GB 30Days	New	9.99	No		Yes	0	0	0	0	25	169.44	0	25	0	0	5	0	0	0	0	0	
SPAIN-20GB-30D	B0FRCMPGPL	B0FRCMPGPL	España eSIM 20GB 30Days	New	15.99	No		Yes	0	0	0	0	99	96.03	0	99	0	0	20	0	0	0	0	0	
SPAIN-3GB-15D	B0FRCDHTZ7	B0FRCDHTZ7	España eSIM 3GB 15Days	New	8.99	No		Yes	0	0	0	0	100	181.08	0	100	0	0	0	20	0	0	0	0	
SPAIN-5GB-30D	B0FRBQCLZN	B0FRBQCLZN	España eSIM 5GB 30Days	New	9.99	No		Yes	0	0	0	0	100	181.08	0	100	0	0	0	20	0	0	0	0	
SRI-LANKA-20GB-30D	B0FRC2DZN5	B0FRC2DZN5	Sri Lanka eSIM 20GB 30Days	New	28.99	No		Yes	0	0	0	0	25	169.44	0	25	0	0	0	5	0	0	0	0	
SRI-LANKA-3GB-15D	B0FRB7Z1NW	B0FRB7Z1NW	Sri Lanka eSIM 3GB 15Days	New	10.99	No		Yes	0	0	0	0	25	169.44	0	25	0	0	4	1	0	0	0	0	
SRI-LANKA-5GB-30D	B0FRB64B8M	B0FRB64B8M	Sri Lanka eSIM 5GB 30Days	New	12.99	No		Yes	0	0	0	0	25	96.03	0	25	0	0	2	3	0	0	0	0	
SUDAN-3GB-15D	B0FRCKTXNQ	B0FRCKTXNQ	Sudán eSIM 3GB 15Days	New	22.99	No		Yes	0	0	0	0	25	169.44	0	25	0	0	0	5	0	0	0	0	
SUDAN-5GB-30D	B0FRC799N3	B0FRC799N3	Sudán eSIM 5GB 30Days	New	30.99	No		Yes	0	0	0	0	25	169.44	0	25	0	0	0	5	0	0	0	0	
SURINAME-20GB-30D	B0H6MNKY5H	B0H6MNKY5H	Surinam eSIM 20GB 30Days	New	74.99	No		Yes	0	0	0	0	25	96.03	0	25	0	0	0	5	0	0	0	0	
SURINAME-3GB-15D	B0H6MLWJMY	B0H6MLWJMY	Surinam eSIM 3GB 15Days	New	19.99	No		Yes	0	0	0	0	25	96.03	0	25	0	0	0	5	0	0	0	0	
SURINAME-5GB-30D	B0H6MNS3N5	B0H6MNS3N5	Surinam eSIM 5GB 30Days	New	32.99	No		Yes	0	0	0	0	25	96.03	0	25	0	0	0	5	0	0	0	0	
SVG-20GB-30D	B0H6MWF5B5	B0H6MWF5B5	San Vicente y Las Granadinas eSIM 20GB 30Days	New	125.99	No		Yes	0	0	0	0	25	96.03	0	25	0	0	0	5	0	0	0	0	
SWEDEN-20GB-30D	B0FRB7X5SP	B0FRB7X5SP	Suecia eSIM 20GB 30Days	New	15.99	No		Yes	0	0	0	0	100	169.44	0	100	0	0	20	0	0	0	0	0	
SWEDEN-3GB-15D	B0FRCC6W9S	B0FRCC6W9S	Suecia eSIM 3GB 15Days	New	8.99	No		Yes	0	0	0	0	100	169.44	0	100	0	0	3	17	0	0	0	0	
SWEDEN-5GB-30D	B0FRCS524D	B0FRCS524D	Suecia eSIM 5GB 30Days	New	9.99	No		Yes	0	0	0	0	100	169.44	0	100	0	0	20	0	0	0	0	0	
SWITZERLAND-20GB-30D	B0FRB6VY7S	B0FRB6VY7S	Suiza eSIM 20GB 30Days	New	15.99	No		Yes	0	0	0	0	100	96.03	0	100	0	0	20	0	0	0	0	0	
SWITZERLAND-3GB-15D	B0FRB5LFVC	B0FRB5LFVC	Suiza eSIM 3GB 15Days	New	8.99	No		Yes	0	0	0	0	100	96.03	0	100	0	0	6	14	0	0	0	0	
SWITZERLAND-5GB-30D	B0FRB7G4VW	B0FRB7G4VW	Suiza eSIM 5GB 30Days	New	9.99	No		Yes	0	0	0	0	100	96.03	0	100	0	0	8	12	0	0	0	0	
TAJIKISTAN-20GB-30D	B0H6M85C77	B0H6M85C77	Tayikistán eSIM 20GB 30Days	New	41.99	No		Yes	0	0	0	0	25	96.03	0	25	0	0	0	5	0	0	0	0	
TAJIKISTAN-3GB-15D	B0H6M7XFN6	B0H6M7XFN6	Tayikistán eSIM 3GB 15Days	New	15.99	No		Yes	0	0	0	0	25	96.03	0	25	0	0	0	5	0	0	0	0	
TAJIKISTAN-5GB-30D	B0H6MFYMXZ	B0H6MFYMXZ	Tayikistán eSIM 5GB 30Days	New	16.99	No		Yes	0	0	0	0	25	96.03	0	25	0	0	2	3	0	0	0	0	
TANZANIA-3GB-15D	B0FRC81NPJ	B0FRC81NPJ	Tanzania eSIM 3GB 15Days	New	16.99	No		Yes	0	0	0	0	25	96.03	0	25	0	0	4	1	0	0	0	0	
THAILAND-20GB-30D	B0FRCHW3MW	B0FRCHW3MW	Tailandia eSIM 20GB 30Days	New	15.99	No		Yes	0	0	0	0	100	96.03	0	100	0	0	20	0	0	0	0	0	
THAILAND-3GB-15D	B0FRCDPJSH	B0FRCDPJSH	Tailandia eSIM 3GB 15Days	New	8.99	No		Yes	0	0	0	0	100	96.03	0	100	0	0	20	0	0	0	0	0	
THAILAND-5GB-30D	B0FR9Q5D1J	B0FR9Q5D1J	Tailandia eSIM 5GB 30Days	New	9.99	No		Yes	0	0	0	0	100	96.03	0	100	0	0	20	0	0	0	0	0	
TH_20_30	B0FRCHW3MW	B0FRCHW3MW	Tailandia eSIM 20GB 30Days	New	17.91	No		Yes	0	0	0	0	100	96.03	0	100	0	0	20	0	0	0	0	0	
TH_3_15	B0FRCDPJSH	B0FRCDPJSH	Tailandia eSIM 3GB 15Days	New	6.96	No		Yes	0	0	0	0	100	96.03	0	100	0	0	20	0	0	0	0	0	
TH_5_30	B0FR9Q5D1J	B0FR9Q5D1J	Tailandia eSIM 5GB 30Days	New	4.59	No		Yes	0	0	0	0	100	96.03	0	100	0	0	20	0	0	0	0	0	
TN_5_30	B0FRB7Q96Z	B0FRB7Q96Z	Túnez eSIM 5GB 30Days	New	14.44	No		Yes	0	0	0	0	25	96.03	0	25	0	0	5	0	0	0	0	0	
TRINIDAD-AND-TOBAGO-20GB-30D	B0H6MF31VP	B0H6MF31VP	Trinidad y Tobago eSIM 20GB 30Days	New	96.99	No		Yes	0	0	0	0	25	96.03	0	25	0	0	0	5	0	0	0	0	
TRINIDAD-AND-TOBAGO-3GB-15D	B0H6MJTHXK	B0H6MJTHXK	Trinidad y Tobago eSIM 3GB 15Days	New	22.99	No		Yes	0	0	0	0	25	96.03	0	25	0	0	0	5	0	0	0	0	
TRINIDAD-AND-TOBAGO-5GB-30D	B0H6MJTHY9	B0H6MJTHY9	Trinidad y Tobago eSIM 5GB 30Days	New	33.99	No		Yes	0	0	0	0	25	96.03	0	25	0	0	0	5	0	0	0	0	
TR_20_30	B0FRCYMWCX	B0FRCYMWCX	Turquía eSIM 20GB 30Days	New	16.76	No		Yes	0	0	0	0	100	96.03	0	100	0	0	20	0	0	0	0	0	
TR_3_15	B0FRC2PSHM	B0FRC2PSHM	Turquía eSIM 3GB 15Days	New	6.33	No		Yes	0	0	0	0	100	96.03	0	100	0	0	15	5	0	0	0	0	
TR_5_30	B0FRCBZ1BB	B0FRCBZ1BB	Turquía eSIM 5GB 30Days	New	4.59	No		Yes	0	0	0	0	99	96.03	0	99	0	0	19	1	0	0	0	0	
TUNISIA-5GB-30D	B0FRB7Q96Z	B0FRB7Q96Z	Túnez eSIM 5GB 30Days	New	11.99	No		Yes	0	0	0	0	25	96.03	0	25	0	0	5	0	0	0	0	0	
TURKEY-20GB-30D	B0FRCYMWCX	B0FRCYMWCX	Turquía eSIM 20GB 30Days	New	17.99	No		Yes	0	0	0	0	100	96.03	0	100	0	0	20	0	0	0	0	0	
TURKEY-3GB-15D	B0FRC2PSHM	B0FRC2PSHM	Turquía eSIM 3GB 15Days	New	8.99	No		Yes	0	0	0	0	100	96.03	0	100	0	0	15	5	0	0	0	0	
TURKEY-5GB-30D	B0FRCBZ1BB	B0FRCBZ1BB	Turquía eSIM 5GB 30Days	New	8.99	No		Yes	0	0	0	0	99	96.03	0	99	0	0	19	1	0	0	0	0	
TURKS-AND-CAICOS-ISLANDS-20GB-30D	B0H6MLBGX7	B0H6MLBGX7	Islas Turcas y Caicos eSIM 20GB 30Days	New	90.99	No		Yes	0	0	0	0	25	96.03	0	25	0	0	0	5	0	0	0	0	
TURKS-AND-CAICOS-ISLANDS-3GB-15D	B0H6MNNXGL	B0H6MNNXGL	Islas Turcas y Caicos eSIM 3GB 15Days	New	23.99	No		Yes	0	0	0	0	25	96.03	0	25	0	0	0	5	0	0	0	0	
TURKS-AND-CAICOS-ISLANDS-5GB-30D	B0H6MLH1KM	B0H6MLH1KM	Islas Turcas y Caicos eSIM 5GB 30Days	New	29.99	No		Yes	0	0	0	0	25	96.03	0	25	0	0	0	5	0	0	0	0	
TZ_3_15	B0FRC81NPJ	B0FRC81NPJ	Tanzania eSIM 3GB 15Days	New	26.24	No		Yes	0	0	0	0	25	96.03	0	25	0	0	4	1	0	0	0	0	
UGANDA-3GB-15D	B0FRB7F7Z9	B0FRB7F7Z9	Uganda eSIM 3GB 15Days	New	18.99	No		Yes	0	0	0	0	25	96.03	0	25	0	0	0	5	0	0	0	0	
UKRAINE-3GB-15D	B0FRB9SBFR	B0FRB9SBFR	Ucrania eSIM 3GB 15Days	New	8.99	No		Yes	0	0	0	0	25	169.44	0	25	0	0	4	1	0	0	0	0	
UKRAINE-5GB-30D	B0FRC2NRKG	B0FRC2NRKG	Ucrania eSIM 5GB 30Days	New	9.99	No		Yes	0	0	0	0	25	169.44	0	25	0	0	5	0	0	0	0	0	
UNITED-ARAB-EMIRATES-20GB-30D	B0FRB7TFJR	B0FRB7TFJR	Emiratos Árabes Unidos eSIM 20GB 30Days	New	36.99	No		Yes	0	0	0	0	20	96.03	0	20	0	0	0	5	0	0	0	0	
UNITED-ARAB-EMIRATES-3GB-15D	B0FRBBYBGH	B0FRBBYBGH	Emiratos Árabes Unidos eSIM 3GB 15Days	New	12.99	No		Yes	0	0	0	0	20	96.03	0	20	0	0	0	5	0	0	0	0	
UNITED-ARAB-EMIRATES-5GB-30D	B0FRB89XHX	B0FRB89XHX	Emiratos Árabes Unidos eSIM 5GB 30Days	New	15.99	No		Yes	0	0	0	0	20	96.03	0	20	0	0	0	5	0	0	0	0	
UNITED-KINGDOM-20GB-30D	B0FRDGCBTN	B0FRDGCBTN	Reino Unido eSIM 20GB 30Days	New	15.99	No		Yes	0	0	0	0	80	169.44	0	80	0	0	0	20	0	0	0	0	
UNITED-KINGDOM-3GB-15D	B0FRCPD8TS	B0FRCPD8TS	Reino Unido eSIM 3GB 15Days	New	8.99	No		Yes	0	0	0	0	81	169.44	0	81	0	0	0	20	0	0	0	0	
UNITED-KINGDOM-5GB-30D	B0FRDDRGJF	B0FRDDRGJF	Reino Unido eSIM 5GB 30Days	New	9.99	No		Yes	0	0	0	0	80	169.44	0	80	0	0	0	20	0	0	0	0	
UNITED-STATES-3GB-15D	B0FRCFXK3V	B0FRCFXK3V	eSIM de Estados Unidos de 3 GB, 15 días	New	8.99	No		Yes	0	0	0	0	80	96.03	0	80	0	0	0	20	0	0	0	0	
UNITED-STATES-5GB-30D	B0FRC2PQ8H	B0FRC2PQ8H	Estados Unidos eSIM 5GB 30Days	New	9.99	No		Yes	0	0	0	0	80	96.03	0	80	0	0	0	20	0	0	0	0	
URUGUAY-3GB-15D	B0FRB7LHGN	B0FRB7LHGN	Uruguay eSIM 3GB 15Days	New	17.99	No		Yes	0	0	0	0	25	96.03	0	25	0	0	0	5	0	0	0	0	
US_3_15	B0FRCFXK3V	B0FRCFXK3V	eSIM de Estados Unidos de 3 GB, 15 días	New	7.55	No		Yes	0	0	0	0	80	96.03	0	80	0	0	0	20	0	0	0	0	
US_5_30	B0FRC2PQ8H	B0FRC2PQ8H	Estados Unidos eSIM 5GB 30Days	New	6.33	No		Yes	0	0	0	0	80	96.03	0	80	0	0	0	20	0	0	0	0	
UZBEKISTAN-5GB-30D	B0FRBWFZ6M	B0FRBWFZ6M	Uzbekistán eSIM 5GB 30Days	New	9.99	No		Yes	0	0	0	0	25	96.03	0	25	0	0	1	4	0	0	0	0	
VATICAN-CITY-20GB-30D	B0H6MDPLZ9	B0H6MDPLZ9	Ciudad del Vaticano eSIM 20GB 30Days	New	15.99	No		Yes	0	0	0	0	25	96.03	0	25	0	0	0	5	0	0	0	0	
VATICAN-CITY-3GB-15D	B0H6MBMF8G	B0H6MBMF8G	Ciudad del Vaticano eSIM 3GB 15Days	New	8.99	No		Yes	0	0	0	0	25	96.03	0	25	0	0	0	5	0	0	0	0	
VATICAN-CITY-5GB-30D	B0H6M7YXNP	B0H6M7YXNP	Ciudad del Vaticano eSIM 5GB 30Days	New	9.99	No		Yes	0	0	0	0	25	96.03	0	25	0	0	0	5	0	0	0	0	
VIETNAM-20GB-30D	B0FRC2NKC4	B0FRC2NKC4	Vietnam eSIM 20GB 30Days	New	22.99	No		Yes	0	0	0	0	25	96.03	0	25	0	0	1	4	0	0	0	0	
VIETNAM-3GB-15D	B0FRBR2DHW	B0FRBR2DHW	Vietnam eSIM 3GB 15Days	New	8.99	No		Yes	0	0	0	0	25	96.03	0	25	0	0	5	0	0	0	0	0	
VIETNAM-5GB-30D	B0FRCBXRGV	B0FRCBXRGV	Vietnam eSIM 5GB 30Days	New	10.99	No		Yes	0	0	0	0	25	96.03	0	25	0	0	3	2	0	0	0	0	
VN_20_30	B0FRC2NKC4	B0FRC2NKC4	Vietnam eSIM 20GB 30Days	New	0.00	No		Yes	0	0	0	0	25	96.03	0	25	0	0	1	4	0	0	0	0	
VN_3_15	B0FRBR2DHW	B0FRBR2DHW	Vietnam eSIM 3GB 15Days	New	0.00	No		Yes	0	0	0	0	25	96.03	0	25	0	0	5	0	0	0	0	0	
VN_5_30	B0FRCBXRGV	B0FRCBXRGV	Vietnam eSIM 5GB 30Days	New	0.00	No		Yes	0	0	0	0	25	96.03	0	25	0	0	3	2	0	0	0	0	
ZAMBIA-3GB-15D	B0FRC2NSM2	B0FRC2NSM2	Zambia eSIM 3GB 15Days	New	17.99	No		Yes	0	0	0	0	25	96.03	0	25	0	0	0	5	0	0	0	0	
ZAMBIA-5GB-30D	B0FRCL97L4	B0FRCL97L4	Zambia eSIM 5GB 30Days	New	28.99	No		Yes	0	0	0	0	25	96.03	0	25	0	0	0	5	0	0	0	0	
ZA_5_30	B0FRB3R6F3	B0FRB3R6F3	Sudáfrica eSIM 5GB 30Days	New	17.92	No		Yes	0	0	0	0	80	96.03	0	80	0	0	0	20	0	0	0	0	
ZM_3_15	B0FRC2NSM2	B0FRC2NSM2	Zambia eSIM 3GB 15Days	New	0.00	No		Yes	0	0	0	0	25	96.03	0	25	0	0	0	5	0	0	0	0	
ZM_5_30	B0FRCL97L4	B0FRCL97L4	Zambia eSIM 5GB 30Days	New	0.00	No		Yes	0	0	0	0	25	96.03	0	25	0	0	0	5	0	0	0	0	