marketplace,decision,reason,sku,asin,item-name,price,fba-units,status,fulfillment-channel,open-date
UK,DELETE,not in master list,AE_20_30,B0FRB7TFJR,,35.99,0,Inactive,AMAZON_EU,16/09/2025 21:11:09 BST
UK,DELETE,not in master list,AE_3_15,B0FRBBYBGH,,8.99,0,Inactive,AMAZON_EU,16/09/2025 21:11:09 BST
UK,DELETE,not in master list,AE_5_30,B0FRB89XHX,,11.99,0,Inactive,AMAZON_EU,16/09/2025 21:11:09 BST
UK,DELETE,not in master list,AF-29_5_30,B0FR3GK9Z7,,27.99,0,Inactive,AMAZON_EU,14/09/2025 13:12:07 BST
UK,DELETE,not in master list,AL_5_30,B0FR4ZG3Z6,,11.99,0,Inactive,AMAZON_EU,15/09/2025 13:07:20 BST
UK,DELETE,not in master list,AM_20_30,B0FR4ZT5XT,,50.49,0,Inactive,AMAZON_EU,15/09/2025 13:08:42 BST
UK,DELETE,not in master list,AM_3_15,B0FR5BK9R4,,8.99,0,Inactive,AMAZON_EU,15/09/2025 13:08:42 BST
UK,DELETE,not in master list,AR_20_30,B0FR5DCH33,,53.49,0,Inactive,AMAZON_EU,15/09/2025 13:07:30 BST
UK,DELETE,not in master list,AR_3_15,B0FR554SXN,,11.99,0,Inactive,AMAZON_EU,15/09/2025 13:07:30 BST
UK,DELETE,not in master list,AS-20_3_15,B0FR9FZ4RF,,11.99,0,Inactive,AMAZON_EU,16/09/2025 11:48:31 BST
UK,DELETE,not in master list,AS-20_5_30,B0FR9BQNSV,,18.49,0,Inactive,AMAZON_EU,16/09/2025 11:48:31 BST
UK,DELETE,not in master list,AT_20_30,B0FR8XBSBP,,13.49,0,Inactive,AMAZON_EU,16/09/2025 11:51:43 BST
UK,DELETE,not in master list,AT_3_15,B0FR9QSMSP,,2.99,0,Inactive,AMAZON_EU,16/09/2025 11:51:43 BST
UK,DELETE,not in master list,AT_5_30,B0FR8XCH78,,4.49,0,Inactive,AMAZON_EU,16/09/2025 11:51:43 BST
UK,DELETE,not in master list,AU_20_30,B0FR9G1ZQJ,,12.99,0,Inactive,AMAZON_EU,16/09/2025 11:50:20 BST
UK,DELETE,not in master list,AU_3_15,B0FR9SKY4D,,5.49,50,Active,AMAZON_EU,16/09/2025 11:50:20 BST
UK,DELETE,not in master list,AU_5_30,B0FR9JRB62,,6.99,49,Active,AMAZON_EU,16/09/2025 11:50:20 BST
UK,DELETE,not in master list,AX_20_30,B0FR39Q1KJ,,26.49,0,Inactive,AMAZON_EU,14/09/2025 12:41:21 BST
UK,DELETE,not in master list,AX_3_15,B0FR3CCSMB,,4.49,0,Inactive,AMAZON_EU,14/09/2025 12:41:21 BST
UK,DELETE,not in master list,AX_5_30,B0FR3G6JWB,,7.49,0,Inactive,AMAZON_EU,14/09/2025 12:41:21 BST
UK,DELETE,not in master list,AZ_3_15,B0FR9BTC98,,23.49,0,Inactive,AMAZON_EU,16/09/2025 11:51:53 BST
UK,DELETE,not in master list,BA_3_15,B0FR9G8ZVK,,6.99,0,Inactive,AMAZON_EU,16/09/2025 12:12:03 BST
UK,DELETE,not in master list,BD_20_30,B0FR8FJ3HJ,,42.49,0,Inactive,AMAZON_EU,16/09/2025 11:57:36 BST
UK,DELETE,not in master list,BD_3_15,B0FR9L7SG3,,9.49,0,Inactive,AMAZON_EU,16/09/2025 11:57:36 BST
UK,DELETE,not in master list,BD_5_30,B0FR9BQFCM,,14.49,0,Inactive,AMAZON_EU,16/09/2025 11:57:36 BST
UK,DELETE,not in master list,BE_20_30,B0FR9BVRCH,,15.99,30,Active,AMAZON_EU,16/09/2025 12:11:43 BST
UK,DELETE,not in master list,BE_3_15,B0FR9G432K,,5.99,60,Active,AMAZON_EU,16/09/2025 12:11:43 BST
UK,DELETE,not in master list,BE_5_30,B0FR9SXCW6,,6.99,60,Active,AMAZON_EU,16/09/2025 12:11:43 BST
UK,DELETE,not in master list,BF_3_15,B0FR9HWFSK,,23.49,0,Inactive,AMAZON_EU,16/09/2025 12:13:08 BST
UK,DELETE,not in master list,BF_5_30,B0FR9BWKSY,,34.49,0,Inactive,AMAZON_EU,16/09/2025 12:13:08 BST
UK,DELETE,not in master list,BH_3_15,B0FR9K64KF,,8.49,0,Inactive,AMAZON_EU,16/09/2025 11:57:25 BST
UK,DELETE,not in master list,BN_20_30,B0FR9F971C,,66.49,0,Inactive,AMAZON_EU,16/09/2025 12:12:34 BST
UK,DELETE,not in master list,BN_3_15,B0FR9KTJND,,14.99,0,Inactive,AMAZON_EU,16/09/2025 12:12:34 BST
UK,DELETE,not in master list,BO_20_30,B0FR9RH588,,131.99,0,Inactive,AMAZON_EU,16/09/2025 12:11:53 BST
UK,DELETE,not in master list,BO_3_15,B0FR8FKPKH,,22.49,0,Inactive,AMAZON_EU,16/09/2025 12:11:53 BST
UK,DELETE,not in master list,BR_20_30,B0FR9KLZCR,,33.49,0,Inactive,AMAZON_EU,16/09/2025 12:12:24 BST
UK,DELETE,not in master list,BR_3_15,B0FR9G5LKV,,7.49,0,Inactive,AMAZON_EU,16/09/2025 12:12:24 BST
UK,DELETE,not in master list,BW_3_15,B0FR9G7N2Q,,23.49,0,Inactive,AMAZON_EU,16/09/2025 12:12:13 BST
UK,DELETE,not in master list,BY_3_15,B0FR9G3Z82,,8.49,0,Inactive,AMAZON_EU,16/09/2025 11:57:47 BST
UK,DELETE,not in master list,BY_5_30,B0FR8FFT4D,,13.99,0,Inactive,AMAZON_EU,16/09/2025 11:57:47 BST
UK,DELETE,not in master list,CA_20_30,B0FR9BY42D,,22.49,20,Active,AMAZON_EU,23/06/2026 21:13:41 BST
UK,DELETE,not in master list,CA_3_15,B0FR9RZLF3,,6.99,52,Active,AMAZON_EU,23/06/2026 21:12:24 BST
UK,DELETE,not in master list,CA_5_30,B0FR9SYCBK,,9.99,48,Active,AMAZON_EU,23/06/2026 21:12:24 BST
UK,DELETE,not in master list,CF_3_15,B0FR9RK8FP,,23.49,0,Inactive,AMAZON_EU,16/09/2025 12:32:31 BST
UK,DELETE,not in master list,CF_5_30,B0FR9R3NMC,,34.49,0,Inactive,AMAZON_EU,16/09/2025 12:32:31 BST
UK,DELETE,not in master list,CH_20_30,B0FRB6VY7S,,13.99,0,Inactive,AMAZON_EU,16/09/2025 21:05:39 BST
UK,DELETE,not in master list,CH_3_15,B0FRB5LFVC,,4.99,0,Inactive,AMAZON_EU,16/09/2025 21:05:39 BST
UK,DELETE,not in master list,CH_5_30,B0FRB7G4VW,,6.99,0,Inactive,AMAZON_EU,16/09/2025 21:05:39 BST
UK,DELETE,not in master list,CI_3_15,B0FR9HW9DJ,,23.49,0,Inactive,AMAZON_EU,16/09/2025 12:34:06 BST
UK,DELETE,not in master list,CI_5_30,B0FR9V5LYJ,,34.49,0,Inactive,AMAZON_EU,16/09/2025 12:34:06 BST
UK,DELETE,not in master list,CL_3_15,B0FR9RY1RT,,18.99,0,Inactive,AMAZON_EU,16/09/2025 12:32:59 BST
UK,DELETE,not in master list,CM_3_15,B0FR9VJ1ZB,,23.49,0,Inactive,AMAZON_EU,16/09/2025 12:32:03 BST
UK,DELETE,not in master list,CN_20_30,B0FR9GD6X9,,15.99,0,Inactive,AMAZON_EU,16/09/2025 12:33:18 BST
UK,DELETE,not in master list,CN_3_15,B0FR9QZ578,,5.99,25,Active,AMAZON_EU,16/09/2025 12:33:18 BST
UK,DELETE,not in master list,CN_5_30,B0FR9HX7XH,,7.99,24,Active,AMAZON_EU,16/09/2025 12:33:18 BST
UK,DELETE,not in master list,CO_3_15,B0FR9RL8W5,,9.49,0,Inactive,AMAZON_EU,16/09/2025 12:33:28 BST
UK,DELETE,not in master list,CR_3_15,B0FR9LNRMN,,14.99,0,Inactive,AMAZON_EU,16/09/2025 12:33:56 BST
UK,DELETE,not in master list,CY_3_15,B0FR8XJWWG,,2.99,0,Inactive,AMAZON_EU,16/09/2025 12:34:26 BST
UK,DELETE,not in master list,CY_5_30,B0FR8XHWZV,,4.49,0,Inactive,AMAZON_EU,16/09/2025 12:34:26 BST
UK,DELETE,not in master list,CZ_20_30,B0FR9SVN9H,,13.49,0,Inactive,AMAZON_EU,16/09/2025 12:34:35 BST
UK,DELETE,not in master list,CZ_3_15,B0FR9SB2Q3,,2.99,0,Inactive,AMAZON_EU,16/09/2025 12:34:35 BST
UK,DELETE,not in master list,CZ_5_30,B0FR9BY2LF,,4.49,0,Inactive,AMAZON_EU,16/09/2025 12:34:35 BST
UK,DELETE,not in master list,DK_20_30,B0FR9QPF45,,12.99,0,Inactive,AMAZON_EU,16/09/2025 13:23:04 BST
UK,DELETE,not in master list,DK_3_15,B0FR9GSNP4,,2.99,0,Inactive,AMAZON_EU,16/09/2025 13:23:04 BST
UK,DELETE,not in master list,DK_5_30,B0FR8XQYR4,,4.49,0,Inactive,AMAZON_EU,16/09/2025 13:23:04 BST
UK,DELETE,not in master list,DO_20_30,B0FR9C6DJF,,83.99,0,Inactive,AMAZON_EU,16/09/2025 13:23:14 BST
UK,DELETE,not in master list,DO_3_15,B0FR9GSKZF,,18.99,0,Inactive,AMAZON_EU,16/09/2025 13:23:14 BST
UK,DELETE,not in master list,DO_5_30,B0FR9GQKCM,,27.99,0,Inactive,AMAZON_EU,16/09/2025 13:23:14 BST
UK,DELETE,not in master list,EC_3_15,B0FR9RM6MP,,14.99,0,Inactive,AMAZON_EU,16/09/2025 13:23:23 BST
UK,DELETE,not in master list,EE_20_30,B0FR9L527N,,14.49,0,Inactive,AMAZON_EU,16/09/2025 13:23:52 BST
UK,DELETE,not in master list,EE_3_15,B0FR9GST1S,,2.99,0,Inactive,AMAZON_EU,16/09/2025 13:23:52 BST
UK,DELETE,not in master list,EE_5_30,B0FR9GQYKB,,4.49,0,Inactive,AMAZON_EU,16/09/2025 13:23:52 BST
UK,DELETE,not in master list,EG_20_30,B0FR9GQBGL,,29.99,5,Active,AMAZON_EU,16/09/2025 13:23:33 BST
UK,DELETE,not in master list,EG_3_15,B0FR9C784N,,8.99,18,Active,AMAZON_EU,16/09/2025 13:23:33 BST
UK,DELETE,not in master list,EG_5_30,B0FR9LR5KJ,,11.49,0,Inactive,AMAZON_EU,16/09/2025 13:23:33 BST
UK,DELETE,not in master list,ES_20_30,B0FRCMPGPL,,14.99,42,Active,AMAZON_EU,16/09/2025 21:04:49 BST
UK,DELETE,not in master list,ES_3_15,B0FRCDHTZ7,,5.99,247,Active,AMAZON_EU,16/09/2025 21:04:49 BST
UK,DELETE,not in master list,ES_5_30,B0FRBQCLZN,,7.99,116,Active,AMAZON_EU,16/09/2025 21:04:49 BST
UK,DELETE,not in master list,EU-42_20_30,B0FR9TNPV3,,42.49,0,Inactive,AMAZON_EU,16/09/2025 13:24:11 BST
UK,DELETE,not in master list,EU-42_5_30,B0FR9RYSSS,,14.49,0,Inactive,AMAZON_EU,16/09/2025 13:24:11 BST
UK,DELETE,not in master list,FI_3_15,B0FR9GSND6,,2.49,0,Inactive,AMAZON_EU,16/09/2025 13:30:38 BST
UK,DELETE,not in master list,FI_5_30,B0FR9SB3BJ,,3.49,0,Inactive,AMAZON_EU,16/09/2025 13:30:38 BST
UK,DELETE,not in master list,FR_20_30,B0FR9GPMC5,,18.99,45,Active,AMAZON_EU,16/09/2025 13:30:48 BST
UK,DELETE,not in master list,FR_3_15,B0FR9C5ZB6,,6.99,248,Active,AMAZON_EU,16/09/2025 13:30:48 BST
UK,DELETE,not in master list,FR_5_30,B0FR9LMDW5,,8.99,191,Active,AMAZON_EU,16/09/2025 13:30:48 BST
UK,DELETE,not in master list,GA_3_15,B0FR9GPX9T,,14.99,0,Inactive,AMAZON_EU,16/09/2025 13:30:57 BST
UK,DELETE,not in master list,GB_20_30,B0FRDGCBTN,,12.49,0,Inactive,AMAZON_EU,16/09/2025 23:11:31 BST
UK,DELETE,not in master list,GB_3_15,B0FRCPD8TS,,3.99,0,Inactive,AMAZON_EU,16/09/2025 23:11:31 BST
UK,DELETE,not in master list,GB_5_30,B0FRDDRGJF,,4.99,0,Inactive,AMAZON_EU,16/09/2025 23:11:31 BST
UK,DELETE,not in master list,GE_20_30,B0FR9C73NK,,22.49,0,Inactive,AMAZON_EU,16/09/2025 13:31:06 BST
UK,DELETE,not in master list,GE_3_15,B0FR9KMX2N,,4.99,0,Inactive,AMAZON_EU,16/09/2025 13:31:06 BST
UK,DELETE,not in master list,GG_20_30,B0FR9LYWWY,,45.49,0,Inactive,AMAZON_EU,16/09/2025 13:32:44 BST
UK,DELETE,not in master list,GG_3_15,B0FR9SMWDN,,9.49,0,Inactive,AMAZON_EU,16/09/2025 13:32:44 BST
UK,DELETE,not in master list,GG_5_30,B0FR9C5PXR,,15.49,0,Inactive,AMAZON_EU,16/09/2025 13:32:44 BST
UK,DELETE,not in master list,GI_3_15,B0FR8XSPMC,,9.49,0,Inactive,AMAZON_EU,16/09/2025 13:31:26 BST
UK,DELETE,not in master list,GL-139_5_30,B0FR9VNTLY,,39.49,0,Inactive,AMAZON_EU,16/09/2025 13:31:57 BST
UK,DELETE,not in master list,GP_20_30,B0FR8XTBF6,,42.49,0,Inactive,AMAZON_EU,16/09/2025 13:32:15 BST
UK,DELETE,not in master list,GP_3_15,B0FR9TMVWK,,9.49,0,Inactive,AMAZON_EU,16/09/2025 13:32:15 BST
UK,DELETE,not in master list,GR_20_30,B0FR9KJGBG,,15.99,14,Active,AMAZON_EU,16/09/2025 13:32:06 BST
UK,DELETE,not in master list,GR_3_15,B0FR9L85F6,,4.99,100,Active,AMAZON_EU,16/09/2025 13:32:06 BST
UK,DELETE,not in master list,GR_5_30,B0FR9C7SMF,,4.49,68,Active,AMAZON_EU,16/09/2025 13:32:06 BST
UK,DELETE,not in master list,GT_1_7,B0FR9GRY7G,,7.49,0,Inactive,AMAZON_EU,16/09/2025 13:32:35 BST
UK,DELETE,not in master list,GT_3_15,B0FR9VC6VD,,18.99,0,Inactive,AMAZON_EU,16/09/2025 13:32:35 BST
UK,DELETE,not in master list,GU_20_30,B0FR9C7MGP,,53.49,0,Inactive,AMAZON_EU,16/09/2025 13:32:25 BST
UK,DELETE,not in master list,GU_3_15,B0FR9GVSSF,,11.99,0,Inactive,AMAZON_EU,16/09/2025 13:32:25 BST
UK,DELETE,not in master list,GU_5_30,B0FR9SVP8Y,,18.49,0,Inactive,AMAZON_EU,16/09/2025 13:32:25 BST
UK,DELETE,not in master list,HAJJ-LUXURY-ESIM,B0H4Q6N5RX,,,0,Incomplete,DEFAULT,10/06/2026 07:00:51 BST
UK,DELETE,not in master list,HN_3_15,B0FR9ZYV5G,,14.99,0,Inactive,AMAZON_EU,16/09/2025 13:51:39 BST
UK,DELETE,not in master list,HR_20_30,B0FR9TYCSL,,12.99,0,Inactive,AMAZON_EU,16/09/2025 12:34:15 BST
UK,DELETE,not in master list,HR_3_15,B0FR9GDKT1,,2.99,0,Inactive,AMAZON_EU,16/09/2025 12:34:15 BST
UK,DELETE,not in master list,HR_5_30,B0FR9BVV58,,4.49,0,Inactive,AMAZON_EU,16/09/2025 12:34:15 BST
UK,DELETE,not in master list,HU_20_30,B0FR9ZVYYQ,,14.49,0,Inactive,AMAZON_EU,16/09/2025 13:51:50 BST
UK,DELETE,not in master list,HU_3_15,B0FR9C9JVW,,2.99,0,Inactive,AMAZON_EU,16/09/2025 13:51:50 BST
UK,DELETE,not in master list,HU_3_30,B0FR9CB5TX,,3.49,0,Inactive,AMAZON_EU,16/09/2025 13:51:50 BST
UK,DELETE,not in master list,HU_5_30,B0FR9GY3R5,,4.49,0,Inactive,AMAZON_EU,16/09/2025 13:51:50 BST
UK,DELETE,not in master list,ID_20_30,B0FR9QXRDQ,,13.99,10,Active,AMAZON_EU,16/09/2025 13:52:27 BST
UK,DELETE,not in master list,ID_3_15,B0FR9T6QPZ,,4.99,30,Active,AMAZON_EU,16/09/2025 13:52:27 BST
UK,DELETE,not in master list,ID_5_30,B0FR8XW5DR,,3.49,20,Active,AMAZON_EU,16/09/2025 13:52:27 BST
UK,DELETE,not in master list,IE_20_30,B0FR9SZG2Z,,14.99,36,Active,AMAZON_EU,16/09/2025 13:52:46 BST
UK,DELETE,not in master list,IE_3_15,B0FR8XV57F,,4.99,77,Active,AMAZON_EU,16/09/2025 13:52:46 BST
UK,DELETE,not in master list,IE_5_30,B0FR9GYKQL,,4.49,70,Active,AMAZON_EU,16/09/2025 13:52:46 BST
UK,DELETE,not in master list,IL_20_30,B0FR9K8SQ1,,22.49,0,Inactive,AMAZON_EU,16/09/2025 13:53:05 BST
UK,DELETE,not in master list,IL_3_15,B0FR9M11H1,,4.99,0,Inactive,AMAZON_EU,16/09/2025 13:53:05 BST
UK,DELETE,not in master list,IL_5_30,B0FR8XVZZM,,7.49,0,Inactive,AMAZON_EU,16/09/2025 13:53:05 BST
UK,DELETE,not in master list,IM_20_30,B0FR9CB5LK,,17.49,0,Inactive,AMAZON_EU,16/09/2025 13:52:55 BST
UK,DELETE,not in master list,IM_3_15,B0FR9LZ7RL,,3.49,0,Inactive,AMAZON_EU,16/09/2025 13:52:55 BST
UK,DELETE,not in master list,IM_5_30,B0FR9M27XY,,5.99,0,Inactive,AMAZON_EU,16/09/2025 13:52:55 BST
UK,DELETE,not in master list,IN_20_30,B0FR9DYMHX,,34.99,9,Active,AMAZON_EU,16/09/2025 13:52:18 BST
UK,DELETE,not in master list,IN_3_15,B0FR9ZM116,,9.99,49,Active,AMAZON_EU,16/09/2025 13:52:18 BST
UK,DELETE,not in master list,IN_5_30,B0FR9GXWN9,,13.99,35,Active,AMAZON_EU,16/09/2025 13:52:18 BST
UK,DELETE,not in master list,IS_20_30,B0FR9GX6LF,,22.49,0,Inactive,AMAZON_EU,16/09/2025 13:52:09 BST
UK,DELETE,not in master list,IS_3_15,B0FR9TBBK1,,4.49,0,Inactive,AMAZON_EU,16/09/2025 13:52:09 BST
UK,DELETE,not in master list,IS_5_30,B0FR9ZWQBD,,7.49,0,Inactive,AMAZON_EU,16/09/2025 13:52:09 BST
UK,DELETE,not in master list,IT_20_30,B0FR9RNZV2,,13.99,40,Active,AMAZON_EU,16/09/2025 13:53:16 BST
UK,DELETE,not in master list,IT_3_15,B0FR9GXZ18,,4.99,100,Active,AMAZON_EU,16/09/2025 13:53:16 BST
UK,DELETE,not in master list,IT_5_30,B0FR9ZR2TH,,3.49,81,Active,AMAZON_EU,16/09/2025 13:53:16 BST
UK,DELETE,not in master list,JE_20_30,B0FR9CBQDH,,10.99,0,Inactive,AMAZON_EU,16/09/2025 13:56:39 BST
UK,DELETE,not in master list,JE_3_15,B0FR9GYMR5,,2.49,0,Inactive,AMAZON_EU,16/09/2025 13:56:39 BST
UK,DELETE,not in master list,JE_5_30,B0FR9M27GP,,3.49,0,Inactive,AMAZON_EU,16/09/2025 13:56:39 BST
UK,DELETE,not in master list,JO_20_30,B0FR9ST188,,26.49,0,Inactive,AMAZON_EU,16/09/2025 13:56:51 BST
UK,DELETE,not in master list,JO_3_15,B0FR9M144Z,,6.49,0,Inactive,AMAZON_EU,16/09/2025 13:56:51 BST
UK,DELETE,not in master list,JO_5_30,B0FR9ZTZNK,,9.49,0,Inactive,AMAZON_EU,16/09/2025 13:56:51 BST
UK,DELETE,not in master list,JP_20_30,B0FR9RZKRB,,13.99,0,Inactive,AMAZON_EU,16/09/2025 13:56:30 BST
UK,DELETE,not in master list,JP_3_15,B0FR9LVZVQ,,4.99,19,Active,AMAZON_EU,16/09/2025 13:56:30 BST
UK,DELETE,not in master list,JP_5_30,B0FR9TLXXH,,3.49,0,Inactive,AMAZON_EU,16/09/2025 13:56:30 BST
UK,DELETE,not in master list,KA-73H6-28KP,B0H2MMQ2PD,,19.95,0,Inactive,AMAZON_EU,22/05/2026 13:30:55 BST
UK,DELETE,not in master list,KE_3_15,B0FR9GZ14G,,21.99,27,Active,AMAZON_EU,16/09/2025 13:57:10 BST
UK,DELETE,not in master list,KE_5_30,B0FR9T4DG6,,29.99,30,Active,AMAZON_EU,16/09/2025 13:57:10 BST
UK,DELETE,not in master list,KG_20_30,B0FR8XXBHM,,33.49,0,Inactive,AMAZON_EU,16/09/2025 14:01:22 BST
UK,DELETE,not in master list,KG_3_15,B0FR9TVF4R,,7.49,0,Inactive,AMAZON_EU,16/09/2025 14:01:22 BST
UK,DELETE,not in master list,KH_20_30,B0FR9GFJPL,,33.49,0,Inactive,AMAZON_EU,16/09/2025 12:33:38 BST
UK,DELETE,not in master list,KH_3_15,B0FR8XKMJ4,,7.49,0,Inactive,AMAZON_EU,16/09/2025 12:33:38 BST
UK,DELETE,not in master list,KR_20_30,B0FRC4P51Z,,10.99,0,Inactive,AMAZON_EU,16/09/2025 23:00:35 BST
UK,DELETE,not in master list,KR_3_15,B0FRC4RTDF,,2.49,0,Inactive,AMAZON_EU,16/09/2025 23:00:35 BST
UK,DELETE,not in master list,KR_5_30,B0FRD9LC4C,,3.49,0,Inactive,AMAZON_EU,16/09/2025 23:00:35 BST
UK,DELETE,not in master list,KW_20_30,B0FR9KBF4P,,33.49,0,Inactive,AMAZON_EU,16/09/2025 14:01:11 BST
UK,DELETE,not in master list,KW_3_15,B0FR9LZJ3X,,7.49,0,Inactive,AMAZON_EU,16/09/2025 14:01:11 BST
UK,DELETE,not in master list,KW_5_30,B0FR9M2TXP,,11.49,0,Inactive,AMAZON_EU,16/09/2025 14:01:11 BST
UK,DELETE,not in master list,KZ_20_30,B0FR9TLNNW,,22.49,0,Inactive,AMAZON_EU,16/09/2025 13:57:01 BST
UK,DELETE,not in master list,KZ_3_15,B0FR9T4DG2,,4.99,0,Inactive,AMAZON_EU,16/09/2025 13:57:01 BST
UK,DELETE,not in master list,KZ_5_30,B0FR9ZMMSH,,7.49,0,Inactive,AMAZON_EU,16/09/2025 13:57:01 BST
UK,DELETE,not in master list,LI_3_15,B0FR9S35ZH,,4.49,0,Inactive,AMAZON_EU,16/09/2025 14:01:51 BST
UK,DELETE,not in master list,LK_20_30,B0FRC2DZN5,,35.99,0,Inactive,AMAZON_EU,16/09/2025 21:04:59 BST
UK,DELETE,not in master list,LK_3_15,B0FRB7Z1NW,,5.49,0,Inactive,AMAZON_EU,16/09/2025 21:05:00 BST
UK,DELETE,not in master list,LK_5_30,B0FRB64B8M,,9.49,0,Inactive,AMAZON_EU,16/09/2025 21:04:59 BST
UK,DELETE,not in master list,LR_3_15,B0FR9H18JQ,,18.99,0,Inactive,AMAZON_EU,16/09/2025 14:01:41 BST
UK,DELETE,not in master list,LR_5_30,B0FR9SJ1YH,,27.99,0,Inactive,AMAZON_EU,16/09/2025 14:01:41 BST
UK,DELETE,not in master list,LT_20_30,B0FR9TQN8N,,22.49,0,Inactive,AMAZON_EU,16/09/2025 14:02:01 BST
UK,DELETE,not in master list,LT_3_15,B0FR9KS3P4,,2.99,0,Inactive,AMAZON_EU,16/09/2025 14:02:01 BST
UK,DELETE,not in master list,LT_5_30,B0FR9R598C,,4.49,0,Inactive,AMAZON_EU,16/09/2025 14:02:01 BST
UK,DELETE,not in master list,LU_20_30,B0FR8XXXZB,,14.49,0,Inactive,AMAZON_EU,16/09/2025 14:10:27 BST
UK,DELETE,not in master list,LU_3_15,B0FR9SHRKM,,2.99,0,Inactive,AMAZON_EU,16/09/2025 14:10:27 BST
UK,DELETE,not in master list,LU_5_30,B0FR9SB862,,4.49,0,Inactive,AMAZON_EU,16/09/2025 14:10:27 BST
UK,DELETE,not in master list,LV_20_30,B0FR9SWN6V,,14.49,0,Inactive,AMAZON_EU,16/09/2025 14:01:31 BST
UK,DELETE,not in master list,LV_3_15,B0FR9VM4K6,,2.99,0,Inactive,AMAZON_EU,16/09/2025 14:01:31 BST
UK,DELETE,not in master list,LV_5_30,B0FR9TR99S,,4.49,0,Inactive,AMAZON_EU,16/09/2025 14:01:31 BST
UK,DELETE,not in master list,MA_20_30,B0FR9M57DY,,24.99,10,Active,AMAZON_EU,16/09/2025 14:17:28 BST
UK,DELETE,not in master list,MA_3_15,B0FR9CFZQR,,6.99,26,Active,AMAZON_EU,16/09/2025 14:17:28 BST
UK,DELETE,not in master list,MA_5_30,B0FR9CDDQ8,,7.49,0,Inactive,AMAZON_EU,16/09/2025 14:17:28 BST
UK,DELETE,not in master list,MC_3_15,B0FR9ZS6GM,,23.49,0,Inactive,AMAZON_EU,16/09/2025 14:12:31 BST
UK,DELETE,not in master list,MC_5_30,B0FR9H1H4M,,34.49,0,Inactive,AMAZON_EU,16/09/2025 14:12:31 BST
UK,DELETE,not in master list,MD_3_15,B0FR9CFQYY,,6.49,0,Inactive,AMAZON_EU,16/09/2025 14:12:22 BST
UK,DELETE,not in master list,ME-13_5_30,B0FR9SYKP6,,34.49,0,Inactive,AMAZON_EU,16/09/2025 14:12:12 BST
UK,DELETE,not in master list,ME_3_15,B0FR9R5HR7,,7.49,0,Inactive,AMAZON_EU,16/09/2025 14:15:45 BST
UK,DELETE,not in master list,MG_3_15,B0FR9H2NS1,,14.99,0,Inactive,AMAZON_EU,16/09/2025 14:10:48 BST
UK,DELETE,not in master list,MK_3_15,B0FRB59DJS,,7.49,0,Inactive,AMAZON_EU,16/09/2025 18:04:30 BST
UK,DELETE,not in master list,MK_5_30,B0FR9WNHHX,,11.49,0,Inactive,AMAZON_EU,16/09/2025 18:04:30 BST
UK,DELETE,not in master list,ML_3_15,B0FR9TRDSY,,23.49,0,Inactive,AMAZON_EU,16/09/2025 14:11:16 BST
UK,DELETE,not in master list,MN_3_15,B0FR9LSYTX,,45.49,0,Inactive,AMAZON_EU,16/09/2025 14:12:41 BST
UK,DELETE,not in master list,MO_20_30,B0FR9CDBN2,,10.99,0,Inactive,AMAZON_EU,16/09/2025 14:10:38 BST
UK,DELETE,not in master list,MO_3_15,B0FR9M485M,,2.49,0,Inactive,AMAZON_EU,16/09/2025 14:10:38 BST
UK,DELETE,not in master list,MO_5_30,B0FR9L9624,,3.49,0,Inactive,AMAZON_EU,16/09/2025 14:10:38 BST
UK,DELETE,not in master list,MT_20_30,B0FR9VL1Q9,,22.49,0,Inactive,AMAZON_EU,16/09/2025 14:11:25 BST
UK,DELETE,not in master list,MT_3_15,B0FR9M3PNR,,3.99,0,Inactive,AMAZON_EU,16/09/2025 14:11:25 BST
UK,DELETE,not in master list,MT_5_30,B0FR9ZSMTC,,7.49,0,Inactive,AMAZON_EU,16/09/2025 14:11:25 BST
UK,DELETE,not in master list,MW_3_15,B0FR9H3JDK,,18.99,0,Inactive,AMAZON_EU,16/09/2025 14:10:57 BST
UK,DELETE,not in master list,MW_5_30,B0FR9GXY24,,27.99,0,Inactive,AMAZON_EU,16/09/2025 14:10:57 BST
UK,DELETE,not in master list,MX_20_30,B0FR9VDSJX,,33.49,0,Inactive,AMAZON_EU,16/09/2025 14:11:45 BST
UK,DELETE,not in master list,MX_3_15,B0FR9SZSTG,,7.49,0,Inactive,AMAZON_EU,16/09/2025 14:11:45 BST
UK,DELETE,not in master list,MX_5_30,B0FR9H2K1C,,11.49,0,Inactive,AMAZON_EU,16/09/2025 14:11:45 BST
UK,DELETE,not in master list,MY_20_30,B0FR9VMWYD,,13.99,9,Active,AMAZON_EU,16/09/2025 14:11:07 BST
UK,DELETE,not in master list,MY_3_15,B0FR9H1Q65,,4.99,20,Active,AMAZON_EU,16/09/2025 14:11:07 BST
UK,DELETE,not in master list,MY_5_30,B0FR9LDGX8,,6.99,20,Active,AMAZON_EU,16/09/2025 14:11:07 BST
UK,DELETE,not in master list,MZ_20_30,B0FR9CFLS7,,83.99,0,Inactive,AMAZON_EU,16/09/2025 14:17:38 BST
UK,DELETE,not in master list,MZ_3_15,B0FRB1M6HK,,18.99,0,Inactive,AMAZON_EU,16/09/2025 14:17:38 BST
UK,DELETE,not in master list,NA-3_1_30,B0FRBVJ97P,,3.49,0,Inactive,AMAZON_EU,16/09/2025 18:04:19 BST
UK,DELETE,not in master list,NA-3_5_30,B0FRBDQ8H5,,11.49,0,Inactive,AMAZON_EU,16/09/2025 18:04:19 BST
UK,DELETE,not in master list,NE_3_15,B0FR9NPT1H,,23.49,0,Inactive,AMAZON_EU,16/09/2025 18:04:00 BST
UK,DELETE,not in master list,NG_3_15,B0FR9X17QY,,14.99,0,Inactive,AMAZON_EU,16/09/2025 18:04:09 BST
UK,DELETE,not in master list,NI_3_15,B0FRB33MPG,,14.99,0,Inactive,AMAZON_EU,16/09/2025 18:03:50 BST
UK,DELETE,not in master list,NL_20_30,B0FR9NG7LB,,16.99,20,Active,AMAZON_EU,16/09/2025 18:03:30 BST
UK,DELETE,not in master list,NL_3_15,B0FRB5GNM2,,4.99,70,Active,AMAZON_EU,16/09/2025 18:03:30 BST
UK,DELETE,not in master list,NL_5_30,B0FR9NHP7Q,,4.49,56,Active,AMAZON_EU,16/09/2025 18:03:30 BST
UK,DELETE,not in master list,NO_20_30,B0FRB572L8,,10.99,0,Inactive,AMAZON_EU,16/09/2025 18:04:40 BST
UK,DELETE,not in master list,NO_3_15,B0FR9WNK2H,,2.49,0,Inactive,AMAZON_EU,16/09/2025 18:04:40 BST
UK,DELETE,not in master list,NO_5_30,B0FRBNPZ9D,,3.49,0,Inactive,AMAZON_EU,16/09/2025 18:04:40 BST
UK,DELETE,not in master list,NP_3_15,B0FRB1TD7L,,27.99,0,Inactive,AMAZON_EU,16/09/2025 18:03:20 BST
UK,DELETE,not in master list,NZ_20_30,B0FRB1TWT8,,18.49,0,Inactive,AMAZON_EU,16/09/2025 18:03:41 BST
UK,DELETE,not in master list,NZ_3_15,B0FR9NKXF5,,3.99,0,Inactive,AMAZON_EU,16/09/2025 18:03:41 BST
UK,DELETE,not in master list,NZ_5_30,B0FR9NHFWQ,,6.99,0,Inactive,AMAZON_EU,16/09/2025 18:03:41 BST
UK,DELETE,not in master list,OM_20_30,B0FRB4R3FK,,59.99,0,Inactive,AMAZON_EU,16/09/2025 18:06:53 BST
UK,DELETE,not in master list,OM_3_15,B0FRB4BL4W,,11.49,0,Inactive,AMAZON_EU,16/09/2025 18:06:53 BST
UK,DELETE,not in master list,PA_3_15,B0FRB3VFW6,,14.99,0,Inactive,AMAZON_EU,16/09/2025 18:07:14 BST
UK,DELETE,not in master list,PH_20_30,B0FRB4K2D4,,28.99,10,Active,AMAZON_EU,16/09/2025 18:07:43 BST
UK,DELETE,not in master list,PH_3_15,B0FRB1GVXK,,7.99,19,Active,AMAZON_EU,16/09/2025 18:07:43 BST
UK,DELETE,not in master list,PH_5_30,B0FRB4VCKG,,10.99,20,Active,AMAZON_EU,16/09/2025 18:07:43 BST
UK,DELETE,not in master list,PK_20_30,B0FRB691X8,,26.49,0,Inactive,AMAZON_EU,16/09/2025 18:07:02 BST
UK,DELETE,not in master list,PK_3_15,B0FRB4HL3B,,6.49,0,Inactive,AMAZON_EU,16/09/2025 18:07:02 BST
UK,DELETE,not in master list,PK_5_30,B0FRB48QKZ,,9.49,0,Inactive,AMAZON_EU,16/09/2025 18:07:02 BST
UK,DELETE,not in master list,PL_20_30,B0FRB5HSK7,,13.99,20,Active,AMAZON_EU,16/09/2025 18:07:52 BST
UK,DELETE,not in master list,PL_3_15,B0FRB4JVKR,,4.99,70,Active,AMAZON_EU,16/09/2025 18:07:52 BST
UK,DELETE,not in master list,PL_5_30,B0FRBDPQ9J,,3.49,52,Active,AMAZON_EU,16/09/2025 18:07:52 BST
UK,DELETE,not in master list,PR_3_15,B0FRB5MSF1,,9.49,0,Inactive,AMAZON_EU,16/09/2025 18:08:42 BST
UK,DELETE,not in master list,PR_5_30,B0FR9WMX9V,,14.49,0,Inactive,AMAZON_EU,16/09/2025 18:08:42 BST
UK,DELETE,not in master list,PT_20_30,B0FRB354KV,,16.99,27,Active,AMAZON_EU,16/09/2025 18:08:32 BST
UK,DELETE,not in master list,PT_3_15,B0FRB4314T,,4.99,89,Active,AMAZON_EU,16/09/2025 18:08:32 BST
UK,DELETE,not in master list,PT_5_30,B0FRB4X799,,4.49,73,Active,AMAZON_EU,16/09/2025 18:08:32 BST
UK,DELETE,not in master list,PY_3_15,B0FRB3V7CS,,14.99,0,Inactive,AMAZON_EU,16/09/2025 18:07:24 BST
UK,DELETE,not in master list,QA_20_30,B0FR9X3QGM,,53.49,0,Inactive,AMAZON_EU,16/09/2025 18:10:11 BST
UK,DELETE,not in master list,QA_3_15,B0FR9NXH43,,11.99,0,Inactive,AMAZON_EU,16/09/2025 18:10:11 BST
UK,DELETE,not in master list,QA_5_30,B0FR9X5KB1,,18.49,0,Inactive,AMAZON_EU,16/09/2025 18:10:11 BST
UK,DELETE,not in master list,RE_3_15,B0FRB3KCNQ,,9.49,0,Inactive,AMAZON_EU,16/09/2025 18:10:21 BST
UK,DELETE,not in master list,RE_5_30,B0FRB47TQW,,14.49,0,Inactive,AMAZON_EU,16/09/2025 18:10:21 BST
UK,DELETE,not in master list,RS_20_30,B0FRB5K8JC,,42.49,0,Inactive,AMAZON_EU,16/09/2025 18:17:07 BST
UK,DELETE,not in master list,RS_3_15,B0FRB5TJV2,,9.49,0,Inactive,AMAZON_EU,16/09/2025 18:17:07 BST
UK,DELETE,not in master list,SA-18_5_30,B0FRB8D7HC,,27.99,0,Inactive,AMAZON_EU,16/09/2025 21:04:29 BST
UK,DELETE,not in master list,SA_20_30,B0FRB5PZTS,,42.49,0,Inactive,AMAZON_EU,16/09/2025 18:13:26 BST
UK,DELETE,not in master list,SA_3_15,B0FRB3N2KL,,7.99,0,Inactive,AMAZON_EU,16/09/2025 18:13:26 BST
UK,DELETE,not in master list,SA_5_30,B0FRB1SRZY,,13.49,0,Inactive,AMAZON_EU,16/09/2025 18:13:26 BST
UK,DELETE,not in master list,SC_3_15,B0FRB55T3H,,14.99,0,Inactive,AMAZON_EU,16/09/2025 18:17:16 BST
UK,DELETE,not in master list,SC_5_30,B0FR9P7N6M,,22.99,0,Inactive,AMAZON_EU,16/09/2025 18:17:16 BST
UK,DELETE,not in master list,SD_3_15,B0FRCKTXNQ,,35.99,0,Inactive,AMAZON_EU,16/09/2025 21:05:10 BST
UK,DELETE,not in master list,SD_5_30,B0FRC799N3,,54.49,0,Inactive,AMAZON_EU,16/09/2025 21:05:10 BST
UK,DELETE,not in master list,SE_20_30,B0FRB7X5SP,,14.49,0,Inactive,AMAZON_EU,16/09/2025 21:05:29 BST
UK,DELETE,not in master list,SE_3_15,B0FRCC6W9S,,2.99,0,Inactive,AMAZON_EU,16/09/2025 21:05:29 BST
UK,DELETE,not in master list,SE_5_30,B0FRCS524D,,4.49,0,Inactive,AMAZON_EU,16/09/2025 21:05:29 BST
UK,DELETE,not in master list,SG_20_30,B0FRB256K8,,14.99,10,Active,AMAZON_EU,16/09/2025 18:17:25 BST
UK,DELETE,not in master list,SG_5_30,B0FR9X3Y3R,,7.99,20,Active,AMAZON_EU,16/09/2025 18:17:25 BST
UK,DELETE,not in master list,SI_20_30,B0FR9X15V2,,14.49,0,Inactive,AMAZON_EU,16/09/2025 18:17:43 BST
UK,DELETE,not in master list,SI_3_15,B0FR9XCF27,,2.99,0,Inactive,AMAZON_EU,16/09/2025 18:17:43 BST
UK,DELETE,not in master list,SI_5_30,B0FRB3SJMR,,4.49,0,Inactive,AMAZON_EU,16/09/2025 18:17:43 BST
UK,DELETE,not in master list,SK_20_30,B0FRB14YYC,,14.49,0,Inactive,AMAZON_EU,16/09/2025 18:17:35 BST
UK,DELETE,not in master list,SK_3_15,B0FR9XC4BW,,2.99,0,Inactive,AMAZON_EU,16/09/2025 18:17:35 BST
UK,DELETE,not in master list,SK_5_30,B0FRB2X84M,,4.49,0,Inactive,AMAZON_EU,16/09/2025 18:17:35 BST
UK,DELETE,not in master list,SN_3_15,B0FRB4HX92,,24.99,30,Active,AMAZON_EU,16/09/2025 18:13:36 BST
UK,DELETE,not in master list,SN_5_30,B0FRB68H77,,36.99,20,Active,AMAZON_EU,16/09/2025 18:13:36 BST
UK,DELETE,not in master list,SV_3_15,B0FR9LJ7X4,,18.99,0,Inactive,AMAZON_EU,16/09/2025 13:23:42 BST
UK,DELETE,not in master list,TD_3_15,B0FR9SG4MK,,18.99,0,Inactive,AMAZON_EU,16/09/2025 12:32:49 BST
UK,DELETE,not in master list,TD_5_30,B0FR9L414C,,27.99,0,Inactive,AMAZON_EU,16/09/2025 12:32:49 BST
UK,DELETE,not in master list,TH_20_30,B0FRCHW3MW,,14.99,0,Inactive,AMAZON_EU,16/09/2025 21:10:17 BST
UK,DELETE,not in master list,TH_3_15,B0FRCDPJSH,,5.99,0,Inactive,AMAZON_EU,16/09/2025 21:10:17 BST
UK,DELETE,not in master list,TH_5_30,B0FR9Q5D1J,,3.49,0,Inactive,AMAZON_EU,16/09/2025 21:10:17 BST
UK,DELETE,not in master list,TN_5_30,B0FRB7Q96Z,,11.99,0,Inactive,AMAZON_EU,16/09/2025 21:10:28 BST
UK,DELETE,not in master list,TR_20_30,B0FRCYMWCX,,13.99,0,Inactive,AMAZON_EU,16/09/2025 21:10:38 BST
UK,DELETE,not in master list,TR_3_15,B0FRC2PSHM,,4.99,0,Inactive,AMAZON_EU,16/09/2025 21:10:38 BST
UK,DELETE,not in master list,TR_5_30,B0FRCBZ1BB,,3.49,0,Inactive,AMAZON_EU,16/09/2025 21:10:38 BST
UK,DELETE,not in master list,TZ_3_15,B0FRC81NPJ,,21.99,0,Inactive,AMAZON_EU,16/09/2025 21:10:08 BST
UK,DELETE,not in master list,UA_3_15,B0FRB9SBFR,,2.49,0,Inactive,AMAZON_EU,16/09/2025 21:10:59 BST
UK,DELETE,not in master list,UA_5_30,B0FRC2NRKG,,3.49,0,Inactive,AMAZON_EU,16/09/2025 21:10:59 BST
UK,DELETE,not in master list,UG_3_15,B0FRB7F7Z9,,18.99,0,Inactive,AMAZON_EU,16/09/2025 21:10:49 BST
UK,DELETE,not in master list,US_3_15,B0FRCFXK3V,,5.99,0,Inactive,AMAZON_EU,16/09/2025 21:11:28 BST
UK,DELETE,not in master list,US_5_30,B0FRC2PQ8H,,4.99,0,Inactive,AMAZON_EU,16/09/2025 21:11:28 BST
UK,DELETE,not in master list,UY_3_15,B0FRB7LHGN,,14.99,0,Inactive,AMAZON_EU,16/09/2025 21:11:38 BST
UK,DELETE,not in master list,UZ_5_30,B0FRBWFZ6M,,7.49,0,Inactive,AMAZON_EU,16/09/2025 21:12:55 BST
UK,DELETE,not in master list,VN_20_30,B0FRC2NKC4,,25.49,0,Inactive,AMAZON_EU,16/09/2025 21:13:03 BST
UK,DELETE,not in master list,VN_3_15,B0FRBR2DHW,,7.99,0,Inactive,AMAZON_EU,16/09/2025 21:13:03 BST
UK,DELETE,not in master list,VN_5_30,B0FRCBXRGV,,11.99,0,Inactive,AMAZON_EU,16/09/2025 21:13:03 BST
UK,DELETE,not in master list,ZA_10_30,B0FRB4RSW2,,23.99,26,Active,AMAZON_EU,16/09/2025 18:17:53 BST
UK,DELETE,not in master list,ZA_5_30,B0FRB3R6F3,,14.99,37,Active,AMAZON_EU,16/09/2025 18:17:53 BST
UK,DELETE,not in master list,ZM_3_15,B0FRC2NSM2,,19.99,0,Inactive,AMAZON_EU,16/09/2025 21:13:20 BST
UK,DELETE,not in master list,ZM_5_30,B0FRCL97L4,,28.99,0,Inactive,AMAZON_EU,16/09/2025 21:13:20 BST
UK,KEEP,in master list,AALAND-ISLANDS-20GB-30D,B0FR39Q1KJ,,28.99,0,Inactive,AMAZON_EU,25/06/2026 16:39:29 BST
UK,KEEP,in master list,AALAND-ISLANDS-3GB-15D,B0FR3CCSMB,,7.99,0,Inactive,AMAZON_EU,25/06/2026 16:38:38 BST
UK,KEEP,in master list,AALAND-ISLANDS-5GB-30D,B0FR3G6JWB,,11.99,0,Inactive,AMAZON_EU,25/06/2026 16:39:04 BST
UK,KEEP-PARENT,variation parent in Google Sheet,AALAND-ISLANDS-ESIM,B0H6N6NL31,,,0,Incomplete,DEFAULT,25/06/2026 16:38:34 BST
UK,KEEP,in master list,AFRICA-5GB-30D,B0FR3GK9Z7,,24.99,0,Inactive,AMAZON_EU,25/06/2026 16:39:59 BST
UK,KEEP-PARENT,variation parent in Google Sheet,AFRICA-ESIM,B0H6N8MGDN,,,0,Incomplete,DEFAULT,25/06/2026 16:39:55 BST
UK,KEEP,in master list,ALBANIA-5GB-30D,B0FR4ZG3Z6,,8.99,0,Inactive,AMAZON_EU,25/06/2026 16:40:28 BST
UK,KEEP-PARENT,variation parent in Google Sheet,ALBANIA-ESIM,B0H6N6QPH3,,,0,Incomplete,DEFAULT,25/06/2026 16:40:25 BST
UK,KEEP,in master list,ALGERIA-20GB-30D,B0H6M5TDMD,,22.99,0,Inactive,AMAZON_EU,25/06/2026 09:30:09 BST
UK,KEEP,in master list,ALGERIA-3GB-15D,B0H6M9R3WH,,7.99,0,Inactive,AMAZON_EU,25/06/2026 09:29:17 BST
UK,KEEP,in master list,ALGERIA-5GB-30D,B0H6MDYKG8,,9.99,0,Inactive,AMAZON_EU,25/06/2026 09:29:43 BST
UK,KEEP-PARENT,variation parent in Google Sheet,ALGERIA-ESIM,B0H6MCVYRB,,,0,Incomplete,DEFAULT,25/06/2026 09:29:14 BST
UK,KEEP,in master list,ANDORRA-20GB-30D,B0H6MJ97WC,,37.99,0,Inactive,AMAZON_EU,25/06/2026 09:31:29 BST
UK,KEEP,in master list,ANDORRA-3GB-15D,B0H6MBPRYN,,12.99,0,Inactive,AMAZON_EU,25/06/2026 09:30:38 BST
UK,KEEP,in master list,ANDORRA-5GB-30D,B0H6M5P65S,,13.99,0,Inactive,AMAZON_EU,25/06/2026 09:31:04 BST
UK,KEEP-PARENT,variation parent in Google Sheet,ANDORRA-ESIM,B0H6M5SWJ9,,,0,Incomplete,DEFAULT,25/06/2026 09:30:35 BST
UK,KEEP,in master list,ANGOLA-3GB-15D,B0H6M5RWZH,,29.99,0,Inactive,AMAZON_EU,25/06/2026 09:31:58 BST
UK,KEEP,in master list,ANGOLA-5GB-30D,B0H6MKZSB4,,49.99,0,Inactive,AMAZON_EU,25/06/2026 09:32:24 BST
UK,KEEP-PARENT,variation parent in Google Sheet,ANGOLA-ESIM,B0H6M8CHGX,,,0,Incomplete,DEFAULT,25/06/2026 09:31:55 BST
UK,KEEP,in master list,ANGUILLA-20GB-30D,B0H6MHMZY8,,74.99,0,Inactive,AMAZON_EU,25/06/2026 09:33:44 BST
UK,KEEP,in master list,ANGUILLA-3GB-15D,B0H6M7X7QY,,20.99,0,Inactive,AMAZON_EU,25/06/2026 09:32:53 BST
UK,KEEP,in master list,ANGUILLA-5GB-30D,B0H6MFJ63H,,27.99,0,Inactive,AMAZON_EU,25/06/2026 09:33:19 BST
UK,KEEP-PARENT,variation parent in Google Sheet,ANGUILLA-ESIM,B0H6MDNLSB,,,0,Incomplete,DEFAULT,25/06/2026 09:32:50 BST
UK,KEEP,in master list,ANTIGUA-AND-BARBUDA-20GB-30D,B0H6M2MQJB,,84.99,0,Inactive,AMAZON_EU,25/06/2026 09:35:05 BST
UK,KEEP,in master list,ANTIGUA-AND-BARBUDA-3GB-15D,B0H6MBBFLQ,,22.99,0,Inactive,AMAZON_EU,25/06/2026 09:34:14 BST
UK,KEEP,in master list,ANTIGUA-AND-BARBUDA-5GB-30D,B0H6MCR5F9,,29.99,0,Inactive,AMAZON_EU,25/06/2026 09:34:39 BST
UK,KEEP-PARENT,variation parent in Google Sheet,ANTIGUA-AND-BARBUDA-ESIM,B0H6MBXMJ2,,,0,Incomplete,DEFAULT,25/06/2026 09:34:10 BST
UK,KEEP,in master list,ARGENTINA-20GB-30D,B0FR5DCH33,,31.99,0,Inactive,AMAZON_EU,25/06/2026 16:41:23 BST
UK,KEEP,in master list,ARGENTINA-3GB-15D,B0FR554SXN,,10.99,0,Inactive,AMAZON_EU,25/06/2026 16:40:58 BST
UK,KEEP-PARENT,variation parent in Google Sheet,ARGENTINA-ESIM,B0H6N6GB9C,,,0,Incomplete,DEFAULT,25/06/2026 16:40:54 BST
UK,KEEP,in master list,ARMENIA-20GB-30D,B0FR4ZT5XT,,26.99,0,Inactive,AMAZON_EU,25/06/2026 16:42:18 BST
UK,KEEP,in master list,ARMENIA-3GB-15D,B0FR5BK9R4,,7.99,0,Inactive,AMAZON_EU,25/06/2026 16:41:52 BST
UK,KEEP-PARENT,variation parent in Google Sheet,ARMENIA-ESIM,B0H6N4JHZX,,,0,Incomplete,DEFAULT,25/06/2026 16:41:49 BST
UK,KEEP,in master list,ASIA-20-3GB-15D,B0FR9FZ4RF,,10.99,0,Inactive,AMAZON_EU,25/06/2026 16:42:46 BST
UK,KEEP,in master list,ASIA-20-5GB-30D,B0FR9BQNSV,,11.99,0,Inactive,AMAZON_EU,25/06/2026 16:43:12 BST
UK,KEEP-PARENT,variation parent in Google Sheet,ASIA-20-ESIM,B0H6N6MVHC,,,0,Incomplete,DEFAULT,25/06/2026 16:42:43 BST
UK,KEEP,in master list,AUSTRALIA-20GB-30D,B0FR9G1ZQJ,,12.99,0,Inactive,AMAZON_EU,25/06/2026 16:44:33 BST
UK,KEEP,in master list,AUSTRALIA-3GB-15D,B0FR9SKY4D,,6.99,50,Active,AMAZON_EU,25/06/2026 16:43:41 BST
UK,KEEP,in master list,AUSTRALIA-5GB-30D,B0FR9JRB62,,7.99,49,Active,AMAZON_EU,25/06/2026 16:44:07 BST
UK,KEEP-PARENT,variation parent in Google Sheet,AUSTRALIA-ESIM,B0H6NC849Z,,,0,Incomplete,DEFAULT,25/06/2026 16:43:38 BST
UK,KEEP,in master list,AUSTRIA-20GB-30D,B0FR8XBSBP,,12.99,0,Inactive,AMAZON_EU,25/06/2026 16:45:53 BST
UK,KEEP,in master list,AUSTRIA-3GB-15D,B0FR9QSMSP,,6.99,0,Inactive,AMAZON_EU,25/06/2026 16:45:02 BST
UK,KEEP,in master list,AUSTRIA-5GB-30D,B0FR8XCH78,,7.99,0,Inactive,AMAZON_EU,25/06/2026 16:45:27 BST
UK,KEEP-PARENT,variation parent in Google Sheet,AUSTRIA-ESIM,B0H6N9HLS9,,,0,Incomplete,DEFAULT,25/06/2026 16:44:59 BST
UK,KEEP,in master list,AZERBAIJAN-3GB-15D,B0FR9BTC98,,10.99,0,Inactive,AMAZON_EU,25/06/2026 16:46:22 BST
UK,KEEP-PARENT,variation parent in Google Sheet,AZERBAIJAN-ESIM,B0H6MYNTG6,,,0,Incomplete,DEFAULT,25/06/2026 16:46:18 BST
UK,KEEP,in master list,BAHAMAS-20GB-30D,B0H6MCPR9P,,104.99,0,Inactive,AMAZON_EU,25/06/2026 09:36:24 BST
UK,KEEP,in master list,BAHAMAS-3GB-15D,B0H6MB828R,,27.99,0,Inactive,AMAZON_EU,25/06/2026 09:35:34 BST
UK,KEEP,in master list,BAHAMAS-5GB-30D,B0H6MFGH8P,,36.99,0,Inactive,AMAZON_EU,25/06/2026 09:35:59 BST
UK,KEEP-PARENT,variation parent in Google Sheet,BAHAMAS-ESIM,B0H6MHZKZJ,,,0,Incomplete,DEFAULT,25/06/2026 09:35:30 BST
UK,KEEP,in master list,BAHRAIN-3GB-15D,B0FR9K64KF,,8.99,0,Inactive,AMAZON_EU,25/06/2026 16:46:51 BST
UK,KEEP-PARENT,variation parent in Google Sheet,BAHRAIN-ESIM,B0H6N1YGHF,,,0,Incomplete,DEFAULT,25/06/2026 16:46:48 BST
UK,KEEP,in master list,BANGLADESH-20GB-30D,B0FR8FJ3HJ,,19.99,0,Inactive,AMAZON_EU,25/06/2026 16:48:11 BST
UK,KEEP,in master list,BANGLADESH-3GB-15D,B0FR9L7SG3,,7.99,0,Inactive,AMAZON_EU,25/06/2026 16:47:20 BST
UK,KEEP,in master list,BANGLADESH-5GB-30D,B0FR9BQFCM,,8.99,0,Inactive,AMAZON_EU,25/06/2026 16:47:45 BST
UK,KEEP-PARENT,variation parent in Google Sheet,BANGLADESH-ESIM,B0H6N43BLC,,,0,Incomplete,DEFAULT,25/06/2026 16:47:16 BST
UK,KEEP,in master list,BARBADOS-20GB-30D,B0H6MJ921X,,72.99,0,Inactive,AMAZON_EU,25/06/2026 09:37:45 BST
UK,KEEP,in master list,BARBADOS-3GB-15D,B0H6MCD72X,,19.99,0,Inactive,AMAZON_EU,25/06/2026 09:36:53 BST
UK,KEEP,in master list,BARBADOS-5GB-30D,B0H6MG6VYJ,,26.99,0,Inactive,AMAZON_EU,25/06/2026 09:37:19 BST
UK,KEEP-PARENT,variation parent in Google Sheet,BARBADOS-ESIM,B0H6M5B4PV,,,0,Incomplete,DEFAULT,25/06/2026 09:36:50 BST
UK,KEEP,in master list,BELARUS-3GB-15D,B0FR9G3Z82,,7.99,0,Inactive,AMAZON_EU,25/06/2026 16:48:40 BST
UK,KEEP,in master list,BELARUS-5GB-30D,B0FR8FFT4D,,9.99,0,Inactive,AMAZON_EU,25/06/2026 16:49:05 BST
UK,KEEP-PARENT,variation parent in Google Sheet,BELARUS-ESIM,B0H6NGTGVY,,,0,Incomplete,DEFAULT,25/06/2026 16:48:36 BST
UK,KEEP,in master list,BELGIUM-20GB-30D,B0FR9BVRCH,,12.99,30,Active,AMAZON_EU,25/06/2026 16:50:25 BST
UK,KEEP,in master list,BELGIUM-3GB-15D,B0FR9G432K,,6.99,60,Active,AMAZON_EU,25/06/2026 16:49:34 BST
UK,KEEP,in master list,BELGIUM-5GB-30D,B0FR9SXCW6,,7.99,60,Active,AMAZON_EU,25/06/2026 16:49:59 BST
UK,KEEP-PARENT,variation parent in Google Sheet,BELGIUM-ESIM,B0H6N8NLLD,,,0,Incomplete,DEFAULT,25/06/2026 16:49:31 BST
UK,KEEP,in master list,BELIZE-20GB-30D,B0H6MBSQM8,,124.99,0,Inactive,AMAZON_EU,25/06/2026 09:39:05 BST
UK,KEEP,in master list,BELIZE-3GB-15D,B0H6MFPNTX,,27.99,0,Inactive,AMAZON_EU,25/06/2026 09:38:14 BST
UK,KEEP,in master list,BELIZE-5GB-30D,B0H6MF1H4V,,45.99,0,Inactive,AMAZON_EU,25/06/2026 09:38:39 BST
UK,KEEP-PARENT,variation parent in Google Sheet,BELIZE-ESIM,B0H6M99KY5,,,0,Incomplete,DEFAULT,25/06/2026 09:38:10 BST
UK,KEEP,in master list,BENIN-20GB-30D,B0H6M7VGSZ,,65.99,0,Inactive,AMAZON_EU,25/06/2026 09:40:24 BST
UK,KEEP,in master list,BENIN-3GB-15D,B0H6M9YHDR,,15.99,0,Inactive,AMAZON_EU,25/06/2026 09:39:34 BST
UK,KEEP,in master list,BENIN-5GB-30D,B0H6MHRNBH,,26.99,0,Inactive,AMAZON_EU,25/06/2026 09:39:59 BST
UK,KEEP-PARENT,variation parent in Google Sheet,BENIN-ESIM,B0H6M6CDVM,,,0,Incomplete,DEFAULT,25/06/2026 09:39:30 BST
UK,KEEP,in master list,BERMUDA-20GB-30D,B0H6MCGQ77,,86.99,0,Inactive,AMAZON_EU,25/06/2026 09:41:44 BST
UK,KEEP,in master list,BERMUDA-3GB-15D,B0H6MDMTGH,,21.99,0,Inactive,AMAZON_EU,25/06/2026 09:40:53 BST
UK,KEEP,in master list,BERMUDA-5GB-30D,B0H6MFM5X4,,28.99,0,Inactive,AMAZON_EU,25/06/2026 09:41:19 BST
UK,KEEP-PARENT,variation parent in Google Sheet,BERMUDA-ESIM,B0H6MJ7G7N,,,0,Incomplete,DEFAULT,25/06/2026 09:40:50 BST
UK,KEEP,in master list,BHUTAN-20GB-30D,B0H6M5WDSH,,49.99,0,Inactive,AMAZON_EU,25/06/2026 09:43:05 BST
UK,KEEP,in master list,BHUTAN-3GB-15D,B0H6MJB588,,14.99,0,Inactive,AMAZON_EU,25/06/2026 09:42:14 BST
UK,KEEP,in master list,BHUTAN-5GB-30D,B0H6M9C23Q,,16.99,0,Inactive,AMAZON_EU,25/06/2026 09:42:39 BST
UK,KEEP-PARENT,variation parent in Google Sheet,BHUTAN-ESIM,B0H6MCGM2D,,,0,Incomplete,DEFAULT,25/06/2026 09:42:10 BST
UK,KEEP,in master list,BOLIVIA-20GB-30D,B0FR9RH588,,76.99,0,Inactive,AMAZON_EU,25/06/2026 16:51:19 BST
UK,KEEP,in master list,BOLIVIA-3GB-15D,B0FR8FKPKH,,20.99,0,Inactive,AMAZON_EU,25/06/2026 16:50:54 BST
UK,KEEP-PARENT,variation parent in Google Sheet,BOLIVIA-ESIM,B0H6N6Q5XX,,,0,Incomplete,DEFAULT,25/06/2026 16:50:50 BST
UK,KEEP,in master list,BOSNIA-AND-HERZEGOVINA-3GB-15D,B0FR9G8ZVK,,9.99,0,Inactive,AMAZON_EU,25/06/2026 16:51:48 BST
UK,KEEP-PARENT,variation parent in Google Sheet,BOSNIA-AND-HERZEGOVINA-ESIM,B0H6N894S2,,,0,Incomplete,DEFAULT,25/06/2026 16:51:45 BST
UK,KEEP,in master list,BOTSWANA-3GB-15D,B0FR9G7N2Q,,19.99,0,Inactive,AMAZON_EU,25/06/2026 16:52:17 BST
UK,KEEP-PARENT,variation parent in Google Sheet,BOTSWANA-ESIM,B0H6N7V9SC,,,0,Incomplete,DEFAULT,25/06/2026 16:52:14 BST
UK,KEEP,in master list,BRAZIL-20GB-30D,B0FR9KLZCR,,28.99,0,Inactive,AMAZON_EU,25/06/2026 16:53:12 BST
UK,KEEP,in master list,BRAZIL-3GB-15D,B0FR9G5LKV,,8.99,0,Inactive,AMAZON_EU,25/06/2026 16:52:46 BST
UK,KEEP-PARENT,variation parent in Google Sheet,BRAZIL-ESIM,B0H6N921BB,,,0,Incomplete,DEFAULT,25/06/2026 16:52:42 BST
UK,KEEP,in master list,BRUNEI-DARUSSALAM-20GB-30D,B0FR9F971C,,56.99,0,Inactive,AMAZON_EU,25/06/2026 16:54:06 BST
UK,KEEP,in master list,BRUNEI-DARUSSALAM-3GB-15D,B0FR9KTJND,,11.99,0,Inactive,AMAZON_EU,25/06/2026 16:53:40 BST
UK,KEEP-PARENT,variation parent in Google Sheet,BRUNEI-DARUSSALAM-ESIM,B0H6N5YWJ7,,,0,Incomplete,DEFAULT,25/06/2026 16:53:37 BST
UK,KEEP,in master list,BULGARIA-3GB-15D,B0H6MCT4Y5,,6.99,0,Inactive,AMAZON_EU,25/06/2026 09:27:53 BST
UK,KEEP-PARENT,variation parent in Google Sheet,BULGARIA-ESIM,B0H6MFQ1XQ,,,0,Incomplete,DEFAULT,25/06/2026 09:27:50 BST
UK,KEEP,in master list,BURKINA-FASO-3GB-15D,B0FR9HWFSK,,10.99,0,Inactive,AMAZON_EU,25/06/2026 16:54:35 BST
UK,KEEP,in master list,BURKINA-FASO-5GB-30D,B0FR9BWKSY,,24.99,0,Inactive,AMAZON_EU,25/06/2026 16:55:00 BST
UK,KEEP-PARENT,variation parent in Google Sheet,BURKINA-FASO-ESIM,B0H6N1XXLH,,,0,Incomplete,DEFAULT,25/06/2026 16:54:31 BST
UK,KEEP,in master list,CAMBODIA-20GB-30D,B0FR9GFJPL,,22.99,0,Inactive,AMAZON_EU,25/06/2026 17:00:31 BST
UK,KEEP,in master list,CAMBODIA-3GB-15D,B0FR8XKMJ4,,7.99,0,Inactive,AMAZON_EU,25/06/2026 17:00:05 BST
UK,KEEP-PARENT,variation parent in Google Sheet,CAMBODIA-ESIM,B0H6NB2LQ1,,,0,Incomplete,DEFAULT,25/06/2026 17:00:02 BST
UK,KEEP,in master list,CAMEROON-3GB-15D,B0FR9VJ1ZB,,17.99,0,Inactive,AMAZON_EU,25/06/2026 16:55:29 BST
UK,KEEP-PARENT,variation parent in Google Sheet,CAMEROON-ESIM,B0H6N8CK56,,,0,Incomplete,DEFAULT,25/06/2026 16:55:26 BST
UK,KEEP,in master list,CANADA-PREMIUM-20GB-30D,B0H6MJ9N4Y,,24.99,0,Inactive,AMAZON_EU,25/06/2026 10:38:12 BST
UK,KEEP,in master list,CANADA-PREMIUM-3GB-15D,B0H6MJ1HMJ,,8.99,0,Inactive,AMAZON_EU,25/06/2026 10:37:21 BST
UK,KEEP,in master list,CANADA-PREMIUM-5GB-30D,B0H6MPXGBN,,12.99,0,Inactive,AMAZON_EU,25/06/2026 10:37:47 BST
UK,KEEP-PARENT,variation parent in Google Sheet,CANADA-PREMIUM-ESIM,B0H6MFCSV2,,,0,Incomplete,DEFAULT,25/06/2026 10:37:18 BST
UK,KEEP,in master list,CAPE-VERDE-20GB-30D,B0H6M9VSPG,,139.99,0,Inactive,AMAZON_EU,25/06/2026 09:44:25 BST
UK,KEEP,in master list,CAPE-VERDE-3GB-15D,B0H6M9R16H,,27.99,0,Inactive,AMAZON_EU,25/06/2026 09:43:34 BST
UK,KEEP,in master list,CAPE-VERDE-5GB-30D,B0H6MFG453,,46.99,0,Inactive,AMAZON_EU,25/06/2026 09:43:59 BST
UK,KEEP-PARENT,variation parent in Google Sheet,CAPE-VERDE-ESIM,B0H6M9N1NN,,,0,Incomplete,DEFAULT,25/06/2026 09:43:30 BST
UK,KEEP,in master list,CAYMAN-ISLANDS-20GB-30D,B0H6MGXYNS,,81.99,0,Inactive,AMAZON_EU,25/06/2026 09:45:44 BST
UK,KEEP,in master list,CAYMAN-ISLANDS-3GB-15D,B0H6MLHBD7,,22.99,0,Inactive,AMAZON_EU,25/06/2026 09:44:54 BST
UK,KEEP,in master list,CAYMAN-ISLANDS-5GB-30D,B0H6M55MKK,,29.99,0,Inactive,AMAZON_EU,25/06/2026 09:45:19 BST
UK,KEEP-PARENT,variation parent in Google Sheet,CAYMAN-ISLANDS-ESIM,B0H6MH7GN4,,,0,Incomplete,DEFAULT,25/06/2026 09:44:50 BST
UK,KEEP,in master list,CENTRAL-AFRICAN-REPUBLIC-3GB-15D,B0FR9RK8FP,,17.99,0,Inactive,AMAZON_EU,25/06/2026 16:55:58 BST
UK,KEEP,in master list,CENTRAL-AFRICAN-REPUBLIC-5GB-30D,B0FR9R3NMC,,28.99,0,Inactive,AMAZON_EU,25/06/2026 16:56:23 BST
UK,KEEP-PARENT,variation parent in Google Sheet,CENTRAL-AFRICAN-REPUBLIC-ESIM,B0H6N5WHB2,,,0,Incomplete,DEFAULT,25/06/2026 16:55:54 BST
UK,KEEP,in master list,CHAD-3GB-15D,B0FR9SG4MK,,14.99,0,Inactive,AMAZON_EU,25/06/2026 16:56:52 BST
UK,KEEP,in master list,CHAD-5GB-30D,B0FR9L414C,,23.99,0,Inactive,AMAZON_EU,25/06/2026 16:57:18 BST
UK,KEEP-PARENT,variation parent in Google Sheet,CHAD-ESIM,B0H6MYNXWW,,,0,Incomplete,DEFAULT,25/06/2026 16:56:49 BST
UK,KEEP,in master list,CHILE-3GB-15D,B0FR9RY1RT,,11.99,0,Inactive,AMAZON_EU,25/06/2026 16:57:46 BST
UK,KEEP-PARENT,variation parent in Google Sheet,CHILE-ESIM,B0H6NJW3R6,,,0,Incomplete,DEFAULT,25/06/2026 16:57:43 BST
UK,KEEP,in master list,CHINA-20GB-30D,B0FR9GD6X9,,15.99,0,Inactive,AMAZON_EU,25/06/2026 16:59:07 BST
UK,KEEP,in master list,CHINA-3GB-15D,B0FR9QZ578,,6.99,25,Active,AMAZON_EU,25/06/2026 16:58:16 BST
UK,KEEP,in master list,CHINA-5GB-30D,B0FR9HX7XH,,7.99,24,Active,AMAZON_EU,25/06/2026 16:58:42 BST
UK,KEEP-PARENT,variation parent in Google Sheet,CHINA-ESIM,B0H6NB3PJ9,,,0,Incomplete,DEFAULT,25/06/2026 16:58:13 BST
UK,KEEP,in master list,COLOMBIA-3GB-15D,B0FR9RL8W5,,11.99,0,Inactive,AMAZON_EU,25/06/2026 16:59:36 BST
UK,KEEP-PARENT,variation parent in Google Sheet,COLOMBIA-ESIM,B0H6N3RQF8,,,0,Incomplete,DEFAULT,25/06/2026 16:59:33 BST
UK,KEEP,in master list,COSTA-RICA-3GB-15D,B0FR9LNRMN,,12.99,0,Inactive,AMAZON_EU,25/06/2026 17:00:59 BST
UK,KEEP-PARENT,variation parent in Google Sheet,COSTA-RICA-ESIM,B0H6N7F2Q4,,,0,Incomplete,DEFAULT,25/06/2026 17:00:56 BST
UK,KEEP,in master list,COTE-D-IVOIRE-3GB-15D,B0FR9HW9DJ,,20.99,0,Inactive,AMAZON_EU,25/06/2026 17:01:28 BST
UK,KEEP,in master list,COTE-D-IVOIRE-5GB-30D,B0FR9V5LYJ,,26.99,0,Inactive,AMAZON_EU,25/06/2026 17:01:54 BST
UK,KEEP-PARENT,variation parent in Google Sheet,COTE-D-IVOIRE-ESIM,B0H6N2JZGW,,,0,Incomplete,DEFAULT,25/06/2026 17:01:25 BST
UK,KEEP,in master list,CROATIA-20GB-30D,B0FR9TYCSL,,14.99,0,Inactive,AMAZON_EU,25/06/2026 17:03:14 BST
UK,KEEP,in master list,CROATIA-3GB-15D,B0FR9GDKT1,,6.99,0,Inactive,AMAZON_EU,25/06/2026 17:02:23 BST
UK,KEEP,in master list,CROATIA-5GB-30D,B0FR9BVV58,,7.99,0,Inactive,AMAZON_EU,25/06/2026 17:02:49 BST
UK,KEEP-PARENT,variation parent in Google Sheet,CROATIA-ESIM,B0H6N8YDDC,,,0,Incomplete,DEFAULT,25/06/2026 17:02:20 BST
UK,KEEP,in master list,CURACAO-20GB-30D,B0H6MF51WH,,67.99,0,Inactive,AMAZON_EU,25/06/2026 09:47:05 BST
UK,KEEP,in master list,CURACAO-3GB-15D,B0H6M81JPM,,18.99,0,Inactive,AMAZON_EU,25/06/2026 09:46:13 BST
UK,KEEP,in master list,CURACAO-5GB-30D,B0H6MGZLBC,,24.99,0,Inactive,AMAZON_EU,25/06/2026 09:46:39 BST
UK,KEEP-PARENT,variation parent in Google Sheet,CURACAO-ESIM,B0H6MDWDGZ,,,0,Incomplete,DEFAULT,25/06/2026 09:46:10 BST
UK,KEEP,in master list,CYPRUS-3GB-15D,B0FR8XJWWG,,6.99,0,Inactive,AMAZON_EU,25/06/2026 17:03:43 BST
UK,KEEP,in master list,CYPRUS-5GB-30D,B0FR8XHWZV,,7.99,0,Inactive,AMAZON_EU,25/06/2026 17:04:08 BST
UK,KEEP-PARENT,variation parent in Google Sheet,CYPRUS-ESIM,B0H6N7Y4L3,,,0,Incomplete,DEFAULT,25/06/2026 17:03:39 BST
UK,KEEP,in master list,CZECH-REPUBLIC-20GB-30D,B0FR9SVN9H,,14.99,0,Inactive,AMAZON_EU,25/06/2026 17:05:28 BST
UK,KEEP,in master list,CZECH-REPUBLIC-3GB-15D,B0FR9SB2Q3,,6.99,0,Inactive,AMAZON_EU,25/06/2026 17:04:37 BST
UK,KEEP,in master list,CZECH-REPUBLIC-5GB-30D,B0FR9BY2LF,,7.99,0,Inactive,AMAZON_EU,25/06/2026 17:05:03 BST
UK,KEEP-PARENT,variation parent in Google Sheet,CZECH-REPUBLIC-ESIM,B0H6N5HC5G,,,0,Incomplete,DEFAULT,25/06/2026 17:04:34 BST
UK,KEEP,in master list,DEMOCRATIC-REPUBLIC-OF-THE-CONGO-3GB-15D,B0H6LZL22Y,,11.99,0,Inactive,AMAZON_EU,25/06/2026 09:47:33 BST
UK,KEEP,in master list,DEMOCRATIC-REPUBLIC-OF-THE-CONGO-5GB-30D,B0H6M6L8Z8,,18.99,0,Inactive,AMAZON_EU,25/06/2026 09:47:59 BST
UK,KEEP-PARENT,variation parent in Google Sheet,DEMOCRATIC-REPUBLIC-OF-THE-CONGO-ESIM,B0H6M5YDHL,,,0,Incomplete,DEFAULT,25/06/2026 09:47:30 BST
UK,KEEP,in master list,DENMARK-20GB-30D,B0FR9QPF45,,12.99,0,Inactive,AMAZON_EU,25/06/2026 17:06:48 BST
UK,KEEP,in master list,DENMARK-3GB-15D,B0FR9GSNP4,,6.99,0,Inactive,AMAZON_EU,25/06/2026 17:05:57 BST
UK,KEEP,in master list,DENMARK-5GB-30D,B0FR8XQYR4,,7.99,0,Inactive,AMAZON_EU,25/06/2026 17:06:23 BST
UK,KEEP-PARENT,variation parent in Google Sheet,DENMARK-ESIM,B0H6ND2H23,,,0,Incomplete,DEFAULT,25/06/2026 17:05:54 BST
UK,KEEP,in master list,DOMINICA-20GB-30D,B0H6MK8XTJ,,75.99,0,Inactive,AMAZON_EU,25/06/2026 09:49:20 BST
UK,KEEP,in master list,DOMINICA-3GB-15D,B0H6M9H54M,,20.99,0,Inactive,AMAZON_EU,25/06/2026 09:48:29 BST
UK,KEEP,in master list,DOMINICA-5GB-30D,B0H6M5HR32,,27.99,0,Inactive,AMAZON_EU,25/06/2026 09:48:54 BST
UK,KEEP-PARENT,variation parent in Google Sheet,DOMINICA-ESIM,B0H6M9M8QF,,,0,Incomplete,DEFAULT,25/06/2026 09:48:25 BST
UK,KEEP,in master list,DOMINICAN-REPUBLIC-20GB-30D,B0FR9C6DJF,,33.99,0,Inactive,AMAZON_EU,25/06/2026 17:08:08 BST
UK,KEEP,in master list,DOMINICAN-REPUBLIC-3GB-15D,B0FR9GSKZF,,10.99,0,Inactive,AMAZON_EU,25/06/2026 17:07:17 BST
UK,KEEP,in master list,DOMINICAN-REPUBLIC-5GB-30D,B0FR9GQKCM,,12.99,0,Inactive,AMAZON_EU,25/06/2026 17:07:42 BST
UK,KEEP-PARENT,variation parent in Google Sheet,DOMINICAN-REPUBLIC-ESIM,B0H6N2XNQ9,,,0,Incomplete,DEFAULT,25/06/2026 17:07:13 BST
UK,KEEP-PARENT,variation parent in Google Sheet,DR-CONGO-ESIM,B0H6MS29CT,,,0,Incomplete,DEFAULT,25/06/2026 13:28:55 BST
UK,KEEP,in master list,DRC-20GB-30D,B0H6MZWFM7,,50.99,0,Inactive,AMAZON_EU,25/06/2026 13:28:59 BST
UK,KEEP,in master list,ECUADOR-3GB-15D,B0FR9RM6MP,,11.99,0,Inactive,AMAZON_EU,25/06/2026 17:08:37 BST
UK,KEEP-PARENT,variation parent in Google Sheet,ECUADOR-ESIM,B0H6ND3DNV,,,0,Incomplete,DEFAULT,25/06/2026 17:08:33 BST
UK,KEEP,in master list,EGYPT-20GB-30D,B0FR9GQBGL,,24.99,5,Active,AMAZON_EU,25/06/2026 17:09:56 BST
UK,KEEP,in master list,EGYPT-3GB-15D,B0FR9C784N,,8.99,18,Active,AMAZON_EU,25/06/2026 17:09:06 BST
UK,KEEP,in master list,EGYPT-5GB-30D,B0FR9LR5KJ,,12.99,0,Inactive,AMAZON_EU,25/06/2026 17:09:31 BST
UK,KEEP-PARENT,variation parent in Google Sheet,EGYPT-ESIM,B0H6N7QXLQ,,,0,Incomplete,DEFAULT,25/06/2026 17:09:02 BST
UK,KEEP,in master list,EL-SALVADOR-3GB-15D,B0FR9LJ7X4,,14.99,0,Inactive,AMAZON_EU,25/06/2026 17:10:25 BST
UK,KEEP-PARENT,variation parent in Google Sheet,EL-SALVADOR-ESIM,B0H6N9XNQB,,,0,Incomplete,DEFAULT,25/06/2026 17:10:22 BST
UK,KEEP,in master list,ESTONIA-20GB-30D,B0FR9L527N,,12.99,0,Inactive,AMAZON_EU,25/06/2026 17:11:45 BST
UK,KEEP,in master list,ESTONIA-3GB-15D,B0FR9GST1S,,6.99,0,Inactive,AMAZON_EU,25/06/2026 17:10:54 BST
UK,KEEP,in master list,ESTONIA-5GB-30D,B0FR9GQYKB,,7.99,0,Inactive,AMAZON_EU,25/06/2026 17:11:20 BST
UK,KEEP-PARENT,variation parent in Google Sheet,ESTONIA-ESIM,B0H6N4JJM4,,,0,Incomplete,DEFAULT,25/06/2026 17:10:51 BST
UK,KEEP,in master list,EUROPE-40-AREAS-20GB-30D,B0FR9TNPV3,,16.99,0,Inactive,AMAZON_EU,25/06/2026 17:12:39 BST
UK,KEEP,in master list,EUROPE-40-AREAS-5GB-30D,B0FR9RYSSS,,7.99,0,Inactive,AMAZON_EU,25/06/2026 17:12:14 BST
UK,KEEP-PARENT,variation parent in Google Sheet,EUROPE-40-AREAS-ESIM,B0H6N8BQ5Z,,,0,Incomplete,DEFAULT,25/06/2026 17:12:10 BST
UK,KEEP,in master list,FAROE-ISLANDS-20GB-30D,B0H6MB82ZV,,24.99,0,Inactive,AMAZON_EU,25/06/2026 09:50:39 BST
UK,KEEP,in master list,FAROE-ISLANDS-3GB-15D,B0H6ML935Q,,7.99,0,Inactive,AMAZON_EU,25/06/2026 09:49:49 BST
UK,KEEP,in master list,FAROE-ISLANDS-5GB-30D,B0H6MF2TVH,,9.99,0,Inactive,AMAZON_EU,25/06/2026 09:50:14 BST
UK,KEEP-PARENT,variation parent in Google Sheet,FAROE-ISLANDS-ESIM,B0H6MG2BGG,,,0,Incomplete,DEFAULT,25/06/2026 09:49:45 BST
UK,KEEP,in master list,FIJI-20GB-30D,B0H6MGBL3N,,34.99,0,Inactive,AMAZON_EU,25/06/2026 09:51:59 BST
UK,KEEP,in master list,FIJI-3GB-15D,B0H6MFLWYD,,10.99,0,Inactive,AMAZON_EU,25/06/2026 09:51:08 BST
UK,KEEP,in master list,FIJI-5GB-30D,B0H6MJ7GS6,,11.99,0,Inactive,AMAZON_EU,25/06/2026 09:51:34 BST
UK,KEEP-PARENT,variation parent in Google Sheet,FIJI-ESIM,B0H6MDDYLQ,,,0,Incomplete,DEFAULT,25/06/2026 09:51:05 BST
UK,KEEP,in master list,FINLAND-3GB-15D,B0FR9GSND6,,6.99,0,Inactive,AMAZON_EU,25/06/2026 17:13:08 BST
UK,KEEP,in master list,FINLAND-5GB-30D,B0FR9SB3BJ,,7.99,0,Inactive,AMAZON_EU,25/06/2026 17:13:34 BST
UK,KEEP-PARENT,variation parent in Google Sheet,FINLAND-ESIM,B0H6NC38NC,,,0,Incomplete,DEFAULT,25/06/2026 17:13:05 BST
UK,KEEP,in master list,FRANCE-20GB-30D,B0FR9GPMC5,,12.99,45,Active,AMAZON_EU,25/06/2026 17:14:54 BST
UK,KEEP,in master list,FRANCE-3GB-15D,B0FR9C5ZB6,,6.99,248,Active,AMAZON_EU,25/06/2026 17:14:03 BST
UK,KEEP,in master list,FRANCE-5GB-30D,B0FR9LMDW5,,7.99,191,Active,AMAZON_EU,25/06/2026 17:14:28 BST
UK,KEEP-PARENT,variation parent in Google Sheet,FRANCE-ESIM,B0H6N8K944,,,0,Incomplete,DEFAULT,25/06/2026 17:13:59 BST
UK,KEEP,in master list,FRENCH-GUIANA-20GB-30D,B0H6MDNXJJ,,14.99,0,Inactive,AMAZON_EU,25/06/2026 09:53:19 BST
UK,KEEP,in master list,FRENCH-GUIANA-3GB-15D,B0H6MFD6Z3,,6.99,0,Inactive,AMAZON_EU,25/06/2026 09:52:28 BST
UK,KEEP,in master list,FRENCH-GUIANA-5GB-30D,B0H6MGC352,,7.99,0,Inactive,AMAZON_EU,25/06/2026 09:52:54 BST
UK,KEEP-PARENT,variation parent in Google Sheet,FRENCH-GUIANA-ESIM,B0H6MB7W2V,,,0,Incomplete,DEFAULT,25/06/2026 09:52:25 BST
UK,KEEP,in master list,FRENCH-POLYNESIA-20GB-30D,B0H6M59GH9,,207.99,0,Inactive,AMAZON_EU,25/06/2026 09:54:39 BST
UK,KEEP,in master list,FRENCH-POLYNESIA-3GB-15D,B0H6MF6GHP,,40.99,0,Inactive,AMAZON_EU,25/06/2026 09:53:48 BST
UK,KEEP,in master list,FRENCH-POLYNESIA-5GB-30D,B0H6MD2GXY,,56.99,0,Inactive,AMAZON_EU,25/06/2026 09:54:13 BST
UK,KEEP-PARENT,variation parent in Google Sheet,FRENCH-POLYNESIA-ESIM,B0H6M5Z1DC,,,0,Incomplete,DEFAULT,25/06/2026 09:53:45 BST
UK,KEEP,in master list,GABON-3GB-15D,B0FR9GPX9T,,14.99,0,Inactive,AMAZON_EU,25/06/2026 17:15:23 BST
UK,KEEP-PARENT,variation parent in Google Sheet,GABON-ESIM,B0H6NDY9YG,,,0,Incomplete,DEFAULT,25/06/2026 17:15:19 BST
UK,KEEP,in master list,GAMBIA-3GB-15D,B0H2FTMBBQ,,29.99,0,Inactive,AMAZON_EU,25/06/2026 18:48:50 BST
UK,KEEP,in master list,GAMBIA-5GB-30D,B0H2FQ3QJ9,,49.99,0,Inactive,AMAZON_EU,25/06/2026 18:49:15 BST
UK,KEEP-PARENT,variation parent in Google Sheet,GAMBIA-ESIM,B0H6N75PM2,,,0,Incomplete,DEFAULT,25/06/2026 18:48:46 BST
UK,KEEP,in master list,GEORGIA-20GB-30D,B0FR9C73NK,,21.99,0,Inactive,AMAZON_EU,25/06/2026 17:16:17 BST
UK,KEEP,in master list,GEORGIA-3GB-15D,B0FR9KMX2N,,7.99,0,Inactive,AMAZON_EU,25/06/2026 17:15:51 BST
UK,KEEP-PARENT,variation parent in Google Sheet,GEORGIA-ESIM,B0H6NF1CV5,,,0,Incomplete,DEFAULT,25/06/2026 17:15:48 BST
UK,KEEP,in master list,GERMANY-20GB-30D,B0GSZP9H94,,12.99,20,Active,AMAZON_EU,25/06/2026 17:17:37 BST
UK,KEEP,in master list,GERMANY-3GB-15D,B0GSZBMLKV,,6.99,92,Active,AMAZON_EU,25/06/2026 17:16:46 BST
UK,KEEP,in master list,GERMANY-5GB-30D,B0GSZDYWLZ,,7.99,73,Active,AMAZON_EU,25/06/2026 17:17:11 BST
UK,KEEP-PARENT,variation parent in Google Sheet,GERMANY-ESIM,B0H6N89K99,,,0,Incomplete,DEFAULT,25/06/2026 17:16:42 BST
UK,KEEP,in master list,GHANA-20GB-30D,B0H6M9CG3G,,34.99,0,Inactive,AMAZON_EU,25/06/2026 09:55:59 BST
UK,KEEP,in master list,GHANA-3GB-15D,B0H6M7CH6H,,10.99,0,Inactive,AMAZON_EU,25/06/2026 09:55:08 BST
UK,KEEP,in master list,GHANA-5GB-30D,B0H6MD48NZ,,11.99,0,Inactive,AMAZON_EU,25/06/2026 09:55:33 BST
UK,KEEP-PARENT,variation parent in Google Sheet,GHANA-ESIM,B0H6M74KTG,,,0,Incomplete,DEFAULT,25/06/2026 09:55:04 BST
UK,KEEP,in master list,GIBRALTAR-3GB-15D,B0FR8XSPMC,,6.99,0,Inactive,AMAZON_EU,25/06/2026 17:18:06 BST
UK,KEEP-PARENT,variation parent in Google Sheet,GIBRALTAR-ESIM,B0H6ND5PL3,,,0,Incomplete,DEFAULT,25/06/2026 17:18:02 BST
UK,KEEP,in master list,GLOBAL139-5GB-30D,B0FR9VNTLY,,35.99,0,Inactive,AMAZON_EU,25/06/2026 17:18:35 BST
UK,KEEP-PARENT,variation parent in Google Sheet,GLOBAL139-ESIM,B0H6NM24Y9,,,0,Incomplete,DEFAULT,25/06/2026 17:18:31 BST
UK,KEEP,in master list,GREECE-20GB-30D,B0FR9KJGBG,,14.99,14,Active,AMAZON_EU,25/06/2026 17:19:54 BST
UK,KEEP,in master list,GREECE-3GB-15D,B0FR9L85F6,,6.99,100,Active,AMAZON_EU,25/06/2026 17:19:03 BST
UK,KEEP,in master list,GREECE-5GB-30D,B0FR9C7SMF,,7.99,68,Active,AMAZON_EU,25/06/2026 17:19:29 BST
UK,KEEP-PARENT,variation parent in Google Sheet,GREECE-ESIM,B0H6N7YFL4,,,0,Incomplete,DEFAULT,25/06/2026 17:19:00 BST
UK,KEEP,in master list,GREENLAND-20GB-30D,B0H6MBT3TW,,96.99,0,Inactive,AMAZON_EU,25/06/2026 09:57:19 BST
UK,KEEP,in master list,GREENLAND-3GB-15D,B0H6MLNBK2,,23.99,0,Inactive,AMAZON_EU,25/06/2026 09:56:28 BST
UK,KEEP,in master list,GREENLAND-5GB-30D,B0H6MFMLK9,,31.99,0,Inactive,AMAZON_EU,25/06/2026 09:56:53 BST
UK,KEEP-PARENT,variation parent in Google Sheet,GREENLAND-ESIM,B0H6M87Y6F,,,0,Incomplete,DEFAULT,25/06/2026 09:56:24 BST
UK,KEEP,in master list,GRENADA-20GB-30D,B0H6MGRF37,,88.99,0,Inactive,AMAZON_EU,25/06/2026 09:58:39 BST
UK,KEEP,in master list,GRENADA-3GB-15D,B0H6M8K37V,,24.99,0,Inactive,AMAZON_EU,25/06/2026 09:57:48 BST
UK,KEEP,in master list,GRENADA-5GB-30D,B0H6MLJR6Z,,32.99,0,Inactive,AMAZON_EU,25/06/2026 09:58:13 BST
UK,KEEP-PARENT,variation parent in Google Sheet,GRENADA-ESIM,B0H6MFTNRQ,,,0,Incomplete,DEFAULT,25/06/2026 09:57:44 BST
UK,KEEP,in master list,GUADELOUPE-20GB-30D,B0FR8XTBF6,,14.99,0,Inactive,AMAZON_EU,25/06/2026 17:20:49 BST
UK,KEEP,in master list,GUADELOUPE-3GB-15D,B0FR9TMVWK,,6.99,0,Inactive,AMAZON_EU,25/06/2026 17:20:23 BST
UK,KEEP-PARENT,variation parent in Google Sheet,GUADELOUPE-ESIM,B0H6N94JMQ,,,0,Incomplete,DEFAULT,25/06/2026 17:20:20 BST
UK,KEEP,in master list,GUAM-20GB-30D,B0FR9C7MGP,,49.99,0,Inactive,AMAZON_EU,25/06/2026 17:22:08 BST
UK,KEEP,in master list,GUAM-3GB-15D,B0FR9GVSSF,,14.99,0,Inactive,AMAZON_EU,25/06/2026 17:21:17 BST
UK,KEEP,in master list,GUAM-5GB-30D,B0FR9SVP8Y,,16.99,0,Inactive,AMAZON_EU,25/06/2026 17:21:43 BST
UK,KEEP-PARENT,variation parent in Google Sheet,GUAM-ESIM,B0H6NBBR15,,,0,Incomplete,DEFAULT,25/06/2026 17:21:14 BST
UK,KEEP,in master list,GUATEMALA-3GB-15D,B0FR9VC6VD,,13.99,0,Inactive,AMAZON_EU,25/06/2026 17:22:37 BST
UK,KEEP-PARENT,variation parent in Google Sheet,GUATEMALA-ESIM,B0H6NC8Z9L,,,0,Incomplete,DEFAULT,25/06/2026 17:22:34 BST
UK,KEEP,in master list,GUERNSEY-20GB-30D,B0FR9LYWWY,,40.99,0,Inactive,AMAZON_EU,25/06/2026 17:23:57 BST
UK,KEEP,in master list,GUERNSEY-3GB-15D,B0FR9SMWDN,,11.99,0,Inactive,AMAZON_EU,25/06/2026 17:23:06 BST
UK,KEEP,in master list,GUERNSEY-5GB-30D,B0FR9C5PXR,,17.99,0,Inactive,AMAZON_EU,25/06/2026 17:23:32 BST
UK,KEEP-PARENT,variation parent in Google Sheet,GUERNSEY-ESIM,B0H6N3W69L,,,0,Incomplete,DEFAULT,25/06/2026 17:23:03 BST
UK,KEEP,in master list,GUINEA-20GB-30D,B0H6M7VHYP,,70.99,0,Inactive,AMAZON_EU,25/06/2026 09:59:59 BST
UK,KEEP,in master list,GUINEA-3GB-15D,B0H6MGZTF1,,17.99,0,Inactive,AMAZON_EU,25/06/2026 09:59:08 BST
UK,KEEP,in master list,GUINEA-5GB-30D,B0H6MFTVX6,,28.99,0,Inactive,AMAZON_EU,25/06/2026 09:59:33 BST
UK,KEEP,in master list,GUINEA-BISSAU-20GB-30D,B0H6MF1JJS,,69.99,0,Inactive,AMAZON_EU,25/06/2026 10:01:18 BST
UK,KEEP,in master list,GUINEA-BISSAU-3GB-15D,B0H6MG6X8D,,17.99,0,Inactive,AMAZON_EU,25/06/2026 10:00:27 BST
UK,KEEP,in master list,GUINEA-BISSAU-5GB-30D,B0H6MCJ4Y9,,28.99,0,Inactive,AMAZON_EU,25/06/2026 10:00:53 BST
UK,KEEP-PARENT,variation parent in Google Sheet,GUINEA-BISSAU-ESIM,B0H6M5H2Z7,,,0,Incomplete,DEFAULT,25/06/2026 10:00:24 BST
UK,KEEP-PARENT,variation parent in Google Sheet,GUINEA-ESIM,B0H6MB6P8K,,,0,Incomplete,DEFAULT,25/06/2026 09:59:04 BST
UK,KEEP,in master list,GUYANA-20GB-30D,B0H6MD1PB7,,77.99,0,Inactive,AMAZON_EU,25/06/2026 10:02:39 BST
UK,KEEP,in master list,GUYANA-3GB-15D,B0H6MCG586,,17.99,0,Inactive,AMAZON_EU,25/06/2026 10:01:48 BST
UK,KEEP,in master list,GUYANA-5GB-30D,B0H6MB3FHF,,27.99,0,Inactive,AMAZON_EU,25/06/2026 10:02:13 BST
UK,KEEP-PARENT,variation parent in Google Sheet,GUYANA-ESIM,B0H6MCFRW8,,,0,Incomplete,DEFAULT,25/06/2026 10:01:45 BST
UK,KEEP,in master list,HAITI-20GB-30D,B0H6MBNF3Y,,127.99,0,Inactive,AMAZON_EU,25/06/2026 10:03:59 BST
UK,KEEP,in master list,HAITI-3GB-15D,B0H6M9YTL4,,25.99,0,Inactive,AMAZON_EU,25/06/2026 10:03:08 BST
UK,KEEP,in master list,HAITI-5GB-30D,B0H6MDHPCV,,41.99,0,Inactive,AMAZON_EU,25/06/2026 10:03:33 BST
UK,KEEP-PARENT,variation parent in Google Sheet,HAITI-ESIM,B0H6MJ3QP9,,,0,Incomplete,DEFAULT,25/06/2026 10:03:04 BST
UK,KEEP,in master list,HONDURAS-3GB-15D,B0FR9ZYV5G,,11.99,0,Inactive,AMAZON_EU,25/06/2026 17:24:26 BST
UK,KEEP-PARENT,variation parent in Google Sheet,HONDURAS-ESIM,B0H6NH5MR3,,,0,Incomplete,DEFAULT,25/06/2026 17:24:22 BST
UK,KEEP,in master list,HONG-KONG-20GB-30D,B0FR9GXZ6F,,12.99,8,Active,AMAZON_EU,25/06/2026 17:25:45 BST
UK,KEEP,in master list,HONG-KONG-3GB-15D,B0FR9CC6Q8,,5.99,5,Active,AMAZON_EU,25/06/2026 17:24:55 BST
UK,KEEP,in master list,HONG-KONG-5GB-30D,B0FR9GXYYL,,7.99,9,Inactive,AMAZON_EU,25/06/2026 17:25:20 BST
UK,KEEP-PARENT,variation parent in Google Sheet,HONG-KONG-ESIM,B0H6NK54XV,,,0,Incomplete,DEFAULT,25/06/2026 17:24:51 BST
UK,KEEP,in master list,HUNGARY-20GB-30D,B0FR9ZVYYQ,,12.99,0,Inactive,AMAZON_EU,25/06/2026 17:27:06 BST
UK,KEEP,in master list,HUNGARY-3GB-15D,B0FR9C9JVW,,6.99,0,Inactive,AMAZON_EU,25/06/2026 17:26:14 BST
UK,KEEP,in master list,HUNGARY-5GB-30D,B0FR9GY3R5,,7.99,0,Inactive,AMAZON_EU,25/06/2026 17:26:40 BST
UK,KEEP-PARENT,variation parent in Google Sheet,HUNGARY-ESIM,B0H6N4Y8KM,,,0,Incomplete,DEFAULT,25/06/2026 17:26:11 BST
UK,KEEP,in master list,ICELAND-20GB-30D,B0FR9GX6LF,,14.99,0,Inactive,AMAZON_EU,25/06/2026 17:28:25 BST
UK,KEEP,in master list,ICELAND-3GB-15D,B0FR9TBBK1,,6.99,0,Inactive,AMAZON_EU,25/06/2026 17:27:34 BST
UK,KEEP,in master list,ICELAND-5GB-30D,B0FR9ZWQBD,,7.99,0,Inactive,AMAZON_EU,25/06/2026 17:28:00 BST
UK,KEEP-PARENT,variation parent in Google Sheet,ICELAND-ESIM,B0H6NCP4ZZ,,,0,Incomplete,DEFAULT,25/06/2026 17:27:31 BST
UK,KEEP,in master list,INDIA-20GB-30D,B0FR9DYMHX,,35.99,9,Active,AMAZON_EU,25/06/2026 17:29:45 BST
UK,KEEP,in master list,INDIA-3GB-15D,B0FR9ZM116,,11.99,49,Active,AMAZON_EU,25/06/2026 17:28:54 BST
UK,KEEP,in master list,INDIA-5GB-30D,B0FR9GXWN9,,12.99,35,Active,AMAZON_EU,25/06/2026 17:29:19 BST
UK,KEEP-PARENT,variation parent in Google Sheet,INDIA-ESIM,B0H6N8573K,,,0,Incomplete,DEFAULT,25/06/2026 17:28:51 BST
UK,KEEP,in master list,INDONESIA-20GB-30D,B0FR9QXRDQ,,12.99,10,Active,AMAZON_EU,25/06/2026 17:31:05 BST
UK,KEEP,in master list,INDONESIA-3GB-15D,B0FR9T6QPZ,,6.99,30,Active,AMAZON_EU,25/06/2026 17:30:14 BST
UK,KEEP,in master list,INDONESIA-5GB-30D,B0FR8XW5DR,,7.99,20,Active,AMAZON_EU,25/06/2026 17:30:39 BST
UK,KEEP-PARENT,variation parent in Google Sheet,INDONESIA-ESIM,B0H6NFYZSL,,,0,Incomplete,DEFAULT,25/06/2026 17:30:10 BST
UK,KEEP,in master list,IRAQ-20GB-30D,B0H6M956TN,,27.99,0,Inactive,AMAZON_EU,25/06/2026 10:05:19 BST
UK,KEEP,in master list,IRAQ-3GB-15D,B0H6MGX6P7,,8.99,0,Inactive,AMAZON_EU,25/06/2026 10:04:28 BST
UK,KEEP,in master list,IRAQ-5GB-30D,B0H6MFRHZN,,13.99,0,Inactive,AMAZON_EU,25/06/2026 10:04:53 BST
UK,KEEP-PARENT,variation parent in Google Sheet,IRAQ-ESIM,B0H6ML4WRS,,,0,Incomplete,DEFAULT,25/06/2026 10:04:24 BST
UK,KEEP,in master list,IRELAND-20GB-30D,B0FR9SZG2Z,,14.99,36,Active,AMAZON_EU,25/06/2026 17:32:25 BST
UK,KEEP,in master list,IRELAND-3GB-15D,B0FR8XV57F,,6.99,77,Active,AMAZON_EU,25/06/2026 17:31:34 BST
UK,KEEP,in master list,IRELAND-5GB-30D,B0FR9GYKQL,,7.99,70,Active,AMAZON_EU,25/06/2026 17:31:59 BST
UK,KEEP-PARENT,variation parent in Google Sheet,IRELAND-ESIM,B0H6N9YKYD,,,0,Incomplete,DEFAULT,25/06/2026 17:31:30 BST
UK,KEEP,in master list,ISLE-OF-MAN-20GB-30D,B0FR9CB5LK,,19.99,0,Inactive,AMAZON_EU,25/06/2026 17:33:45 BST
UK,KEEP,in master list,ISLE-OF-MAN-3GB-15D,B0FR9LZ7RL,,7.99,0,Inactive,AMAZON_EU,25/06/2026 17:32:54 BST
UK,KEEP,in master list,ISLE-OF-MAN-5GB-30D,B0FR9M27XY,,9.99,0,Inactive,AMAZON_EU,25/06/2026 17:33:19 BST
UK,KEEP-PARENT,variation parent in Google Sheet,ISLE-OF-MAN-ESIM,B0H6N6XRZK,,,0,Incomplete,DEFAULT,25/06/2026 17:32:50 BST
UK,KEEP,in master list,ISRAEL-20GB-30D,B0FR9K8SQ1,,24.99,0,Inactive,AMAZON_EU,25/06/2026 17:35:06 BST
UK,KEEP,in master list,ISRAEL-3GB-15D,B0FR9M11H1,,7.99,0,Inactive,AMAZON_EU,25/06/2026 17:34:14 BST
UK,KEEP,in master list,ISRAEL-5GB-30D,B0FR8XVZZM,,9.99,0,Inactive,AMAZON_EU,25/06/2026 17:34:39 BST
UK,KEEP-PARENT,variation parent in Google Sheet,ISRAEL-ESIM,B0H6NLYRQZ,,,0,Incomplete,DEFAULT,25/06/2026 17:34:10 BST
UK,KEEP,in master list,ITALY-20GB-30D,B0FR9RNZV2,,12.99,40,Active,AMAZON_EU,25/06/2026 17:36:25 BST
UK,KEEP,in master list,ITALY-3GB-15D,B0FR9GXZ18,,6.99,100,Active,AMAZON_EU,25/06/2026 17:35:35 BST
UK,KEEP,in master list,ITALY-5GB-30D,B0FR9ZR2TH,,7.99,81,Active,AMAZON_EU,25/06/2026 17:36:00 BST
UK,KEEP-PARENT,variation parent in Google Sheet,ITALY-ESIM,B0H6N8G8VT,,,0,Incomplete,DEFAULT,25/06/2026 17:35:31 BST
UK,KEEP,in master list,JAMAICA-20GB-30D,B0H6MF52ZZ,,74.99,0,Inactive,AMAZON_EU,25/06/2026 10:06:38 BST
UK,KEEP,in master list,JAMAICA-3GB-15D,B0H6MF3PNQ,,20.99,0,Inactive,AMAZON_EU,25/06/2026 10:05:47 BST
UK,KEEP,in master list,JAMAICA-5GB-30D,B0H6MJQCMF,,26.99,0,Inactive,AMAZON_EU,25/06/2026 10:06:13 BST
UK,KEEP-PARENT,variation parent in Google Sheet,JAMAICA-ESIM,B0H6MNJLNR,,,0,Incomplete,DEFAULT,25/06/2026 10:05:44 BST
UK,KEEP,in master list,JAPAN-20GB-30D,B0FR9RZKRB,,12.99,0,Inactive,AMAZON_EU,25/06/2026 17:37:45 BST
UK,KEEP,in master list,JAPAN-3GB-15D,B0FR9LVZVQ,,6.99,19,Active,AMAZON_EU,25/06/2026 17:36:54 BST
UK,KEEP,in master list,JAPAN-5GB-30D,B0FR9TLXXH,,7.99,0,Inactive,AMAZON_EU,25/06/2026 17:37:20 BST
UK,KEEP-PARENT,variation parent in Google Sheet,JAPAN-ESIM,B0H6NL7T28,,,0,Incomplete,DEFAULT,25/06/2026 17:36:51 BST
UK,KEEP,in master list,JERSEY-20GB-30D,B0FR9CBQDH,,12.99,0,Inactive,AMAZON_EU,25/06/2026 17:39:06 BST
UK,KEEP,in master list,JERSEY-3GB-15D,B0FR9GYMR5,,6.99,0,Inactive,AMAZON_EU,25/06/2026 17:38:14 BST
UK,KEEP,in master list,JERSEY-5GB-30D,B0FR9M27GP,,7.99,0,Inactive,AMAZON_EU,25/06/2026 17:38:40 BST
UK,KEEP-PARENT,variation parent in Google Sheet,JERSEY-ESIM,B0H6N87Y1B,,,0,Incomplete,DEFAULT,25/06/2026 17:38:11 BST
UK,KEEP,in master list,JORDAN-20GB-30D,B0FR9ST188,,36.99,0,Inactive,AMAZON_EU,25/06/2026 17:40:26 BST
UK,KEEP,in master list,JORDAN-3GB-15D,B0FR9M144Z,,11.99,0,Inactive,AMAZON_EU,25/06/2026 17:39:35 BST
UK,KEEP,in master list,JORDAN-5GB-30D,B0FR9ZTZNK,,11.99,0,Inactive,AMAZON_EU,25/06/2026 17:40:00 BST
UK,KEEP-PARENT,variation parent in Google Sheet,JORDAN-ESIM,B0H6NCWVZM,,,0,Incomplete,DEFAULT,25/06/2026 17:39:31 BST
UK,KEEP,in master list,KAZAKHSTAN-20GB-30D,B0FR9TLNNW,,17.99,0,Inactive,AMAZON_EU,25/06/2026 17:41:45 BST
UK,KEEP,in master list,KAZAKHSTAN-3GB-15D,B0FR9T4DG2,,6.99,0,Inactive,AMAZON_EU,25/06/2026 17:40:54 BST
UK,KEEP,in master list,KAZAKHSTAN-5GB-30D,B0FR9ZMMSH,,7.99,0,Inactive,AMAZON_EU,25/06/2026 17:41:20 BST
UK,KEEP-PARENT,variation parent in Google Sheet,KAZAKHSTAN-ESIM,B0H6NDGQW5,,,0,Incomplete,DEFAULT,25/06/2026 17:40:51 BST
UK,KEEP,in master list,KENYA-3GB-15D,B0FR9GZ14G,,11.99,27,Active,AMAZON_EU,25/06/2026 17:42:14 BST
UK,KEEP,in master list,KENYA-5GB-30D,B0FR9T4DG6,,12.99,30,Active,AMAZON_EU,25/06/2026 17:42:40 BST
UK,KEEP-PARENT,variation parent in Google Sheet,KENYA-ESIM,B0H6N7739C,,,0,Incomplete,DEFAULT,25/06/2026 17:42:11 BST
UK,KEEP,in master list,KUWAIT-20GB-30D,B0FR9KBF4P,,24.99,0,Inactive,AMAZON_EU,25/06/2026 17:44:00 BST
UK,KEEP,in master list,KUWAIT-3GB-15D,B0FR9LZJ3X,,8.99,0,Inactive,AMAZON_EU,25/06/2026 17:43:09 BST
UK,KEEP,in master list,KUWAIT-5GB-30D,B0FR9M2TXP,,13.99,0,Inactive,AMAZON_EU,25/06/2026 17:43:34 BST
UK,KEEP-PARENT,variation parent in Google Sheet,KUWAIT-ESIM,B0H6N6MX31,,,0,Incomplete,DEFAULT,25/06/2026 17:43:06 BST
UK,KEEP,in master list,KYRGYZSTAN-20GB-30D,B0FR8XXBHM,,16.99,0,Inactive,AMAZON_EU,25/06/2026 17:44:54 BST
UK,KEEP,in master list,KYRGYZSTAN-3GB-15D,B0FR9TVF4R,,6.99,0,Inactive,AMAZON_EU,25/06/2026 17:44:29 BST
UK,KEEP-PARENT,variation parent in Google Sheet,KYRGYZSTAN-ESIM,B0H6N8FZ39,,,0,Incomplete,DEFAULT,25/06/2026 17:44:25 BST
UK,KEEP,in master list,LAOS-20GB-30D,B0H6MBWGX1,,29.99,0,Inactive,AMAZON_EU,25/06/2026 10:07:59 BST
UK,KEEP,in master list,LAOS-3GB-15D,B0H6M96WPB,,8.99,0,Inactive,AMAZON_EU,25/06/2026 10:07:08 BST
UK,KEEP,in master list,LAOS-5GB-30D,B0H6MBJN5B,,13.99,0,Inactive,AMAZON_EU,25/06/2026 10:07:34 BST
UK,KEEP-PARENT,variation parent in Google Sheet,LAOS-ESIM,B0H6MF4D8M,,,0,Incomplete,DEFAULT,25/06/2026 10:07:05 BST
UK,KEEP,in master list,LATVIA-20GB-30D,B0FR9SWN6V,,12.99,0,Inactive,AMAZON_EU,25/06/2026 17:46:14 BST
UK,KEEP,in master list,LATVIA-3GB-15D,B0FR9VM4K6,,6.99,0,Inactive,AMAZON_EU,25/06/2026 17:45:23 BST
UK,KEEP,in master list,LATVIA-5GB-30D,B0FR9TR99S,,7.99,0,Inactive,AMAZON_EU,25/06/2026 17:45:48 BST
UK,KEEP-PARENT,variation parent in Google Sheet,LATVIA-ESIM,B0H6N5RBHS,,,0,Incomplete,DEFAULT,25/06/2026 17:45:20 BST
UK,KEEP,in master list,LIBERIA-3GB-15D,B0FR9H18JQ,,17.99,0,Inactive,AMAZON_EU,25/06/2026 17:46:43 BST
UK,KEEP,in master list,LIBERIA-5GB-30D,B0FR9SJ1YH,,28.99,0,Inactive,AMAZON_EU,25/06/2026 17:47:08 BST
UK,KEEP-PARENT,variation parent in Google Sheet,LIBERIA-ESIM,B0H6N94RH6,,,0,Incomplete,DEFAULT,25/06/2026 17:46:39 BST
UK,KEEP,in master list,LIBYA-20GB-30D,B0H6MFWD2Y,,107.99,0,Inactive,AMAZON_EU,25/06/2026 10:09:19 BST
UK,KEEP,in master list,LIBYA-3GB-15D,B0H6MBYGXZ,,28.99,0,Inactive,AMAZON_EU,25/06/2026 10:08:28 BST
UK,KEEP,in master list,LIBYA-5GB-30D,B0H6M5PVSB,,37.99,0,Inactive,AMAZON_EU,25/06/2026 10:08:53 BST
UK,KEEP-PARENT,variation parent in Google Sheet,LIBYA-ESIM,B0H6M7T4M9,,,0,Incomplete,DEFAULT,25/06/2026 10:08:25 BST
UK,KEEP,in master list,LIECHTENSTEIN-3GB-15D,B0FR9S35ZH,,6.99,0,Inactive,AMAZON_EU,25/06/2026 17:47:37 BST
UK,KEEP-PARENT,variation parent in Google Sheet,LIECHTENSTEIN-ESIM,B0H6NB6KF7,,,0,Incomplete,DEFAULT,25/06/2026 17:47:34 BST
UK,KEEP,in master list,LITHUANIA-20GB-30D,B0FR9TQN8N,,14.99,0,Inactive,AMAZON_EU,25/06/2026 17:48:57 BST
UK,KEEP,in master list,LITHUANIA-3GB-15D,B0FR9KS3P4,,6.99,0,Inactive,AMAZON_EU,25/06/2026 17:48:06 BST
UK,KEEP,in master list,LITHUANIA-5GB-30D,B0FR9R598C,,7.99,0,Inactive,AMAZON_EU,25/06/2026 17:48:31 BST
UK,KEEP-PARENT,variation parent in Google Sheet,LITHUANIA-ESIM,B0H6N8H96J,,,0,Incomplete,DEFAULT,25/06/2026 17:48:02 BST
UK,KEEP,in master list,LUXEMBOURG-20GB-30D,B0FR8XXXZB,,14.99,0,Inactive,AMAZON_EU,25/06/2026 17:50:19 BST
UK,KEEP,in master list,LUXEMBOURG-3GB-15D,B0FR9SHRKM,,6.99,0,Inactive,AMAZON_EU,25/06/2026 17:49:26 BST
UK,KEEP,in master list,LUXEMBOURG-5GB-30D,B0FR9SB862,,7.99,0,Inactive,AMAZON_EU,25/06/2026 17:49:54 BST
UK,KEEP-PARENT,variation parent in Google Sheet,LUXEMBOURG-ESIM,B0H6NB72G9,,,0,Incomplete,DEFAULT,25/06/2026 17:49:22 BST
UK,KEEP,in master list,MACAO-20GB-30D,B0FR9CDBN2,,12.99,0,Inactive,AMAZON_EU,25/06/2026 17:51:39 BST
UK,KEEP,in master list,MACAO-3GB-15D,B0FR9M485M,,6.99,0,Inactive,AMAZON_EU,25/06/2026 17:50:48 BST
UK,KEEP,in master list,MACAO-5GB-30D,B0FR9L9624,,7.99,0,Inactive,AMAZON_EU,25/06/2026 17:51:13 BST
UK,KEEP-PARENT,variation parent in Google Sheet,MACAO-ESIM,B0H6N8H6BD,,,0,Incomplete,DEFAULT,25/06/2026 17:50:44 BST
UK,KEEP,in master list,MADAGASCAR-3GB-15D,B0FR9H2NS1,,21.99,0,Inactive,AMAZON_EU,25/06/2026 17:52:08 BST
UK,KEEP-PARENT,variation parent in Google Sheet,MADAGASCAR-ESIM,B0H6NBTTWK,,,0,Incomplete,DEFAULT,25/06/2026 17:52:04 BST
UK,KEEP,in master list,MALAWI-3GB-15D,B0FR9H3JDK,,14.99,0,Inactive,AMAZON_EU,25/06/2026 17:52:36 BST
UK,KEEP,in master list,MALAWI-5GB-30D,B0FR9GXY24,,23.99,0,Inactive,AMAZON_EU,25/06/2026 17:53:02 BST
UK,KEEP-PARENT,variation parent in Google Sheet,MALAWI-ESIM,B0H6NBMGLL,,,0,Incomplete,DEFAULT,25/06/2026 17:52:33 BST
UK,KEEP,in master list,MALAYSIA-20GB-30D,B0FR9VMWYD,,12.99,9,Active,AMAZON_EU,25/06/2026 17:54:22 BST
UK,KEEP,in master list,MALAYSIA-3GB-15D,B0FR9H1Q65,,6.99,20,Active,AMAZON_EU,25/06/2026 17:53:31 BST
UK,KEEP,in master list,MALAYSIA-5GB-30D,B0FR9LDGX8,,7.99,20,Active,AMAZON_EU,25/06/2026 17:53:56 BST
UK,KEEP-PARENT,variation parent in Google Sheet,MALAYSIA-ESIM,B0H6N8S9VF,,,0,Incomplete,DEFAULT,25/06/2026 17:53:28 BST
UK,KEEP,in master list,MALDIVES-20GB-30D,B0H6MM5SCJ,,100.99,0,Inactive,AMAZON_EU,25/06/2026 10:10:39 BST
UK,KEEP,in master list,MALDIVES-3GB-15D,B0H6MD6Y71,,28.99,0,Inactive,AMAZON_EU,25/06/2026 10:09:48 BST
UK,KEEP,in master list,MALDIVES-5GB-30D,B0H6MJQZ8Y,,37.99,0,Inactive,AMAZON_EU,25/06/2026 10:10:13 BST
UK,KEEP-PARENT,variation parent in Google Sheet,MALDIVES-ESIM,B0H6M7VBCC,,,0,Incomplete,DEFAULT,25/06/2026 10:09:44 BST
UK,KEEP,in master list,MALI-3GB-15D,B0FR9TRDSY,,17.99,0,Inactive,AMAZON_EU,25/06/2026 17:54:51 BST
UK,KEEP-PARENT,variation parent in Google Sheet,MALI-ESIM,B0H6N9BY8N,,,0,Incomplete,DEFAULT,25/06/2026 17:54:47 BST
UK,KEEP,in master list,MALTA-20GB-30D,B0FR9VL1Q9,,12.99,0,Inactive,AMAZON_EU,25/06/2026 17:56:10 BST
UK,KEEP,in master list,MALTA-3GB-15D,B0FR9M3PNR,,6.99,0,Inactive,AMAZON_EU,25/06/2026 17:55:19 BST
UK,KEEP,in master list,MALTA-5GB-30D,B0FR9ZSMTC,,7.99,0,Inactive,AMAZON_EU,25/06/2026 17:55:45 BST
UK,KEEP-PARENT,variation parent in Google Sheet,MALTA-ESIM,B0H6NBDQH1,,,0,Incomplete,DEFAULT,25/06/2026 17:55:16 BST
UK,KEEP,in master list,MARTINIQUE-20GB-30D,B0H6MH94KV,,13.99,0,Inactive,AMAZON_EU,25/06/2026 10:11:59 BST
UK,KEEP,in master list,MARTINIQUE-3GB-15D,B0H6M7SBFQ,,6.99,0,Inactive,AMAZON_EU,25/06/2026 10:11:08 BST
UK,KEEP,in master list,MARTINIQUE-5GB-30D,B0H6MKCD1X,,7.99,0,Inactive,AMAZON_EU,25/06/2026 10:11:33 BST
UK,KEEP-PARENT,variation parent in Google Sheet,MARTINIQUE-ESIM,B0H6M81ZS9,,,0,Incomplete,DEFAULT,25/06/2026 10:11:04 BST
UK,KEEP,in master list,MAURITIUS-3GB-15D,B0H2FYRLRC,,13.99,0,Inactive,AMAZON_EU,25/06/2026 18:49:44 BST
UK,KEEP,in master list,MAURITIUS-5GB-30D,B0H2G2XMS3,,14.99,0,Inactive,AMAZON_EU,25/06/2026 18:50:09 BST
UK,KEEP-PARENT,variation parent in Google Sheet,MAURITIUS-ESIM,B0H6NPKF3T,,,0,Incomplete,DEFAULT,25/06/2026 18:49:40 BST
UK,KEEP,in master list,MAYOTTE-20GB-30D,B0H6M5L8MC,,13.99,0,Inactive,AMAZON_EU,25/06/2026 10:13:18 BST
UK,KEEP,in master list,MAYOTTE-3GB-15D,B0H6MFWP88,,6.99,0,Inactive,AMAZON_EU,25/06/2026 10:12:27 BST
UK,KEEP,in master list,MAYOTTE-5GB-30D,B0H6MD9C4Y,,7.99,0,Inactive,AMAZON_EU,25/06/2026 10:12:53 BST
UK,KEEP-PARENT,variation parent in Google Sheet,MAYOTTE-ESIM,B0H6M5W634,,,0,Incomplete,DEFAULT,25/06/2026 10:12:24 BST
UK,KEEP,in master list,MEXICO-20GB-30D,B0FR9VDSJX,,29.99,0,Inactive,AMAZON_EU,25/06/2026 17:57:30 BST
UK,KEEP,in master list,MEXICO-3GB-15D,B0FR9SZSTG,,9.99,0,Inactive,AMAZON_EU,25/06/2026 17:56:39 BST
UK,KEEP,in master list,MEXICO-5GB-30D,B0FR9H2K1C,,11.99,0,Inactive,AMAZON_EU,25/06/2026 17:57:05 BST
UK,KEEP-PARENT,variation parent in Google Sheet,MEXICO-ESIM,B0H6NFW8QT,,,0,Incomplete,DEFAULT,25/06/2026 17:56:36 BST
UK,KEEP,in master list,MIDDLE-EAST-5GB-30D,B0FR9SYKP6,,30.99,0,Inactive,AMAZON_EU,25/06/2026 17:57:59 BST
UK,KEEP-PARENT,variation parent in Google Sheet,MIDDLE-EAST-ESIM,B0H6N5XR72,,,0,Incomplete,DEFAULT,25/06/2026 17:57:56 BST
UK,KEEP,in master list,MOLDOVA-3GB-15D,B0FR9CFQYY,,6.99,0,Inactive,AMAZON_EU,25/06/2026 17:58:28 BST
UK,KEEP-PARENT,variation parent in Google Sheet,MOLDOVA-ESIM,B0H6N61H5Z,,,0,Incomplete,DEFAULT,25/06/2026 17:58:25 BST
UK,KEEP,in master list,MONACO-3GB-15D,B0FR9ZS6GM,,53.99,0,Inactive,AMAZON_EU,25/06/2026 17:58:57 BST
UK,KEEP,in master list,MONACO-5GB-30D,B0FR9H1H4M,,72.99,0,Inactive,AMAZON_EU,25/06/2026 17:59:22 BST
UK,KEEP-PARENT,variation parent in Google Sheet,MONACO-ESIM,B0H6N9LD59,,,0,Incomplete,DEFAULT,25/06/2026 17:58:53 BST
UK,KEEP,in master list,MONGOLIA-3GB-15D,B0FR9LSYTX,,13.99,0,Inactive,AMAZON_EU,25/06/2026 17:59:51 BST
UK,KEEP-PARENT,variation parent in Google Sheet,MONGOLIA-ESIM,B0H6N6VV6H,,,0,Incomplete,DEFAULT,25/06/2026 17:59:48 BST
UK,KEEP,in master list,MONTENEGRO-3GB-15D,B0FR9R5HR7,,6.99,0,Inactive,AMAZON_EU,25/06/2026 18:00:20 BST
UK,KEEP-PARENT,variation parent in Google Sheet,MONTENEGRO-ESIM,B0H6N41GTS,,,0,Incomplete,DEFAULT,25/06/2026 18:00:16 BST
UK,KEEP,in master list,MONTSERRAT-20GB-30D,B0H6MG87HK,,80.99,0,Inactive,AMAZON_EU,25/06/2026 10:14:38 BST
UK,KEEP,in master list,MONTSERRAT-3GB-15D,B0H6MDJ2ZR,,21.99,0,Inactive,AMAZON_EU,25/06/2026 10:13:47 BST
UK,KEEP,in master list,MONTSERRAT-5GB-30D,B0H6MGQ1Y4,,28.99,0,Inactive,AMAZON_EU,25/06/2026 10:14:13 BST
UK,KEEP-PARENT,variation parent in Google Sheet,MONTSERRAT-ESIM,B0H6M5HH29,,,0,Incomplete,DEFAULT,25/06/2026 10:13:44 BST
UK,KEEP,in master list,MOROCCO-20GB-30D,B0FR9M57DY,,22.99,10,Active,AMAZON_EU,25/06/2026 18:01:40 BST
UK,KEEP,in master list,MOROCCO-3GB-15D,B0FR9CFZQR,,7.99,26,Active,AMAZON_EU,25/06/2026 18:00:49 BST
UK,KEEP,in master list,MOROCCO-5GB-30D,B0FR9CDDQ8,,11.99,0,Inactive,AMAZON_EU,25/06/2026 18:01:14 BST
UK,KEEP-PARENT,variation parent in Google Sheet,MOROCCO-ESIM,B0H6NJSTNL,,,0,Incomplete,DEFAULT,25/06/2026 18:00:45 BST
UK,KEEP,in master list,MOZAMBIQUE-20GB-30D,B0FR9CFLS7,,64.99,0,Inactive,AMAZON_EU,25/06/2026 18:02:34 BST
UK,KEEP,in master list,MOZAMBIQUE-3GB-15D,B0FRB1M6HK,,16.99,0,Inactive,AMAZON_EU,25/06/2026 18:02:09 BST
UK,KEEP-PARENT,variation parent in Google Sheet,MOZAMBIQUE-ESIM,B0H6N7QPBM,,,0,Incomplete,DEFAULT,25/06/2026 18:02:05 BST
UK,KEEP,in master list,NEPAL-3GB-15D,B0FRB1TD7L,,11.99,0,Inactive,AMAZON_EU,25/06/2026 18:03:03 BST
UK,KEEP-PARENT,variation parent in Google Sheet,NEPAL-ESIM,B0H6NBC9RB,,,0,Incomplete,DEFAULT,25/06/2026 18:03:00 BST
UK,KEEP,in master list,NETHERLANDS-20GB-30D,B0FR9NG7LB,,13.99,20,Active,AMAZON_EU,25/06/2026 18:04:23 BST
UK,KEEP,in master list,NETHERLANDS-3GB-15D,B0FRB5GNM2,,6.99,70,Active,AMAZON_EU,25/06/2026 18:03:32 BST
UK,KEEP,in master list,NETHERLANDS-5GB-30D,B0FR9NHP7Q,,7.99,56,Active,AMAZON_EU,25/06/2026 18:03:57 BST
UK,KEEP-PARENT,variation parent in Google Sheet,NETHERLANDS-ESIM,B0H6N729C3,,,0,Incomplete,DEFAULT,25/06/2026 18:03:28 BST
UK,KEEP,in master list,NEW-ZEALAND-20GB-30D,B0FRB1TWT8,,20.99,0,Inactive,AMAZON_EU,25/06/2026 18:05:43 BST
UK,KEEP,in master list,NEW-ZEALAND-3GB-15D,B0FR9NKXF5,,7.99,0,Inactive,AMAZON_EU,25/06/2026 18:04:52 BST
UK,KEEP,in master list,NEW-ZEALAND-5GB-30D,B0FR9NHFWQ,,9.99,0,Inactive,AMAZON_EU,25/06/2026 18:05:17 BST
UK,KEEP-PARENT,variation parent in Google Sheet,NEW-ZEALAND-ESIM,B0H6N6W32Z,,,0,Incomplete,DEFAULT,25/06/2026 18:04:48 BST
UK,KEEP,in master list,NICARAGUA-3GB-15D,B0FRB33MPG,,11.99,0,Inactive,AMAZON_EU,25/06/2026 18:06:12 BST
UK,KEEP-PARENT,variation parent in Google Sheet,NICARAGUA-ESIM,B0H6N8FDTC,,,0,Incomplete,DEFAULT,25/06/2026 18:06:08 BST
UK,KEEP,in master list,NIGER-3GB-15D,B0FR9NPT1H,,14.99,0,Inactive,AMAZON_EU,25/06/2026 18:06:40 BST
UK,KEEP-PARENT,variation parent in Google Sheet,NIGER-ESIM,B0H6NKHLYG,,,0,Incomplete,DEFAULT,25/06/2026 18:06:37 BST
UK,KEEP,in master list,NIGERIA-3GB-15D,B0FR9X17QY,,11.99,0,Inactive,AMAZON_EU,25/06/2026 18:07:10 BST
UK,KEEP-PARENT,variation parent in Google Sheet,NIGERIA-ESIM,B0H6NHXJPX,,,0,Incomplete,DEFAULT,25/06/2026 18:07:07 BST
UK,KEEP,in master list,NORTH-AMERICA-5GB-30D,B0FRBDQ8H5,,13.99,0,Inactive,AMAZON_EU,25/06/2026 18:07:39 BST
UK,KEEP-PARENT,variation parent in Google Sheet,NORTH-AMERICA-ESIM,B0H6NBGFKR,,,0,Incomplete,DEFAULT,25/06/2026 18:07:35 BST
UK,KEEP,in master list,NORTH-MACEDONIA-3GB-15D,B0FRB59DJS,,7.99,0,Inactive,AMAZON_EU,25/06/2026 18:08:08 BST
UK,KEEP,in master list,NORTH-MACEDONIA-5GB-30D,B0FR9WNHHX,,11.99,0,Inactive,AMAZON_EU,25/06/2026 18:08:33 BST
UK,KEEP-PARENT,variation parent in Google Sheet,NORTH-MACEDONIA-ESIM,B0H6N8HHPR,,,0,Incomplete,DEFAULT,25/06/2026 18:08:04 BST
UK,KEEP,in master list,NORWAY-20GB-30D,B0FRB572L8,,12.99,0,Inactive,AMAZON_EU,25/06/2026 18:09:53 BST
UK,KEEP,in master list,NORWAY-3GB-15D,B0FR9WNK2H,,6.99,0,Inactive,AMAZON_EU,25/06/2026 18:09:02 BST
UK,KEEP,in master list,NORWAY-5GB-30D,B0FRBNPZ9D,,7.99,0,Inactive,AMAZON_EU,25/06/2026 18:09:28 BST
UK,KEEP-PARENT,variation parent in Google Sheet,NORWAY-ESIM,B0H6NJMGDH,,,0,Incomplete,DEFAULT,25/06/2026 18:08:59 BST
UK,KEEP,in master list,OMAN-20GB-30D,B0FRB4R3FK,,27.99,0,Inactive,AMAZON_EU,25/06/2026 18:10:47 BST
UK,KEEP,in master list,OMAN-3GB-15D,B0FRB4BL4W,,9.99,0,Inactive,AMAZON_EU,25/06/2026 18:10:22 BST
UK,KEEP-PARENT,variation parent in Google Sheet,OMAN-ESIM,B0H6N75L1G,,,0,Incomplete,DEFAULT,25/06/2026 18:10:19 BST
UK,KEEP,in master list,PAKISTAN-20GB-30D,B0FRB691X8,,18.99,0,Inactive,AMAZON_EU,25/06/2026 18:12:07 BST
UK,KEEP,in master list,PAKISTAN-3GB-15D,B0FRB4HL3B,,6.99,0,Inactive,AMAZON_EU,25/06/2026 18:11:16 BST
UK,KEEP,in master list,PAKISTAN-5GB-30D,B0FRB48QKZ,,8.99,0,Inactive,AMAZON_EU,25/06/2026 18:11:42 BST
UK,KEEP-PARENT,variation parent in Google Sheet,PAKISTAN-ESIM,B0H6NLYSKB,,,0,Incomplete,DEFAULT,25/06/2026 18:11:13 BST
UK,KEEP,in master list,PANAMA-3GB-15D,B0FRB3VFW6,,14.99,0,Inactive,AMAZON_EU,25/06/2026 18:12:36 BST
UK,KEEP-PARENT,variation parent in Google Sheet,PANAMA-ESIM,B0H6NJMGH2,,,0,Incomplete,DEFAULT,25/06/2026 18:12:33 BST
UK,KEEP,in master list,PARAGUAY-3GB-15D,B0FRB3V7CS,,11.99,0,Inactive,AMAZON_EU,25/06/2026 18:13:05 BST
UK,KEEP-PARENT,variation parent in Google Sheet,PARAGUAY-ESIM,B0H6N8G9S2,,,0,Incomplete,DEFAULT,25/06/2026 18:13:02 BST
UK,KEEP,in master list,PERU-20GB-30D,B0H6M8BLBD,,35.99,0,Inactive,AMAZON_EU,25/06/2026 09:28:48 BST
UK,KEEP,in master list,PERU-3GB-15D,B0H6M5WW3B,,11.99,0,Inactive,AMAZON_EU,25/06/2026 09:28:22 BST
UK,KEEP-PARENT,variation parent in Google Sheet,PERU-ESIM,B0H6MD1TVV,,,0,Incomplete,DEFAULT,25/06/2026 09:28:19 BST
UK,KEEP,in master list,PHILIPPINES-20GB-30D,B0FRB4K2D4,,19.99,10,Active,AMAZON_EU,25/06/2026 18:14:25 BST
UK,KEEP,in master list,PHILIPPINES-3GB-15D,B0FRB1GVXK,,6.99,19,Active,AMAZON_EU,25/06/2026 18:13:34 BST
UK,KEEP,in master list,PHILIPPINES-5GB-30D,B0FRB4VCKG,,8.99,20,Active,AMAZON_EU,25/06/2026 18:13:59 BST
UK,KEEP-PARENT,variation parent in Google Sheet,PHILIPPINES-ESIM,B0H6NJNJBX,,,0,Incomplete,DEFAULT,25/06/2026 18:13:30 BST
UK,KEEP,in master list,POLAND-20GB-30D,B0FRB5HSK7,,12.99,20,Active,AMAZON_EU,25/06/2026 18:15:45 BST
UK,KEEP,in master list,POLAND-3GB-15D,B0FRB4JVKR,,6.99,70,Active,AMAZON_EU,25/06/2026 18:14:54 BST
UK,KEEP,in master list,POLAND-5GB-30D,B0FRBDPQ9J,,7.99,52,Active,AMAZON_EU,25/06/2026 18:15:19 BST
UK,KEEP-PARENT,variation parent in Google Sheet,POLAND-ESIM,B0H6NB3WBQ,,,0,Incomplete,DEFAULT,25/06/2026 18:14:50 BST
UK,KEEP,in master list,PORTUGAL-20GB-30D,B0FRB354KV,,12.99,27,Active,AMAZON_EU,25/06/2026 18:17:04 BST
UK,KEEP,in master list,PORTUGAL-3GB-15D,B0FRB4314T,,6.99,89,Active,AMAZON_EU,25/06/2026 18:16:13 BST
UK,KEEP,in master list,PORTUGAL-5GB-30D,B0FRB4X799,,7.99,73,Active,AMAZON_EU,25/06/2026 18:16:39 BST
UK,KEEP-PARENT,variation parent in Google Sheet,PORTUGAL-ESIM,B0H6N8F4C6,,,0,Incomplete,DEFAULT,25/06/2026 18:16:10 BST
UK,KEEP,in master list,PUERTO-RICO-3GB-15D,B0FRB5MSF1,,10.99,0,Inactive,AMAZON_EU,25/06/2026 18:17:33 BST
UK,KEEP,in master list,PUERTO-RICO-5GB-30D,B0FR9WMX9V,,11.99,0,Inactive,AMAZON_EU,25/06/2026 18:17:59 BST
UK,KEEP-PARENT,variation parent in Google Sheet,PUERTO-RICO-ESIM,B0H6ND61QG,,,0,Incomplete,DEFAULT,25/06/2026 18:17:30 BST
UK,KEEP,in master list,QATAR-20GB-30D,B0FR9X3QGM,,26.99,0,Inactive,AMAZON_EU,25/06/2026 18:19:19 BST
UK,KEEP,in master list,QATAR-3GB-15D,B0FR9NXH43,,8.99,0,Inactive,AMAZON_EU,25/06/2026 18:18:28 BST
UK,KEEP,in master list,QATAR-5GB-30D,B0FR9X5KB1,,14.99,0,Inactive,AMAZON_EU,25/06/2026 18:18:53 BST
UK,KEEP-PARENT,variation parent in Google Sheet,QATAR-ESIM,B0H6NBS9YH,,,0,Incomplete,DEFAULT,25/06/2026 18:18:24 BST
UK,KEEP,in master list,REPUBLIC-OF-THE-CONGO-20GB-30D,B0H6MJ756Y,,66.99,0,Inactive,AMAZON_EU,25/06/2026 10:15:58 BST
UK,KEEP,in master list,REPUBLIC-OF-THE-CONGO-3GB-15D,B0H6MM6DKT,,18.99,0,Inactive,AMAZON_EU,25/06/2026 10:15:07 BST
UK,KEEP,in master list,REPUBLIC-OF-THE-CONGO-5GB-30D,B0H6MBXD3B,,28.99,0,Inactive,AMAZON_EU,25/06/2026 10:15:33 BST
UK,KEEP-PARENT,variation parent in Google Sheet,REPUBLIC-OF-THE-CONGO-ESIM,B0H6MCYX2L,,,0,Incomplete,DEFAULT,25/06/2026 10:15:04 BST
UK,KEEP,in master list,REUNION-3GB-15D,B0FRB3KCNQ,,6.99,0,Inactive,AMAZON_EU,25/06/2026 18:19:48 BST
UK,KEEP,in master list,REUNION-5GB-30D,B0FRB47TQW,,7.99,0,Inactive,AMAZON_EU,25/06/2026 18:20:13 BST
UK,KEEP-PARENT,variation parent in Google Sheet,REUNION-ESIM,B0H6NLMDN3,,,0,Incomplete,DEFAULT,25/06/2026 18:19:44 BST
UK,KEEP,in master list,ROMANIA-20GB-30D,B0H6MGRC1F,,12.99,0,Inactive,AMAZON_EU,25/06/2026 10:17:18 BST
UK,KEEP,in master list,ROMANIA-3GB-15D,B0H6MKQH2C,,6.99,0,Inactive,AMAZON_EU,25/06/2026 10:16:27 BST
UK,KEEP,in master list,ROMANIA-5GB-30D,B0H6MFVLCB,,7.99,0,Inactive,AMAZON_EU,25/06/2026 10:16:53 BST
UK,KEEP-PARENT,variation parent in Google Sheet,ROMANIA-ESIM,B0H6MFFYR7,,,0,Incomplete,DEFAULT,25/06/2026 10:16:24 BST
UK,KEEP,in master list,RUSSIA-20GB-30D,B0H6MDSLNC,,19.99,0,Inactive,AMAZON_EU,25/06/2026 10:18:38 BST
UK,KEEP,in master list,RUSSIA-3GB-15D,B0H6MDNPC8,,7.99,0,Inactive,AMAZON_EU,25/06/2026 10:17:47 BST
UK,KEEP,in master list,RUSSIA-5GB-30D,B0H6MLHHB2,,11.99,0,Inactive,AMAZON_EU,25/06/2026 10:18:13 BST
UK,KEEP-PARENT,variation parent in Google Sheet,RUSSIA-ESIM,B0H6MGPV89,,,0,Incomplete,DEFAULT,25/06/2026 10:17:44 BST
UK,KEEP,in master list,RWANDA-20GB-30D,B0H6M66BWN,,83.99,0,Inactive,AMAZON_EU,25/06/2026 10:19:58 BST
UK,KEEP,in master list,RWANDA-3GB-15D,B0H6MK2ZBQ,,20.99,0,Inactive,AMAZON_EU,25/06/2026 10:19:07 BST
UK,KEEP,in master list,RWANDA-5GB-30D,B0H6MJZHP1,,27.99,0,Inactive,AMAZON_EU,25/06/2026 10:19:33 BST
UK,KEEP-PARENT,variation parent in Google Sheet,RWANDA-ESIM,B0H6MFDNCX,,,0,Incomplete,DEFAULT,25/06/2026 10:19:04 BST
UK,KEEP,in master list,SAINT-BARTHELEMY-20GB-30D,B0H6MJHHNB,,13.99,0,Inactive,AMAZON_EU,25/06/2026 10:21:18 BST
UK,KEEP,in master list,SAINT-BARTHELEMY-3GB-15D,B0H6MDMD63,,6.99,0,Inactive,AMAZON_EU,25/06/2026 10:20:27 BST
UK,KEEP,in master list,SAINT-BARTHELEMY-5GB-30D,B0H6MBS246,,7.99,0,Inactive,AMAZON_EU,25/06/2026 10:20:53 BST
UK,KEEP-PARENT,variation parent in Google Sheet,SAINT-BARTHELEMY-ESIM,B0H6M7F71Q,,,0,Incomplete,DEFAULT,25/06/2026 10:20:24 BST
UK,KEEP,in master list,SAINT-KITTS-AND-NEVIS-20GB-30D,B0H6MJQSR4,,88.99,0,Inactive,AMAZON_EU,25/06/2026 10:22:38 BST
UK,KEEP,in master list,SAINT-KITTS-AND-NEVIS-3GB-15D,B0H6MDHJ2B,,24.99,0,Inactive,AMAZON_EU,25/06/2026 10:21:47 BST
UK,KEEP,in master list,SAINT-KITTS-AND-NEVIS-5GB-30D,B0H6MBK615,,32.99,0,Inactive,AMAZON_EU,25/06/2026 10:22:13 BST
UK,KEEP-PARENT,variation parent in Google Sheet,SAINT-KITTS-AND-NEVIS-ESIM,B0H6MJPPCH,,,0,Incomplete,DEFAULT,25/06/2026 10:21:44 BST
UK,KEEP,in master list,SAINT-LUCIA-20GB-30D,B0H6MDX8DY,,88.99,0,Inactive,AMAZON_EU,25/06/2026 10:23:58 BST
UK,KEEP,in master list,SAINT-LUCIA-3GB-15D,B0H6M7Y1CD,,24.99,0,Inactive,AMAZON_EU,25/06/2026 10:23:07 BST
UK,KEEP,in master list,SAINT-LUCIA-5GB-30D,B0H6MGBXNV,,32.99,0,Inactive,AMAZON_EU,25/06/2026 10:23:33 BST
UK,KEEP-PARENT,variation parent in Google Sheet,SAINT-LUCIA-ESIM,B0H6MDQNZ4,,,0,Incomplete,DEFAULT,25/06/2026 10:23:04 BST
UK,KEEP,in master list,SAINT-MARTIN-20GB-30D,B0H6MF7K64,,13.99,0,Inactive,AMAZON_EU,25/06/2026 10:25:18 BST
UK,KEEP,in master list,SAINT-MARTIN-3GB-15D,B0H6MDB2CN,,6.99,0,Inactive,AMAZON_EU,25/06/2026 10:24:27 BST
UK,KEEP,in master list,SAINT-MARTIN-5GB-30D,B0H6MC37Q1,,7.99,0,Inactive,AMAZON_EU,25/06/2026 10:24:52 BST
UK,KEEP-PARENT,variation parent in Google Sheet,SAINT-MARTIN-ESIM,B0H6MM8WYQ,,,0,Incomplete,DEFAULT,25/06/2026 10:24:24 BST
UK,KEEP,in master list,SAINT-VINCENT-AND-THE-GRENADINES-3GB-15D,B0H6MF3FWZ,,29.99,0,Inactive,AMAZON_EU,25/06/2026 10:25:47 BST
UK,KEEP,in master list,SAINT-VINCENT-AND-THE-GRENADINES-5GB-30D,B0H6MJXH8Z,,39.99,0,Inactive,AMAZON_EU,25/06/2026 10:26:12 BST
UK,KEEP-PARENT,variation parent in Google Sheet,SAINT-VINCENT-AND-THE-GRENADINES-ESIM,B0H6MB38V2,,,0,Incomplete,DEFAULT,25/06/2026 10:25:43 BST
UK,KEEP,in master list,SAMOA-20GB-30D,B0H6MJQDSM,,252.99,0,Inactive,AMAZON_EU,25/06/2026 10:27:33 BST
UK,KEEP,in master list,SAMOA-3GB-15D,B0H6MGJ45S,,49.99,0,Inactive,AMAZON_EU,25/06/2026 10:26:42 BST
UK,KEEP,in master list,SAMOA-5GB-30D,B0H6MFFZH1,,68.99,0,Inactive,AMAZON_EU,25/06/2026 10:27:07 BST
UK,KEEP-PARENT,variation parent in Google Sheet,SAMOA-ESIM,B0H6MKW7S5,,,0,Incomplete,DEFAULT,25/06/2026 10:26:38 BST
UK,KEEP,in master list,SAN-MARINO-20GB-30D,B0H6MDHJFJ,,13.99,0,Inactive,AMAZON_EU,25/06/2026 10:28:53 BST
UK,KEEP,in master list,SAN-MARINO-3GB-15D,B0H6MG33GL,,6.99,0,Inactive,AMAZON_EU,25/06/2026 10:28:02 BST
UK,KEEP,in master list,SAN-MARINO-5GB-30D,B0H6ML6C38,,7.99,0,Inactive,AMAZON_EU,25/06/2026 10:28:27 BST
UK,KEEP-PARENT,variation parent in Google Sheet,SAN-MARINO-ESIM,B0H6M6P1HS,,,0,Incomplete,DEFAULT,25/06/2026 10:27:58 BST
UK,KEEP,in master list,SAUDI-ARABIA-20GB-30D,B0FRB5PZTS,,28.99,0,Inactive,AMAZON_EU,25/06/2026 18:21:33 BST
UK,KEEP,in master list,SAUDI-ARABIA-3GB-15D,B0FRB3N2KL,,9.99,0,Inactive,AMAZON_EU,25/06/2026 18:20:42 BST
UK,KEEP,in master list,SAUDI-ARABIA-5GB-30D,B0FRB1SRZY,,11.99,0,Inactive,AMAZON_EU,25/06/2026 18:21:08 BST
UK,KEEP-PARENT,variation parent in Google Sheet,SAUDI-ARABIA-ESIM,B0H6NJPK9W,,,0,Incomplete,DEFAULT,25/06/2026 18:20:39 BST
UK,KEEP,in master list,SENEGAL-3GB-15D,B0FRB4HX92,,13.99,30,Active,AMAZON_EU,25/06/2026 18:22:02 BST
UK,KEEP,in master list,SENEGAL-5GB-30D,B0FRB68H77,,15.99,20,Active,AMAZON_EU,25/06/2026 18:22:28 BST
UK,KEEP-PARENT,variation parent in Google Sheet,SENEGAL-ESIM,B0H6N8DFG9,,,0,Incomplete,DEFAULT,25/06/2026 18:21:59 BST
UK,KEEP,in master list,SERBIA-20GB-30D,B0FRB5K8JC,,17.99,0,Inactive,AMAZON_EU,25/06/2026 18:23:22 BST
UK,KEEP,in master list,SERBIA-3GB-15D,B0FRB5TJV2,,6.99,0,Inactive,AMAZON_EU,25/06/2026 18:22:57 BST
UK,KEEP-PARENT,variation parent in Google Sheet,SERBIA-ESIM,B0H6N91W8D,,,0,Incomplete,DEFAULT,25/06/2026 18:22:53 BST
UK,KEEP,in master list,SEYCHELLES-3GB-15D,B0FRB55T3H,,14.99,0,Inactive,AMAZON_EU,25/06/2026 18:23:51 BST
UK,KEEP,in master list,SEYCHELLES-5GB-30D,B0FR9P7N6M,,23.99,0,Inactive,AMAZON_EU,25/06/2026 18:24:17 BST
UK,KEEP-PARENT,variation parent in Google Sheet,SEYCHELLES-ESIM,B0H6N94L4D,,,0,Incomplete,DEFAULT,25/06/2026 18:23:48 BST
UK,KEEP,in master list,SIERRA-LEONE-20GB-30D,B0H6ML1JW1,,80.99,0,Inactive,AMAZON_EU,25/06/2026 10:30:13 BST
UK,KEEP,in master list,SIERRA-LEONE-3GB-15D,B0H6MHPWKP,,22.99,0,Inactive,AMAZON_EU,25/06/2026 10:29:22 BST
UK,KEEP,in master list,SIERRA-LEONE-5GB-30D,B0H6MBK6HZ,,28.99,0,Inactive,AMAZON_EU,25/06/2026 10:29:47 BST
UK,KEEP-PARENT,variation parent in Google Sheet,SIERRA-LEONE-ESIM,B0H6MHYVHM,,,0,Incomplete,DEFAULT,25/06/2026 10:29:18 BST
UK,KEEP,in master list,SINGAPORE-20GB-30D,B0FRB256K8,,12.99,10,Active,AMAZON_EU,25/06/2026 18:25:11 BST
UK,KEEP,in master list,SINGAPORE-5GB-30D,B0FR9X3Y3R,,7.99,20,Active,AMAZON_EU,25/06/2026 18:24:46 BST
UK,KEEP-PARENT,variation parent in Google Sheet,SINGAPORE-ESIM,B0H6NBFGB1,,,0,Incomplete,DEFAULT,25/06/2026 18:24:42 BST
UK,KEEP,in master list,SLOVAKIA-20GB-30D,B0FRB14YYC,,12.99,0,Inactive,AMAZON_EU,25/06/2026 18:26:31 BST
UK,KEEP,in master list,SLOVAKIA-3GB-15D,B0FR9XC4BW,,6.99,0,Inactive,AMAZON_EU,25/06/2026 18:25:40 BST
UK,KEEP,in master list,SLOVAKIA-5GB-30D,B0FRB2X84M,,7.99,0,Inactive,AMAZON_EU,25/06/2026 18:26:06 BST
UK,KEEP-PARENT,variation parent in Google Sheet,SLOVAKIA-ESIM,B0H6NDXWWR,,,0,Incomplete,DEFAULT,25/06/2026 18:25:37 BST
UK,KEEP,in master list,SLOVENIA-20GB-30D,B0FR9X15V2,,12.99,0,Inactive,AMAZON_EU,25/06/2026 18:27:51 BST
UK,KEEP,in master list,SLOVENIA-3GB-15D,B0FR9XCF27,,6.99,0,Inactive,AMAZON_EU,25/06/2026 18:27:00 BST
UK,KEEP,in master list,SLOVENIA-5GB-30D,B0FRB3SJMR,,7.99,0,Inactive,AMAZON_EU,25/06/2026 18:27:26 BST
UK,KEEP-PARENT,variation parent in Google Sheet,SLOVENIA-ESIM,B0H6N8LBFC,,,0,Incomplete,DEFAULT,25/06/2026 18:26:57 BST
UK,KEEP,in master list,SOUTH-AFRICA-5GB-30D,B0FRB3R6F3,,12.99,37,Active,AMAZON_EU,25/06/2026 18:28:19 BST
UK,KEEP-PARENT,variation parent in Google Sheet,SOUTH-AFRICA-ESIM,B0H6NDQ7JB,,,0,Incomplete,DEFAULT,25/06/2026 18:28:16 BST
UK,KEEP,in master list,SOUTH-AMERICA-5GB-30D,B0FRB8D7HC,,17.99,0,Inactive,AMAZON_EU,25/06/2026 18:28:48 BST
UK,KEEP-PARENT,variation parent in Google Sheet,SOUTH-AMERICA-ESIM,B0H6NB5W6T,,,0,Incomplete,DEFAULT,25/06/2026 18:28:45 BST
UK,KEEP,in master list,SOUTH-KOREA-20GB-30D,B0FRC4P51Z,,12.99,0,Inactive,AMAZON_EU,25/06/2026 18:30:09 BST
UK,KEEP,in master list,SOUTH-KOREA-3GB-15D,B0FRC4RTDF,,6.99,0,Inactive,AMAZON_EU,25/06/2026 18:29:17 BST
UK,KEEP,in master list,SOUTH-KOREA-5GB-30D,B0FRD9LC4C,,7.99,0,Inactive,AMAZON_EU,25/06/2026 18:29:43 BST
UK,KEEP-PARENT,variation parent in Google Sheet,SOUTH-KOREA-ESIM,B0H6N6X1LH,,,0,Incomplete,DEFAULT,25/06/2026 18:29:14 BST
UK,KEEP,in master list,SPAIN-20GB-30D,B0FRCMPGPL,,12.99,42,Active,AMAZON_EU,25/06/2026 18:31:29 BST
UK,KEEP,in master list,SPAIN-3GB-15D,B0FRCDHTZ7,,6.99,247,Active,AMAZON_EU,25/06/2026 18:30:38 BST
UK,KEEP,in master list,SPAIN-5GB-30D,B0FRBQCLZN,,7.99,116,Active,AMAZON_EU,25/06/2026 18:31:03 BST
UK,KEEP-PARENT,variation parent in Google Sheet,SPAIN-ESIM,B0H6NK1SCP,,,0,Incomplete,DEFAULT,25/06/2026 18:30:35 BST
UK,KEEP,in master list,SRI-LANKA-20GB-30D,B0FRC2DZN5,,23.99,0,Inactive,AMAZON_EU,25/06/2026 18:32:49 BST
UK,KEEP,in master list,SRI-LANKA-3GB-15D,B0FRB7Z1NW,,8.99,0,Inactive,AMAZON_EU,25/06/2026 18:31:58 BST
UK,KEEP,in master list,SRI-LANKA-5GB-30D,B0FRB64B8M,,10.99,0,Inactive,AMAZON_EU,25/06/2026 18:32:23 BST
UK,KEEP-PARENT,variation parent in Google Sheet,SRI-LANKA-ESIM,B0H6NFHY8M,,,0,Incomplete,DEFAULT,25/06/2026 18:31:54 BST
UK,KEEP,in master list,SUDAN-3GB-15D,B0FRCKTXNQ,,18.99,0,Inactive,AMAZON_EU,25/06/2026 18:33:17 BST
UK,KEEP,in master list,SUDAN-5GB-30D,B0FRC799N3,,25.99,0,Inactive,AMAZON_EU,25/06/2026 18:33:43 BST
UK,KEEP-PARENT,variation parent in Google Sheet,SUDAN-ESIM,B0H6ND7CM5,,,0,Incomplete,DEFAULT,25/06/2026 18:33:14 BST
UK,KEEP,in master list,SURINAME-20GB-30D,B0H6MNKY5H,,63.99,0,Inactive,AMAZON_EU,25/06/2026 10:31:33 BST
UK,KEEP,in master list,SURINAME-3GB-15D,B0H6MLWJMY,,16.99,0,Inactive,AMAZON_EU,25/06/2026 10:30:42 BST
UK,KEEP,in master list,SURINAME-5GB-30D,B0H6MNS3N5,,27.99,0,Inactive,AMAZON_EU,25/06/2026 10:31:08 BST
UK,KEEP-PARENT,variation parent in Google Sheet,SURINAME-ESIM,B0H6MBG19C,,,0,Incomplete,DEFAULT,25/06/2026 10:30:39 BST
UK,KEEP,in master list,SVG-20GB-30D,B0H6MWF5B5,,107.99,0,Inactive,AMAZON_EU,25/06/2026 13:30:58 BST
UK,KEEP-PARENT,variation parent in Google Sheet,SVG-ESIM,B0H6MZZ26D,,,0,Incomplete,DEFAULT,25/06/2026 13:30:55 BST
UK,KEEP,in master list,SWEDEN-20GB-30D,B0FRB7X5SP,,12.99,0,Inactive,AMAZON_EU,25/06/2026 18:35:03 BST
UK,KEEP,in master list,SWEDEN-3GB-15D,B0FRCC6W9S,,6.99,0,Inactive,AMAZON_EU,25/06/2026 18:34:12 BST
UK,KEEP,in master list,SWEDEN-5GB-30D,B0FRCS524D,,7.99,0,Inactive,AMAZON_EU,25/06/2026 18:34:37 BST
UK,KEEP-PARENT,variation parent in Google Sheet,SWEDEN-ESIM,B0H6NNJJDV,,,0,Incomplete,DEFAULT,25/06/2026 18:34:09 BST
UK,KEEP,in master list,SWITZERLAND-20GB-30D,B0FRB6VY7S,,12.99,0,Inactive,AMAZON_EU,25/06/2026 18:36:23 BST
UK,KEEP,in master list,SWITZERLAND-3GB-15D,B0FRB5LFVC,,6.99,0,Inactive,AMAZON_EU,25/06/2026 18:35:32 BST
UK,KEEP,in master list,SWITZERLAND-5GB-30D,B0FRB7G4VW,,7.99,0,Inactive,AMAZON_EU,25/06/2026 18:35:57 BST
UK,KEEP-PARENT,variation parent in Google Sheet,SWITZERLAND-ESIM,B0H6N9LH2D,,,0,Incomplete,DEFAULT,25/06/2026 18:35:28 BST
UK,KEEP,in master list,TAJIKISTAN-20GB-30D,B0H6M85C77,,35.99,0,Inactive,AMAZON_EU,25/06/2026 10:32:53 BST
UK,KEEP,in master list,TAJIKISTAN-3GB-15D,B0H6M7XFN6,,12.99,0,Inactive,AMAZON_EU,25/06/2026 10:32:02 BST
UK,KEEP,in master list,TAJIKISTAN-5GB-30D,B0H6MFYMXZ,,13.99,0,Inactive,AMAZON_EU,25/06/2026 10:32:27 BST
UK,KEEP-PARENT,variation parent in Google Sheet,TAJIKISTAN-ESIM,B0H6MHKCMV,,,0,Incomplete,DEFAULT,25/06/2026 10:31:59 BST
UK,KEEP,in master list,TANZANIA-3GB-15D,B0FRC81NPJ,,13.99,0,Inactive,AMAZON_EU,25/06/2026 18:36:52 BST
UK,KEEP-PARENT,variation parent in Google Sheet,TANZANIA-ESIM,B0H6NFHYCH,,,0,Incomplete,DEFAULT,25/06/2026 18:36:48 BST
UK,KEEP,in master list,THAILAND-20GB-30D,B0FRCHW3MW,,12.99,0,Inactive,AMAZON_EU,25/06/2026 18:38:11 BST
UK,KEEP,in master list,THAILAND-3GB-15D,B0FRCDPJSH,,6.99,0,Inactive,AMAZON_EU,25/06/2026 18:37:20 BST
UK,KEEP,in master list,THAILAND-5GB-30D,B0FR9Q5D1J,,7.99,0,Inactive,AMAZON_EU,25/06/2026 18:37:46 BST
UK,KEEP-PARENT,variation parent in Google Sheet,THAILAND-ESIM,B0H6NH63FB,,,0,Incomplete,DEFAULT,25/06/2026 18:37:17 BST
UK,KEEP,in master list,TRINIDAD-AND-TOBAGO-20GB-30D,B0H6MF31VP,,82.99,0,Inactive,AMAZON_EU,25/06/2026 10:34:13 BST
UK,KEEP,in master list,TRINIDAD-AND-TOBAGO-3GB-15D,B0H6MJTHXK,,18.99,0,Inactive,AMAZON_EU,25/06/2026 10:33:22 BST
UK,KEEP,in master list,TRINIDAD-AND-TOBAGO-5GB-30D,B0H6MJTHY9,,28.99,0,Inactive,AMAZON_EU,25/06/2026 10:33:47 BST
UK,KEEP-PARENT,variation parent in Google Sheet,TRINIDAD-AND-TOBAGO-ESIM,B0H6MJW44M,,,0,Incomplete,DEFAULT,25/06/2026 10:33:18 BST
UK,KEEP,in master list,TUNISIA-5GB-30D,B0FRB7Q96Z,,9.99,0,Inactive,AMAZON_EU,25/06/2026 18:38:40 BST
UK,KEEP-PARENT,variation parent in Google Sheet,TUNISIA-ESIM,B0H6NDV6J7,,,0,Incomplete,DEFAULT,25/06/2026 18:38:37 BST
UK,KEEP,in master list,TURKEY-20GB-30D,B0FRCYMWCX,,14.99,0,Inactive,AMAZON_EU,25/06/2026 18:40:01 BST
UK,KEEP,in master list,TURKEY-3GB-15D,B0FRC2PSHM,,6.99,0,Inactive,AMAZON_EU,25/06/2026 18:39:09 BST
UK,KEEP,in master list,TURKEY-5GB-30D,B0FRCBZ1BB,,6.99,0,Inactive,AMAZON_EU,25/06/2026 18:39:35 BST
UK,KEEP-PARENT,variation parent in Google Sheet,TURKEY-ESIM,B0H6N72WXH,,,0,Incomplete,DEFAULT,25/06/2026 18:39:06 BST
UK,KEEP,in master list,TURKS-AND-CAICOS-ISLANDS-20GB-30D,B0H6MLBGX7,,77.99,0,Inactive,AMAZON_EU,25/06/2026 10:35:33 BST
UK,KEEP,in master list,TURKS-AND-CAICOS-ISLANDS-3GB-15D,B0H6MNNXGL,,19.99,0,Inactive,AMAZON_EU,25/06/2026 10:34:42 BST
UK,KEEP,in master list,TURKS-AND-CAICOS-ISLANDS-5GB-30D,B0H6MLH1KM,,24.99,0,Inactive,AMAZON_EU,25/06/2026 10:35:07 BST
UK,KEEP-PARENT,variation parent in Google Sheet,TURKS-AND-CAICOS-ISLANDS-ESIM,B0H6MLWN1R,,,0,Incomplete,DEFAULT,25/06/2026 10:34:38 BST
UK,KEEP,in master list,UGANDA-3GB-15D,B0FRB7F7Z9,,15.99,0,Inactive,AMAZON_EU,25/06/2026 18:40:29 BST
UK,KEEP-PARENT,variation parent in Google Sheet,UGANDA-ESIM,B0H6N74ZSB,,,0,Incomplete,DEFAULT,25/06/2026 18:40:26 BST
UK,KEEP,in master list,UKRAINE-3GB-15D,B0FRB9SBFR,,6.99,0,Inactive,AMAZON_EU,25/06/2026 18:41:01 BST
UK,KEEP,in master list,UKRAINE-5GB-30D,B0FRC2NRKG,,7.99,0,Inactive,AMAZON_EU,25/06/2026 18:41:27 BST
UK,KEEP-PARENT,variation parent in Google Sheet,UKRAINE-ESIM,B0H6NF7J78,,,0,Incomplete,DEFAULT,25/06/2026 18:40:58 BST
UK,KEEP,in master list,UNITED-ARAB-EMIRATES-20GB-30D,B0FRB7TFJR,,30.99,0,Inactive,AMAZON_EU,25/06/2026 18:42:46 BST
UK,KEEP,in master list,UNITED-ARAB-EMIRATES-3GB-15D,B0FRBBYBGH,,10.99,0,Inactive,AMAZON_EU,25/06/2026 18:41:56 BST
UK,KEEP,in master list,UNITED-ARAB-EMIRATES-5GB-30D,B0FRB89XHX,,12.99,0,Inactive,AMAZON_EU,25/06/2026 18:42:21 BST
UK,KEEP-PARENT,variation parent in Google Sheet,UNITED-ARAB-EMIRATES-ESIM,B0H6NCBTYB,,,0,Incomplete,DEFAULT,25/06/2026 18:41:52 BST
UK,KEEP,in master list,UNITED-KINGDOM-20GB-30D,B0FRDGCBTN,,12.99,0,Inactive,AMAZON_EU,25/06/2026 18:44:11 BST
UK,KEEP,in master list,UNITED-KINGDOM-3GB-15D,B0FRCPD8TS,,6.99,0,Inactive,AMAZON_EU,25/06/2026 18:43:20 BST
UK,KEEP,in master list,UNITED-KINGDOM-5GB-30D,B0FRDDRGJF,,7.99,0,Inactive,AMAZON_EU,25/06/2026 18:43:46 BST
UK,KEEP-PARENT,variation parent in Google Sheet,UNITED-KINGDOM-ESIM,B0H6N9YRDT,,,0,Incomplete,DEFAULT,25/06/2026 18:43:17 BST
UK,KEEP,in master list,UNITED-STATES-3GB-15D,B0FRCFXK3V,,6.99,0,Inactive,AMAZON_EU,25/06/2026 18:44:40 BST
UK,KEEP,in master list,UNITED-STATES-5GB-30D,B0FRC2PQ8H,,7.99,0,Inactive,AMAZON_EU,25/06/2026 18:45:06 BST
UK,KEEP-PARENT,variation parent in Google Sheet,UNITED-STATES-ESIM,B0H6NMMT9C,,,0,Incomplete,DEFAULT,25/06/2026 18:44:36 BST
UK,KEEP,in master list,URUGUAY-3GB-15D,B0FRB7LHGN,,14.99,0,Inactive,AMAZON_EU,25/06/2026 18:45:35 BST
UK,KEEP-PARENT,variation parent in Google Sheet,URUGUAY-ESIM,B0H6NL3MJ3,,,0,Incomplete,DEFAULT,25/06/2026 18:45:32 BST
UK,KEEP,in master list,UZBEKISTAN-5GB-30D,B0FRBWFZ6M,,7.99,0,Inactive,AMAZON_EU,25/06/2026 18:46:04 BST
UK,KEEP-PARENT,variation parent in Google Sheet,UZBEKISTAN-ESIM,B0H6N42BQP,,,0,Incomplete,DEFAULT,25/06/2026 18:46:01 BST
UK,KEEP,in master list,VATICAN-CITY-20GB-30D,B0H6MDPLZ9,,12.99,0,Inactive,AMAZON_EU,25/06/2026 10:36:53 BST
UK,KEEP,in master list,VATICAN-CITY-3GB-15D,B0H6MBMF8G,,6.99,0,Inactive,AMAZON_EU,25/06/2026 10:36:02 BST
UK,KEEP,in master list,VATICAN-CITY-5GB-30D,B0H6M7YXNP,,7.99,0,Inactive,AMAZON_EU,25/06/2026 10:36:27 BST
UK,KEEP-PARENT,variation parent in Google Sheet,VATICAN-CITY-ESIM,B0H6MH6VLB,,,0,Incomplete,DEFAULT,25/06/2026 10:35:58 BST
UK,KEEP,in master list,VIETNAM-20GB-30D,B0FRC2NKC4,,18.99,0,Inactive,AMAZON_EU,25/06/2026 18:47:26 BST
UK,KEEP,in master list,VIETNAM-3GB-15D,B0FRBR2DHW,,6.99,0,Inactive,AMAZON_EU,25/06/2026 18:46:33 BST
UK,KEEP,in master list,VIETNAM-5GB-30D,B0FRCBXRGV,,8.99,0,Inactive,AMAZON_EU,25/06/2026 18:46:59 BST
UK,KEEP-PARENT,variation parent in Google Sheet,VIETNAM-ESIM,B0H6NDF61Y,,,0,Incomplete,DEFAULT,25/06/2026 18:46:30 BST
UK,KEEP,in master list,ZAMBIA-3GB-15D,B0FRC2NSM2,,14.99,0,Inactive,AMAZON_EU,25/06/2026 18:47:55 BST
UK,KEEP,in master list,ZAMBIA-5GB-30D,B0FRCL97L4,,23.99,0,Inactive,AMAZON_EU,25/06/2026 18:48:21 BST
UK,KEEP-PARENT,variation parent in Google Sheet,ZAMBIA-ESIM,B0H6ND8CXP,,,0,Incomplete,DEFAULT,25/06/2026 18:47:52 BST
