sku,description,markets_missing,UK,IE,FR,DE,IT,ES,NL,BE,SE,PL
AALAND-ISLANDS-20GB-30D,Aaland Islands 20GB 30Days,0,Inactive,Active,Active,Active,Active,Active,Active,Active,Inactive,Active
AALAND-ISLANDS-3GB-15D,Aaland Islands 3GB 15Days,0,Inactive,Active,Active,Active,Active,Active,Active,Active,Active,Active
AALAND-ISLANDS-5GB-30D,Aaland Islands 5GB 30Days,0,Inactive,Active,Active,Active,Active,Active,Active,Active,Inactive,Active
AFRICA-5GB-30D,Africa 5GB 30Days,0,Inactive,Active,Active,Active,Active,Active,Active,Active,Inactive,Inactive
ALBANIA-5GB-30D,Albania 5GB 30Days,0,Inactive,Inactive,Inactive,Inactive,Inactive,Inactive,Inactive,Inactive,Inactive,Inactive
ALGERIA-20GB-30D,Algeria 20GB 30Days,0,Inactive,Active,Active,Active,Active,Active,Active,Active,Active,Active
ALGERIA-3GB-15D,Algeria 3GB 15Days,0,Inactive,Active,Active,Active,Active,Active,Active,Active,Active,Inactive
ALGERIA-5GB-30D,Algeria 5GB 30Days,0,Inactive,Active,Active,Active,Active,Active,Active,Active,Active,Active
ANDORRA-20GB-30D,Andorra 20GB 30Days,0,Inactive,Active,Active,Active,Inactive,Active,Active,Active,Active,Active
ANDORRA-3GB-15D,Andorra 3GB 15Days,0,Inactive,Active,Active,Active,Active,Active,Active,Active,Inactive,Inactive
ANDORRA-5GB-30D,Andorra 5GB 30Days,0,Inactive,Active,Active,Active,Active,Active,Active,Active,Inactive,Active
ANGOLA-3GB-15D,Angola 3GB 15Days,0,Inactive,Active,Active,Active,Active,Active,Active,Active,Inactive,Active
ANGOLA-5GB-30D,Angola 5GB 30Days,0,Inactive,Active,Active,Active,Active,Active,Active,Active,Inactive,Active
ANGUILLA-20GB-30D,Anguilla 20GB 30Days,0,Inactive,Active,Active,Active,Active,Active,Active,Active,Active,Active
ANGUILLA-3GB-15D,Anguilla 3GB 15Days,0,Inactive,Active,Active,Active,Active,Active,Active,Active,Inactive,Active
ANGUILLA-5GB-30D,Anguilla 5GB 30Days,0,Inactive,Active,Active,Active,Active,Active,Active,Active,Active,Active
ANTIGUA-AND-BARBUDA-20GB-30D,Antigua and Barbuda 20GB 30Days,0,Inactive,Active,Active,Active,Active,Active,Active,Active,Inactive,Active
ANTIGUA-AND-BARBUDA-3GB-15D,Antigua and Barbuda 3GB 15Days,0,Inactive,Active,Active,Active,Active,Active,Active,Active,Active,Inactive
ANTIGUA-AND-BARBUDA-5GB-30D,Antigua and Barbuda 5GB 30Days,0,Inactive,Active,Active,Active,Active,Active,Active,Active,Active,Inactive
ARGENTINA-20GB-30D,Argentina 20GB 30Days,0,Inactive,Active,Active,Active,Active,Active,Active,Active,Inactive,Inactive
ARGENTINA-3GB-15D,Argentina 3GB 15Days,0,Inactive,Active,Active,Active,Active,Active,Active,Active,Inactive,Inactive
ARMENIA-20GB-30D,Armenia 20GB 30Days,0,Inactive,Active,Active,Active,Active,Active,Active,Active,Active,Inactive
ARMENIA-3GB-15D,Armenia 3GB 15Days,0,Inactive,Active,Active,Active,Active,Active,Active,Active,Active,Inactive
ASIA-20-3GB-15D,Asia-20 3GB 15Days,0,Inactive,Inactive,Inactive,Inactive,Inactive,Inactive,Inactive,Inactive,Inactive,Inactive
ASIA-20-5GB-30D,Asia-20 5GB 30 Days,0,Inactive,Inactive,Inactive,Inactive,Inactive,Inactive,Inactive,Inactive,Inactive,Inactive
AUSTRALIA-20GB-30D,Australia 20GB 30Days,0,Inactive,Active,Active,Active,Active,Active,Active,Active,Inactive,Active
AUSTRALIA-3GB-15D,Australia 3GB 15Days,0,Active,Active,Active,Active,Active,Active,Active,Active,Active,Active
AUSTRALIA-5GB-30D,Australia 5GB 30Days,0,Active,Active,Active,Active,Active,Active,Active,Active,Active,Active
AUSTRIA-20GB-30D,Austria 20GB 30Days,0,Inactive,Active,Active,Active,Active,Active,Active,Active,Inactive,Active
AUSTRIA-3GB-15D,Austria 3GB 15Days,0,Inactive,Active,Active,Active,Active,Active,Active,Active,Active,Inactive
AUSTRIA-5GB-30D,Austria 5GB 30Days,0,Inactive,Active,Active,Active,Active,Active,Active,Active,Active,Active
AZERBAIJAN-3GB-15D,Azerbaijan 3GB 15Days,0,Inactive,Active,Active,Active,Active,Active,Active,Active,Inactive,Inactive
BAHAMAS-20GB-30D,Bahamas 20GB 30Days,0,Inactive,Active,Active,Active,Active,Active,Active,Active,Inactive,Active
BAHAMAS-3GB-15D,Bahamas 3GB 15Days,0,Inactive,Active,Active,Active,Active,Active,Active,Active,Inactive,Inactive
BAHAMAS-5GB-30D,Bahamas 5GB 30Days,0,Inactive,Active,Active,Active,Active,Active,Active,Active,Inactive,Active
BAHRAIN-3GB-15D,Bahrain 3GB 15Days,0,Inactive,Active,Active,Active,Active,Active,Active,Active,Active,Inactive
BANGLADESH-20GB-30D,Bangladesh 20GB 30Days,0,Inactive,Active,Active,Active,Active,Active,Active,Active,Active,Active
BANGLADESH-3GB-15D,Bangladesh 3GB 15Days,0,Inactive,Active,Active,Active,Active,Active,Active,Active,Active,Inactive
BANGLADESH-5GB-30D,Bangladesh 5GB 30Days,0,Inactive,Active,Active,Active,Active,Active,Active,Active,Active,Active
BARBADOS-20GB-30D,Barbados 20GB 30Days,0,Inactive,Active,Active,Active,Active,Active,Active,Active,Inactive,Active
BARBADOS-3GB-15D,Barbados 3GB 15Days,0,Inactive,Active,Active,Active,Active,Active,Active,Active,Active,Inactive
BARBADOS-5GB-30D,Barbados 5GB 30Days,0,Inactive,Active,Active,Active,Active,Active,Inactive,Active,Active,Active
BELARUS-3GB-15D,Belarus 3GB 15Days,0,Inactive,Active,Active,Active,Active,Active,Active,Active,Active,Inactive
BELARUS-5GB-30D,Belarus 5GB 30Days,0,Inactive,Active,Active,Active,Active,Active,Active,Active,Active,Active
BELGIUM-20GB-30D,Belgium 20GB 30Days,0,Active,Active,Active,Active,Active,Active,Active,Active,Active,Active
BELGIUM-3GB-15D,Belgium 3GB 15Days,0,Active,Active,Active,Active,Active,Active,Active,Active,Active,Active
BELGIUM-5GB-30D,Belgium 5GB 30Days,0,Active,Active,Active,Active,Active,Active,Active,Active,Active,Active
BELIZE-20GB-30D,Belize 20GB 30Days,0,Inactive,Active,Active,Active,Active,Active,Active,Active,Active,Active
BELIZE-3GB-15D,Belize 3GB 15Days,0,Inactive,Active,Active,Active,Active,Active,Active,Active,Inactive,Active
BELIZE-5GB-30D,Belize 5GB 30Days,0,Inactive,Active,Active,Active,Active,Active,Active,Active,Active,Active
BENIN-20GB-30D,Benin 20GB 30Days,0,Inactive,Active,Active,Active,Active,Active,Active,Active,Active,Active
BENIN-3GB-15D,Benin 3GB 15Days,0,Inactive,Active,Active,Active,Active,Active,Active,Active,Active,Active
BENIN-5GB-30D,Benin 5GB 30Days,0,Inactive,Active,Active,Active,Active,Active,Active,Active,Inactive,Active
BERMUDA-20GB-30D,Bermuda 20GB 30Days,0,Inactive,Active,Active,Active,Active,Active,Active,Active,Inactive,Active
BERMUDA-3GB-15D,Bermuda 3GB 15Days,0,Inactive,Active,Active,Active,Inactive,Inactive,Active,Active,Inactive,Active
BERMUDA-5GB-30D,Bermuda 5GB 30Days,0,Inactive,Active,Active,Active,Inactive,Inactive,Active,Active,Inactive,Active
BHUTAN-20GB-30D,Bhutan 20GB 30Days,0,Inactive,Active,Active,Active,Active,Active,Active,Active,Inactive,Active
BHUTAN-3GB-15D,Bhutan 3GB 15Days,0,Inactive,Active,Active,Active,Active,Active,Active,Active,Inactive,Inactive
BHUTAN-5GB-30D,Bhutan 5GB 30Days,0,Inactive,Active,Active,Active,Active,Active,Active,Active,Active,Active
BOLIVIA-20GB-30D,Bolivia 20GB 30Days,0,Inactive,Active,Active,Active,Active,Active,Active,Active,Active,Inactive
BOLIVIA-3GB-15D,Bolivia 3GB 15Days,0,Inactive,Active,Active,Active,Active,Active,Active,Active,Active,Inactive
BOSNIA-AND-HERZEGOVINA-3GB-15D,Bosnia and Herzegovina 3GB 15Days,0,Inactive,Active,Active,Active,Active,Active,Active,Active,Active,Active
BOTSWANA-3GB-15D,Botswana 3GB 15Days,0,Inactive,Active,Active,Active,Active,Active,Active,Active,Active,Active
BRAZIL-20GB-30D,Brazil 20GB 30Days,0,Inactive,Active,Active,Active,Active,Active,Active,Active,Inactive,Inactive
BRAZIL-3GB-15D,Brazil 3GB 15Days,0,Inactive,Active,Active,Active,Active,Active,Active,Active,Inactive,Inactive
BRUNEI-DARUSSALAM-20GB-30D,Brunei Darussalam 20GB 30Days,0,Inactive,Active,Active,Active,Active,Active,Active,Active,Active,Inactive
BRUNEI-DARUSSALAM-3GB-15D,Brunei Darussalam 3GB 15Days,0,Inactive,Active,Active,Active,Active,Active,Active,Active,Active,Inactive
BULGARIA-3GB-15D,Bulgaria 3GB 15Days,0,Inactive,Active,Active,Active,Active,Active,Active,Active,Active,Active
BURKINA-FASO-3GB-15D,Burkina Faso 3GB 15Days,0,Inactive,Active,Active,Active,Active,Active,Active,Active,Active,Active
BURKINA-FASO-5GB-30D,Burkina Faso 5GB 30Days,0,Inactive,Active,Active,Active,Active,Active,Active,Active,Active,Active
CAMBODIA-20GB-30D,Cambodia 20GB 30Days,0,Inactive,Active,Active,Active,Active,Active,Active,Active,Inactive,Inactive
CAMBODIA-3GB-15D,Cambodia 3GB 15Days,0,Inactive,Active,Active,Active,Active,Active,Active,Active,Active,Inactive
CAMEROON-3GB-15D,Cameroon 3GB 15Days,0,Inactive,Active,Active,Active,Active,Active,Active,Active,Active,Inactive
CANADA-PREMIUM-20GB-30D,Canada 20GB 30Days Premium,0,Inactive,Active,Active,Active,Active,Active,Active,Active,Inactive,Active
CANADA-PREMIUM-3GB-15D,Canada 3GB 15Days Premium,0,Inactive,Active,Active,Active,Active,Active,Active,Active,Inactive,Inactive
CANADA-PREMIUM-5GB-30D,Canada 5GB 30Days Premium,0,Inactive,Active,Active,Active,Active,Active,Active,Active,Inactive,Active
CAPE-VERDE-20GB-30D,Cape Verde 20GB 30Days,0,Inactive,Active,Active,Active,Active,Active,Active,Active,Inactive,Inactive
CAPE-VERDE-3GB-15D,Cape Verde 3GB 15Days,0,Inactive,Active,Active,Active,Active,Active,Active,Active,Inactive,Inactive
CAPE-VERDE-5GB-30D,Cape Verde 5GB 30Days,0,Inactive,Active,Active,Active,Active,Active,Active,Active,Active,Inactive
CAYMAN-ISLANDS-20GB-30D,Cayman Islands 20GB 30Days,0,Inactive,Active,Active,Active,Active,Active,Active,Active,Active,Active
CAYMAN-ISLANDS-3GB-15D,Cayman Islands 3GB 15Days,0,Inactive,Active,Active,Active,Active,Active,Active,Active,Active,Active
CAYMAN-ISLANDS-5GB-30D,Cayman Islands 5GB 30Days,0,Inactive,Active,Active,Active,Active,Active,Active,Active,Active,Active
CENTRAL-AFRICAN-REPUBLIC-3GB-15D,Central African Republic 3GB 15Days,0,Inactive,Active,Active,Active,Active,Active,Active,Active,Inactive,Inactive
CENTRAL-AFRICAN-REPUBLIC-5GB-30D,Central African Republic 5GB 30Days,0,Inactive,Active,Active,Active,Active,Active,Active,Active,Active,Active
CHAD-3GB-15D,Chad 3GB 15Days,0,Inactive,Active,Active,Active,Active,Active,Active,Active,Active,Active
CHAD-5GB-30D,Chad 5GB 30Days,0,Inactive,Active,Active,Active,Active,Active,Active,Active,Active,Active
CHILE-3GB-15D,Chile 3GB 15Days,0,Inactive,Inactive,Inactive,Inactive,Inactive,Inactive,Inactive,Inactive,Inactive,Inactive
CHINA-20GB-30D,China 20GB 30Days,0,Inactive,Inactive,Inactive,Inactive,Inactive,Inactive,Inactive,Inactive,Inactive,Inactive
CHINA-3GB-15D,China 3GB 15Days,0,Active,Active,Active,Active,Active,Active,Active,Active,Active,Inactive
CHINA-5GB-30D,China 5GB 30Days,0,Active,Active,Active,Active,Active,Active,Active,Active,Active,Active
COLOMBIA-3GB-15D,Colombia 3GB 15Days,0,Inactive,Active,Active,Active,Active,Active,Active,Active,Inactive,Inactive
COSTA-RICA-3GB-15D,Costa Rica 3GB 15Days,0,Inactive,Active,Active,Active,Active,Active,Active,Active,Inactive,Inactive
COTE-D-IVOIRE-3GB-15D,Cote d'Ivoire 3GB 15Days,0,Inactive,Active,Active,Active,Active,Active,Active,Active,Inactive,Active
COTE-D-IVOIRE-5GB-30D,Cote d'Ivoire 5GB 30Days,0,Inactive,Active,Active,Active,Active,Active,Active,Active,Active,Active
CROATIA-20GB-30D,Croatia 20GB 30Days,0,Inactive,Active,Active,Active,Active,Active,Active,Active,Inactive,Inactive
CROATIA-3GB-15D,Croatia 3GB 15Days,0,Inactive,Active,Active,Active,Active,Active,Active,Active,Active,Inactive
CROATIA-5GB-30D,Croatia 5GB 30Days,0,Inactive,Active,Active,Active,Active,Active,Active,Active,Active,Inactive
CURACAO-20GB-30D,Curacao 20GB 30Days,0,Inactive,Active,Active,Active,Active,Active,Active,Active,Inactive,Active
CURACAO-3GB-15D,Curacao 3GB 15Days,0,Inactive,Active,Active,Active,Active,Active,Active,Active,Active,Inactive
CURACAO-5GB-30D,Curacao 5GB 30Days,0,Inactive,Active,Active,Active,Active,Active,Active,Active,Active,Inactive
CYPRUS-3GB-15D,Cyprus 3GB 15Days,0,Inactive,Active,Active,Active,Active,Active,Active,Active,Active,Inactive
CYPRUS-5GB-30D,Cyprus 5GB 30Days,0,Inactive,Active,Active,Active,Active,Active,Active,Active,Active,Active
CZECH-REPUBLIC-20GB-30D,Czech Republic 20GB 30Days,0,Inactive,Active,Active,Active,Active,Active,Active,Active,Active,Active
CZECH-REPUBLIC-3GB-15D,Czech Republic 3GB 15Days,0,Inactive,Active,Active,Active,Active,Active,Active,Active,Active,Inactive
CZECH-REPUBLIC-5GB-30D,Czech Republic 5GB 30Days,0,Inactive,Active,Active,Active,Active,Active,Active,Active,Active,Inactive
DEMOCRATIC-REPUBLIC-OF-THE-CONGO-3GB-15D,Democratic Republic of the Congo 3GB 15Days,0,Inactive,Active,Active,Active,Active,Active,Active,Active,Inactive,Inactive
DEMOCRATIC-REPUBLIC-OF-THE-CONGO-5GB-30D,Democratic Republic of the Congo 5GB 30Days,0,Inactive,Active,Active,Active,Active,Active,Active,Active,Inactive,Active
DENMARK-20GB-30D,Denmark 20GB 30Days,0,Inactive,Active,Active,Active,Active,Active,Active,Active,Inactive,Active
DENMARK-3GB-15D,Denmark 3GB 15Days,0,Inactive,Active,Active,Active,Active,Active,Active,Active,Active,Inactive
DENMARK-5GB-30D,Denmark 5GB 30Days,0,Inactive,Active,Active,Active,Active,Active,Active,Active,Active,Active
DOMINICA-20GB-30D,Dominica 20GB 30Days,0,Inactive,Active,Active,Active,Active,Active,Active,Active,Active,Active
DOMINICA-3GB-15D,Dominica 3GB 15Days,0,Inactive,Active,Active,Active,Active,Active,Active,Active,Active,Inactive
DOMINICA-5GB-30D,Dominica 5GB 30Days,0,Inactive,Active,Active,Active,Active,Active,Active,Active,Inactive,Active
DOMINICAN-REPUBLIC-20GB-30D,Dominican Republic 20GB 30Days,0,Inactive,Active,Active,Active,Active,Active,Active,Active,Inactive,Inactive
DOMINICAN-REPUBLIC-3GB-15D,Dominican Republic 3GB 15Days,0,Inactive,Active,Active,Active,Active,Active,Active,Active,Active,Inactive
DOMINICAN-REPUBLIC-5GB-30D,Dominican Republic 5GB 30Days,0,Inactive,Active,Active,Active,Active,Active,Active,Active,Active,Inactive
DRC-20GB-30D,Democratic Republic of the Congo 20GB 30Days,0,Inactive,Active,Active,Active,Active,Active,Active,Active,Inactive,Inactive
ECUADOR-3GB-15D,Ecuador 3GB 15Days,0,Inactive,Active,Active,Active,Active,Active,Active,Active,Active,Inactive
EGYPT-20GB-30D,Egypt 20GB 30Days,0,Active,Active,Active,Active,Active,Active,Active,Active,Inactive,Active
EGYPT-3GB-15D,Egypt 3GB 15Days,0,Active,Active,Active,Active,Active,Active,Active,Active,Active,Active
EGYPT-5GB-30D,Egypt 5GB 30Days,0,Inactive,Active,Active,Active,Active,Active,Active,Active,Inactive,Inactive
EL-SALVADOR-3GB-15D,El Salvador 3GB 15Days,0,Inactive,Active,Active,Active,Active,Active,Active,Active,Active,Inactive
ESTONIA-20GB-30D,Estonia 20GB 30Days,0,Inactive,Active,Active,Active,Active,Active,Active,Active,Active,Active
ESTONIA-3GB-15D,Estonia 3GB 15Days,0,Inactive,Active,Active,Active,Active,Active,Active,Active,Active,Inactive
ESTONIA-5GB-30D,Estonia 5GB 30Days,0,Inactive,Active,Active,Active,Active,Active,Active,Active,Active,Active
EUROPE-40-AREAS-20GB-30D,Europe(40+ areas) 20GB 30Days,0,Inactive,Inactive,Inactive,Inactive,Inactive,Inactive,Inactive,Inactive,Inactive,Inactive
EUROPE-40-AREAS-5GB-30D,Europe(40+ areas) 5GB 30Days,0,Inactive,Active,Active,Active,Active,Active,Active,Active,Inactive,Active
FAROE-ISLANDS-20GB-30D,Faroe Islands 20GB 30Days,0,Inactive,Active,Active,Active,Active,Active,Active,Active,Active,Active
FAROE-ISLANDS-3GB-15D,Faroe Islands 3GB 15Days,0,Inactive,Active,Active,Active,Active,Active,Active,Active,Active,Inactive
FAROE-ISLANDS-5GB-30D,Faroe Islands 5GB 30Days,0,Inactive,Active,Active,Active,Active,Active,Active,Active,Active,Inactive
FIJI-20GB-30D,Fiji 20GB 30Days,0,Inactive,Active,Active,Active,Active,Active,Active,Active,Inactive,Active
FIJI-3GB-15D,Fiji 3GB 15Days,0,Inactive,Active,Active,Active,Active,Active,Active,Active,Inactive,Inactive
FIJI-5GB-30D,Fiji 5GB 30Days,0,Inactive,Active,Active,Active,Active,Active,Active,Active,Active,Active
FINLAND-3GB-15D,Finland 3GB 15Days,0,Inactive,Active,Active,Active,Active,Active,Active,Active,Active,Inactive
FINLAND-5GB-30D,Finland 5GB 30Days,0,Inactive,Active,Active,Active,Active,Active,Active,Active,Active,Inactive
FRANCE-20GB-30D,France 20GB 30Days,0,Active,Active,Active,Active,Active,Active,Active,Active,Inactive,Active
FRANCE-3GB-15D,France 3GB 15Days,0,Active,Active,Active,Active,Active,Active,Active,Active,Active,Active
FRANCE-5GB-30D,France 5GB 30Days,0,Active,Active,Active,Active,Active,Active,Active,Active,Active,Active
FRENCH-GUIANA-20GB-30D,French Guiana 20GB 30Days,0,Inactive,Active,Active,Active,Active,Active,Active,Active,Inactive,Inactive
FRENCH-GUIANA-3GB-15D,French Guiana 3GB 15Days,0,Inactive,Active,Active,Active,Active,Active,Active,Active,Active,Inactive
FRENCH-GUIANA-5GB-30D,French Guiana 5GB 30Days,0,Inactive,Active,Active,Active,Active,Active,Active,Active,Active,Inactive
FRENCH-POLYNESIA-20GB-30D,French Polynesia 20GB 30Days,0,Inactive,Active,Active,Active,Active,Active,Active,Active,Inactive,Active
FRENCH-POLYNESIA-3GB-15D,French Polynesia 3GB 15Days,0,Inactive,Active,Active,Active,Active,Active,Active,Active,Active,Inactive
FRENCH-POLYNESIA-5GB-30D,French Polynesia 5GB 30Days,0,Inactive,Active,Active,Active,Active,Active,Active,Active,Active,Inactive
GABON-3GB-15D,Gabon 3GB 15Days,0,Inactive,Active,Active,Active,Active,Active,Active,Active,Active,Active
GAMBIA-3GB-15D,Gambia 3GB 15Days,0,Inactive,Active,Active,Active,Active,Active,Active,Active,Active,Inactive
GAMBIA-5GB-30D,Gambia 5GB 30Days,0,Inactive,Active,Active,Active,Active,Active,Active,Active,Inactive,Active
GEORGIA-20GB-30D,Georgia 20GB 30Days,0,Inactive,Active,Active,Active,Active,Active,Active,Active,Active,Inactive
GEORGIA-3GB-15D,Georgia 3GB 15Days,0,Inactive,Active,Active,Active,Active,Active,Active,Active,Active,Inactive
GERMANY-20GB-30D,Germany 20GB 30Days,0,Active,Active,Active,Active,Inactive,Inactive,Active,Active,Inactive,Inactive
GERMANY-3GB-15D,Germany 3GB 15Days,0,Active,Active,Active,Active,Inactive,Inactive,Active,Active,Inactive,Inactive
GERMANY-5GB-30D,Germany 5GB 30Days,0,Active,Active,Active,Active,Inactive,Inactive,Active,Active,Inactive,Inactive
GHANA-20GB-30D,Ghana 20GB 30Days,0,Inactive,Active,Active,Active,Active,Active,Active,Active,Inactive,Inactive
GHANA-3GB-15D,Ghana 3GB 15Days,0,Inactive,Active,Active,Active,Active,Active,Active,Active,Inactive,Inactive
GHANA-5GB-30D,Ghana 5GB 30Days,0,Inactive,Active,Active,Active,Active,Active,Active,Active,Inactive,Inactive
GIBRALTAR-3GB-15D,Gibraltar 3GB 15Days,0,Inactive,Active,Active,Active,Active,Active,Active,Active,Inactive,Active
GLOBAL139-5GB-30D,Global139 5GB 30Days,0,Inactive,Inactive,Inactive,Inactive,Inactive,Inactive,Inactive,Inactive,Inactive,Inactive
GREECE-20GB-30D,Greece 20GB 30Days,0,Active,Active,Active,Active,Active,Active,Active,Active,Active,Active
GREECE-3GB-15D,Greece 3GB 15Days,0,Active,Active,Active,Active,Active,Active,Active,Active,Active,Active
GREECE-5GB-30D,Greece 5GB 30Days,0,Active,Active,Active,Active,Active,Active,Active,Active,Active,Active
GREENLAND-20GB-30D,Greenland 20GB 30Days,0,Inactive,Active,Active,Active,Active,Active,Active,Active,Active,Inactive
GREENLAND-3GB-15D,Greenland 3GB 15Days,0,Inactive,Active,Active,Active,Active,Active,Active,Active,Inactive,Active
GREENLAND-5GB-30D,Greenland 5GB 30Days,0,Inactive,Active,Active,Active,Active,Active,Active,Active,Inactive,Inactive
GRENADA-20GB-30D,Grenada 20GB 30Days,0,Inactive,Active,Active,Active,Active,Active,Active,Active,Active,Active
GRENADA-3GB-15D,Grenada 3GB 15Days,0,Inactive,Active,Active,Active,Active,Active,Active,Active,Active,Active
GRENADA-5GB-30D,Grenada 5GB 30Days,0,Inactive,Active,Active,Active,Active,Active,Active,Active,Inactive,Active
GUADELOUPE-20GB-30D,Guadeloupe 20GB 30Days,0,Inactive,Active,Active,Active,Active,Active,Active,Active,Inactive,Active
GUADELOUPE-3GB-15D,Guadeloupe 3GB 15Days,0,Inactive,Active,Active,Active,Active,Active,Active,Active,Active,Inactive
GUAM-20GB-30D,Guam 20GB 30Days,0,Inactive,Active,Active,Active,Active,Active,Active,Active,Inactive,Active
GUAM-3GB-15D,Guam 3GB 15Days,0,Inactive,Active,Active,Active,Active,Active,Active,Active,Inactive,Active
GUAM-5GB-30D,Guam 5GB 30Days,0,Inactive,Active,Active,Active,Active,Active,Active,Active,Inactive,Active
GUATEMALA-3GB-15D,Guatemala 3GB 15Days,0,Inactive,Active,Active,Active,Active,Active,Active,Active,Active,Active
GUERNSEY-20GB-30D,Guernsey 20GB 30Days,0,Inactive,Active,Active,Active,Active,Active,Active,Active,Active,Active
GUERNSEY-3GB-15D,Guernsey 3GB 15Days,0,Inactive,Active,Active,Active,Active,Active,Active,Active,Active,Inactive
GUERNSEY-5GB-30D,Guernsey 5GB 30Days,0,Inactive,Active,Active,Active,Active,Active,Active,Active,Active,Inactive
GUINEA-20GB-30D,Guinea 20GB 30Days,0,Inactive,Active,Active,Active,Active,Active,Active,Active,Inactive,Active
GUINEA-3GB-15D,Guinea 3GB 15Days,0,Inactive,Active,Active,Active,Active,Active,Active,Active,Active,Active
GUINEA-5GB-30D,Guinea 5GB 30Days,0,Inactive,Active,Active,Active,Active,Active,Active,Active,Inactive,Active
GUINEA-BISSAU-20GB-30D,Guinea-Bissau 20GB 30Days,0,Inactive,Active,Active,Active,Active,Active,Active,Active,Active,Inactive
GUINEA-BISSAU-3GB-15D,Guinea-Bissau 3GB 15Days,0,Inactive,Active,Active,Active,Active,Active,Active,Active,Active,Active
GUINEA-BISSAU-5GB-30D,Guinea-Bissau 5GB 30Days,0,Inactive,Active,Active,Active,Active,Active,Active,Active,Active,Inactive
GUYANA-20GB-30D,Guyana 20GB 30Days,0,Inactive,Active,Active,Active,Active,Active,Active,Active,Active,Active
GUYANA-3GB-15D,Guyana 3GB 15Days,0,Inactive,Active,Active,Active,Active,Active,Active,Active,Active,Inactive
GUYANA-5GB-30D,Guyana 5GB 30Days,0,Inactive,Active,Active,Active,Active,Active,Active,Active,Active,Active
HAITI-20GB-30D,Haiti 20GB 30Days,0,Inactive,Active,Active,Active,Active,Active,Active,Active,Active,Active
HAITI-3GB-15D,Haiti 3GB 15Days,0,Inactive,Active,Active,Active,Active,Active,Active,Active,Inactive,Inactive
HAITI-5GB-30D,Haiti 5GB 30Days,0,Inactive,Active,Active,Active,Active,Active,Active,Active,Active,Active
HONDURAS-3GB-15D,Honduras 3GB 15Days,0,Inactive,Active,Active,Active,Active,Active,Active,Active,Inactive,Inactive
HONG-KONG-20GB-30D,Hong Kong 20GB 30Days,1,Active,Active,Active,Active,Active,Active,MISSING,Active,Inactive,Active
HONG-KONG-3GB-15D,Hong Kong 3GB 15Days,0,Active,Active,Active,Active,Active,Active,Active,Active,Active,Active
HONG-KONG-5GB-30D,Hong Kong 5GB 30Days,0,Inactive,Active,Active,Active,Active,Active,Active,Active,Active,Active
HUNGARY-20GB-30D,Hungary 20GB 30Days,0,Inactive,Active,Active,Active,Active,Active,Active,Active,Inactive,Inactive
HUNGARY-3GB-15D,Hungary 3GB 15Days,0,Inactive,Active,Active,Active,Active,Active,Active,Active,Active,Inactive
HUNGARY-5GB-30D,Hungary 5GB 30Days,0,Inactive,Active,Active,Active,Active,Active,Active,Active,Active,Inactive
ICELAND-20GB-30D,Iceland 20GB 30Days,0,Inactive,Active,Active,Active,Active,Active,Active,Active,Inactive,Inactive
ICELAND-3GB-15D,Iceland 3GB 15Days,0,Inactive,Active,Active,Active,Active,Active,Active,Active,Active,Inactive
ICELAND-5GB-30D,Iceland 5GB 30Days,0,Inactive,Active,Active,Active,Active,Active,Active,Active,Active,Inactive
INDIA-20GB-30D,India 20GB 30Days,0,Active,Active,Active,Active,Active,Active,Active,Active,Inactive,Active
INDIA-3GB-15D,India 3GB 15Days,0,Active,Active,Active,Active,Active,Active,Active,Active,Inactive,Active
INDIA-5GB-30D,India 5GB 30Days,0,Active,Active,Active,Active,Active,Active,Active,Active,Inactive,Active
INDONESIA-20GB-30D,Indonesia 20GB 30Days,0,Active,Active,Active,Active,Active,Active,Active,Active,Inactive,Active
INDONESIA-3GB-15D,Indonesia 3GB 15Days,0,Active,Active,Active,Active,Active,Active,Active,Active,Active,Active
INDONESIA-5GB-30D,Indonesia 5GB 30Days,0,Active,Active,Active,Active,Active,Active,Active,Active,Active,Active
IRAQ-20GB-30D,Iraq 20GB 30Days,0,Inactive,Inactive,Inactive,Inactive,Inactive,Inactive,Inactive,Inactive,Inactive,Inactive
IRAQ-3GB-15D,Iraq 3GB 15Days,0,Inactive,Active,Active,Active,Active,Active,Active,Active,Inactive,Active
IRAQ-5GB-30D,Iraq 5GB 30Days,0,Inactive,Inactive,Inactive,Inactive,Inactive,Inactive,Inactive,Inactive,Inactive,Inactive
IRELAND-20GB-30D,Ireland 20GB 30Days,0,Active,Active,Active,Active,Active,Active,Active,Active,Inactive,Active
IRELAND-3GB-15D,Ireland 3GB 15Days,0,Active,Active,Active,Active,Active,Active,Active,Active,Active,Active
IRELAND-5GB-30D,Ireland 5GB 30Days,0,Active,Active,Active,Active,Active,Active,Active,Active,Active,Active
ISLE-OF-MAN-20GB-30D,Isle of Man 20GB 30Days,0,Inactive,Active,Active,Active,Active,Active,Active,Active,Inactive,Inactive
ISLE-OF-MAN-3GB-15D,Isle of Man 3GB 15Days,0,Inactive,Active,Active,Active,Active,Active,Active,Active,Active,Inactive
ISLE-OF-MAN-5GB-30D,Isle of Man 5GB 30Days,0,Inactive,Active,Active,Active,Active,Active,Active,Active,Active,Active
ISRAEL-20GB-30D,Israel 20GB 30Days,0,Inactive,Active,Active,Active,Active,Active,Active,Active,Active,Inactive
ISRAEL-3GB-15D,Israel 3GB 15Days,0,Inactive,Active,Active,Active,Active,Active,Active,Active,Active,Inactive
ISRAEL-5GB-30D,Israel 5GB 30Days,0,Inactive,Active,Active,Active,Active,Active,Active,Active,Active,Active
ITALY-20GB-30D,Italy 20GB 30Days,0,Active,Active,Active,Active,Active,Active,Active,Active,Active,Active
ITALY-3GB-15D,Italy 3GB 15Days,0,Active,Active,Active,Active,Active,Active,Active,Active,Active,Active
ITALY-5GB-30D,Italy 5GB 30Days,0,Active,Active,Active,Active,Active,Active,Active,Active,Active,Active
JAMAICA-20GB-30D,Jamaica 20GB 30Days,0,Inactive,Active,Active,Active,Active,Active,Active,Active,Active,Inactive
JAMAICA-3GB-15D,Jamaica 3GB 15Days,0,Inactive,Active,Active,Active,Active,Active,Active,Active,Inactive,Active
JAMAICA-5GB-30D,Jamaica 5GB 30Days,0,Inactive,Active,Active,Active,Active,Active,Active,Active,Inactive,Inactive
JAPAN-20GB-30D,Japan 20GB 30Days,0,Inactive,Active,Active,Active,Active,Active,Active,Active,Inactive,Active
JAPAN-3GB-15D,Japan 3GB 15Days,0,Active,Active,Active,Active,Active,Active,Active,Active,Active,Active
JAPAN-5GB-30D,Japan 5GB 30Days,0,Inactive,Active,Active,Active,Active,Active,Active,Active,Active,Active
JERSEY-20GB-30D,Jersey 20GB 30Days,0,Inactive,Active,Active,Active,Active,Active,Active,Active,Active,Active
JERSEY-3GB-15D,Jersey 3GB 15Days,0,Inactive,Active,Active,Active,Active,Active,Active,Active,Active,Inactive
JERSEY-5GB-30D,Jersey 5GB 30Days,0,Inactive,Active,Active,Active,Active,Active,Active,Active,Active,Inactive
JORDAN-20GB-30D,Jordan 20GB 30Days,0,Inactive,Active,Active,Active,Active,Active,Active,Active,Inactive,Active
JORDAN-3GB-15D,Jordan 3GB 15Days,0,Inactive,Active,Active,Active,Active,Active,Active,Active,Inactive,Active
JORDAN-5GB-30D,Jordan 5GB 30Days,0,Inactive,Active,Active,Active,Active,Active,Active,Active,Inactive,Inactive
KAZAKHSTAN-20GB-30D,Kazakhstan 20GB 30Days,0,Inactive,Active,Active,Active,Active,Active,Active,Active,Active,Inactive
KAZAKHSTAN-3GB-15D,Kazakhstan 3GB 15Days,0,Inactive,Active,Active,Active,Active,Active,Active,Active,Active,Inactive
KAZAKHSTAN-5GB-30D,Kazakhstan 5GB 30Days,0,Inactive,Active,Active,Active,Active,Active,Active,Active,Active,Inactive
KENYA-3GB-15D,Kenya 3GB 15Days,0,Active,Active,Active,Active,Active,Active,Active,Active,Active,Active
KENYA-5GB-30D,Kenya 5GB 30Days,0,Active,Active,Active,Active,Active,Active,Active,Active,Active,Active
KUWAIT-20GB-30D,Kuwait 20GB 30Days,0,Inactive,Active,Active,Active,Active,Active,Active,Inactive,Inactive,Active
KUWAIT-3GB-15D,Kuwait 3GB 15Days,0,Inactive,Active,Active,Active,Active,Active,Active,Active,Active,Inactive
KUWAIT-5GB-30D,Kuwait 5GB 30Days,0,Inactive,Active,Active,Active,Active,Active,Active,Active,Inactive,Active
KYRGYZSTAN-20GB-30D,Kyrgyzstan 20GB 30Days,0,Inactive,Active,Active,Active,Active,Active,Active,Active,Active,Inactive
KYRGYZSTAN-3GB-15D,Kyrgyzstan 3GB 15Days,0,Inactive,Active,Active,Active,Active,Active,Active,Active,Active,Inactive
LAOS-20GB-30D,Laos 20GB 30Days,0,Inactive,Active,Active,Active,Active,Active,Active,Active,Active,Active
LAOS-3GB-15D,Laos 3GB 15Days,0,Inactive,Active,Active,Active,Active,Active,Active,Active,Active,Inactive
LAOS-5GB-30D,Laos 5GB 30Days,0,Inactive,Active,Active,Active,Active,Active,Active,Active,Active,Active
LATVIA-20GB-30D,Latvia 20GB 30Days,0,Inactive,Active,Active,Active,Active,Active,Active,Active,Active,Active
LATVIA-3GB-15D,Latvia 3GB 15Days,0,Inactive,Active,Active,Active,Active,Active,Active,Active,Active,Inactive
LATVIA-5GB-30D,Latvia 5GB 30Days,0,Inactive,Active,Active,Active,Active,Active,Active,Active,Active,Inactive
LIBERIA-3GB-15D,Liberia 3GB 15Days,0,Inactive,Active,Active,Active,Active,Active,Active,Active,Active,Active
LIBERIA-5GB-30D,Liberia 5GB 30Days,0,Inactive,Active,Active,Active,Active,Active,Active,Active,Active,Active
LIBYA-20GB-30D,Libya 20GB 30Days,0,Inactive,Active,Active,Active,Active,Active,Active,Active,Active,Active
LIBYA-3GB-15D,Libya 3GB 15Days,0,Inactive,Active,Active,Active,Active,Active,Active,Active,Inactive,Inactive
LIBYA-5GB-30D,Libya 5GB 30Days,0,Inactive,Active,Active,Active,Active,Active,Active,Active,Active,Active
LIECHTENSTEIN-3GB-15D,Liechtenstein 3GB 15Days,0,Inactive,Active,Active,Active,Active,Active,Active,Active,Active,Active
LITHUANIA-20GB-30D,Lithuania 20GB 30Days,0,Inactive,Active,Active,Active,Active,Active,Active,Active,Inactive,Inactive
LITHUANIA-3GB-15D,Lithuania 3GB 15Days,0,Inactive,Active,Active,Active,Active,Active,Active,Active,Active,Inactive
LITHUANIA-5GB-30D,Lithuania 5GB 30Days,0,Inactive,Active,Active,Active,Active,Active,Active,Active,Active,Inactive
LUXEMBOURG-20GB-30D,Luxembourg 20GB 30Days,0,Inactive,Active,Active,Active,Active,Active,Active,Active,Active,Active
LUXEMBOURG-3GB-15D,Luxembourg 3GB 15Days,0,Inactive,Active,Active,Active,Active,Active,Active,Active,Active,Inactive
LUXEMBOURG-5GB-30D,Luxembourg 5GB 30Days,0,Inactive,Active,Active,Active,Active,Active,Active,Active,Active,Active
MACAO-20GB-30D,Macao 20GB 30Days,0,Inactive,Active,Active,Active,Active,Active,Active,Active,Inactive,Active
MACAO-3GB-15D,Macao 3GB 15Days,0,Inactive,Active,Active,Active,Active,Active,Active,Active,Active,Active
MACAO-5GB-30D,Macao 5GB 30Days,0,Inactive,Active,Active,Active,Active,Active,Active,Active,Active,Active
MADAGASCAR-3GB-15D,Madagascar 3GB 15Days,0,Inactive,Active,Active,Active,Active,Active,Active,Active,Active,Inactive
MALAWI-3GB-15D,Malawi 3GB 15Days,0,Inactive,Active,Active,Active,Active,Active,Active,Active,Active,Active
MALAWI-5GB-30D,Malawi 5GB 30Days,0,Inactive,Active,Active,Active,Active,Active,Active,Active,Inactive,Active
MALAYSIA-20GB-30D,Malaysia 20GB 30Days,0,Active,Active,Active,Active,Active,Active,Active,Active,Inactive,Active
MALAYSIA-3GB-15D,Malaysia 3GB 15Days,0,Active,Inactive,Active,Active,Active,Active,Active,Active,Active,Active
MALAYSIA-5GB-30D,Malaysia 5GB 30Days,0,Active,Active,Active,Active,Active,Active,Active,Active,Active,Active
MALDIVES-20GB-30D,Maldives 20GB 30Days,0,Inactive,Active,Active,Active,Active,Active,Active,Active,Inactive,Inactive
MALDIVES-3GB-15D,Maldives 3GB 15Days,0,Inactive,Active,Active,Active,Active,Active,Active,Active,Inactive,Inactive
MALDIVES-5GB-30D,Maldives 5GB 30Days,0,Inactive,Active,Active,Active,Active,Active,Active,Active,Active,Inactive
MALI-3GB-15D,Mali 3GB 15Days,0,Inactive,Active,Active,Active,Active,Active,Active,Active,Active,Inactive
MALTA-20GB-30D,Malta 20GB 30Days,0,Inactive,Active,Active,Active,Active,Active,Active,Active,Inactive,Inactive
MALTA-3GB-15D,Malta 3GB 15Days,0,Inactive,Active,Active,Active,Active,Active,Active,Active,Active,Inactive
MALTA-5GB-30D,Malta 5GB 30Days,0,Inactive,Active,Active,Active,Active,Active,Active,Active,Active,Inactive
MARTINIQUE-20GB-30D,Martinique 20GB 30Days,0,Inactive,Active,Active,Active,Active,Active,Active,Active,Active,Inactive
MARTINIQUE-3GB-15D,Martinique 3GB 15Days,0,Inactive,Active,Active,Active,Active,Active,Active,Active,Active,Inactive
MARTINIQUE-5GB-30D,Martinique 5GB 30Days,0,Inactive,Active,Active,Active,Active,Active,Active,Active,Active,Active
MAURITIUS-3GB-15D,Mauritius 3GB 15Days,0,Inactive,Active,Active,Active,Active,Active,Active,Active,Active,Inactive
MAURITIUS-5GB-30D,Mauritius 5GB 30Days,0,Inactive,Active,Active,Active,Active,Active,Active,Active,Inactive,Active
MAYOTTE-20GB-30D,Mayotte 20GB 30Days,0,Inactive,Active,Active,Active,Active,Active,Active,Active,Inactive,Active
MAYOTTE-3GB-15D,Mayotte 3GB 15Days,0,Inactive,Active,Active,Active,Active,Active,Active,Active,Active,Inactive
MAYOTTE-5GB-30D,Mayotte 5GB 30Days,0,Inactive,Active,Active,Active,Active,Active,Active,Active,Active,Active
MEXICO-20GB-30D,Mexico 20GB 30Days,0,Inactive,Active,Active,Active,Active,Active,Active,Active,Inactive,Inactive
MEXICO-3GB-15D,Mexico 3GB 15Days,0,Inactive,Active,Active,Active,Active,Active,Active,Active,Inactive,Inactive
MEXICO-5GB-30D,Mexico 5GB 30Days,0,Inactive,Active,Active,Active,Active,Active,Active,Active,Active,Inactive
MIDDLE-EAST-5GB-30D,Middle East 5GB 30Days,0,Inactive,Active,Active,Active,Active,Active,Active,Active,Inactive,Inactive
MOLDOVA-3GB-15D,Moldova 3GB 15Days,0,Inactive,Active,Active,Active,Active,Active,Active,Active,Active,Inactive
MONACO-3GB-15D,Monaco 3GB 15Days,0,Inactive,Active,Active,Active,Active,Active,Active,Active,Active,Inactive
MONACO-5GB-30D,Monaco 5GB 30Days,0,Inactive,Active,Active,Active,Active,Active,Active,Active,Active,Active
MONGOLIA-3GB-15D,Mongolia 3GB 15Days,0,Inactive,Active,Active,Active,Active,Active,Active,Active,Active,Inactive
MONTENEGRO-3GB-15D,Montenegro 3GB 15Days,0,Inactive,Active,Active,Active,Active,Active,Active,Active,Active,Inactive
MONTSERRAT-20GB-30D,Montserrat 20GB 30Days,0,Inactive,Active,Active,Active,Active,Active,Active,Active,Inactive,Active
MONTSERRAT-3GB-15D,Montserrat 3GB 15Days,0,Inactive,Active,Active,Active,Active,Active,Active,Active,Inactive,Inactive
MONTSERRAT-5GB-30D,Montserrat 5GB 30Days,0,Inactive,Active,Active,Active,Active,Active,Active,Active,Inactive,Inactive
MOROCCO-20GB-30D,Morocco 20GB 30Days,0,Active,Active,Active,Active,Active,Active,Active,Active,Inactive,Active
MOROCCO-3GB-15D,Morocco 3GB 15Days,0,Active,Active,Active,Active,Active,Active,Active,Active,Active,Active
MOROCCO-5GB-30D,Morocco 5GB 30Days,0,Inactive,Active,Active,Active,Active,Active,Active,Active,Inactive,Inactive
MOZAMBIQUE-20GB-30D,Mozambique 20GB 30Days,0,Inactive,Active,Active,Active,Active,Active,Active,Active,Active,Active
MOZAMBIQUE-3GB-15D,Mozambique 3GB 15Days,0,Inactive,Active,Active,Active,Active,Active,Active,Active,Inactive,Inactive
NEPAL-3GB-15D,Nepal 3GB 15Days,0,Inactive,Active,Active,Active,Active,Active,Active,Active,Inactive,Inactive
NETHERLANDS-20GB-30D,Netherlands 20GB 30Days,0,Active,Active,Active,Active,Active,Active,Active,Active,Active,Active
NETHERLANDS-3GB-15D,Netherlands 3GB 15Days,0,Active,Active,Active,Active,Active,Active,Active,Active,Active,Active
NETHERLANDS-5GB-30D,Netherlands 5GB 30Days,0,Active,Active,Active,Active,Active,Active,Active,Active,Active,Active
NEW-ZEALAND-20GB-30D,New Zealand 20GB 30Days,0,Inactive,Active,Active,Active,Active,Active,Active,Active,Active,Inactive
NEW-ZEALAND-3GB-15D,New Zealand 3GB 15Days,0,Inactive,Active,Active,Active,Active,Active,Active,Active,Active,Inactive
NEW-ZEALAND-5GB-30D,New Zealand 5GB 30Days,0,Inactive,Active,Active,Active,Active,Active,Active,Active,Active,Active
NICARAGUA-3GB-15D,Nicaragua 3GB 15Days,0,Inactive,Active,Active,Active,Active,Active,Active,Active,Inactive,Inactive
NIGER-3GB-15D,Niger 3GB 15Days,0,Inactive,Active,Active,Active,Active,Active,Active,Active,Active,Inactive
NIGERIA-3GB-15D,Nigeria 3GB 15Days,0,Inactive,Active,Active,Active,Active,Active,Active,Active,Active,Active
NORTH-AMERICA-5GB-30D,North America 5GB 30Days,0,Inactive,Active,Active,Active,Active,Active,Active,Active,Inactive,Inactive
NORTH-MACEDONIA-3GB-15D,North Macedonia 3GB 15Days,0,Inactive,Active,Active,Active,Active,Active,Active,Active,Active,Inactive
NORTH-MACEDONIA-5GB-30D,North Macedonia 5GB 30Days,0,Inactive,Active,Active,Active,Active,Active,Active,Active,Inactive,Inactive
NORWAY-20GB-30D,Norway 20GB 30Days,0,Inactive,Inactive,Inactive,Inactive,Inactive,Inactive,Inactive,Inactive,Inactive,Inactive
NORWAY-3GB-15D,Norway 3GB 15Days,0,Inactive,Active,Active,Active,Active,Active,Active,Active,Active,Inactive
NORWAY-5GB-30D,Norway 5GB 30Days,0,Inactive,Active,Active,Active,Active,Active,Active,Active,Active,Inactive
OMAN-20GB-30D,Oman 20GB 30Days,0,Inactive,Active,Active,Active,Active,Active,Active,Active,Inactive,Active
OMAN-3GB-15D,Oman 3GB 15Days,0,Inactive,Active,Active,Active,Active,Active,Active,Active,Active,Inactive
PAKISTAN-20GB-30D,Pakistan 20GB 30Days,0,Inactive,Active,Active,Active,Active,Active,Active,Active,Inactive,Active
PAKISTAN-3GB-15D,Pakistan 3GB 15Days,0,Inactive,Active,Active,Active,Active,Active,Active,Active,Active,Inactive
PAKISTAN-5GB-30D,Pakistan 5GB 30Days,0,Inactive,Active,Active,Active,Active,Active,Active,Active,Active,Active
PANAMA-3GB-15D,Panama 3GB 15Days,0,Inactive,Active,Active,Active,Inactive,Inactive,Active,Active,Inactive,Inactive
PARAGUAY-3GB-15D,Paraguay 3GB 15Days,0,Inactive,Active,Active,Active,Active,Active,Active,Active,Active,Active
PERU-20GB-30D,Peru 20GB 30Days,0,Inactive,Active,Active,Active,Active,Active,Active,Active,Inactive,Inactive
PERU-3GB-15D,Peru 3GB 15Days,0,Inactive,Active,Active,Active,Active,Active,Active,Active,Inactive,Inactive
PHILIPPINES-20GB-30D,Philippines 20GB 30Days,0,Active,Active,Active,Active,Active,Active,Active,Active,Inactive,Active
PHILIPPINES-3GB-15D,Philippines 3GB 15Days,0,Active,Active,Active,Active,Active,Active,Active,Active,Active,Active
PHILIPPINES-5GB-30D,Philippines 5GB 30Days,0,Active,Active,Active,Active,Active,Active,Active,Active,Inactive,Active
POLAND-20GB-30D,Poland 20GB 30Days,0,Active,Active,Active,Active,Active,Active,Active,Active,Inactive,Active
POLAND-3GB-15D,Poland 3GB 15Days,0,Active,Active,Active,Active,Active,Active,Active,Active,Active,Active
POLAND-5GB-30D,Poland 5GB 30Days,0,Active,Active,Active,Active,Active,Active,Active,Active,Active,Active
PORTUGAL-20GB-30D,Portugal 20GB 30Days,0,Active,Active,Active,Active,Active,Active,Active,Active,Inactive,Active
PORTUGAL-3GB-15D,Portugal 3GB 15Days,0,Active,Active,Active,Active,Active,Active,Active,Active,Active,Active
PORTUGAL-5GB-30D,Portugal 5GB 30Days,0,Active,Active,Active,Active,Active,Active,Active,Active,Active,Active
PUERTO-RICO-3GB-15D,Puerto Rico 3GB 15Days,0,Inactive,Active,Active,Active,Active,Active,Active,Active,Inactive,Active
PUERTO-RICO-5GB-30D,Puerto Rico 5GB 30Days,0,Inactive,Active,Active,Active,Active,Active,Active,Active,Inactive,Active
QATAR-20GB-30D,Qatar 20GB 30Days,0,Inactive,Active,Active,Active,Active,Active,Active,Active,Inactive,Active
QATAR-3GB-15D,Qatar 3GB 15Days,0,Inactive,Active,Active,Active,Active,Active,Active,Active,Active,Inactive
QATAR-5GB-30D,Qatar 5GB 30Days,0,Inactive,Active,Active,Active,Active,Active,Active,Active,Inactive,Active
REPUBLIC-OF-THE-CONGO-20GB-30D,Republic of the Congo 20GB 30Days,0,Inactive,Active,Active,Active,Active,Active,Active,Active,Active,Active
REPUBLIC-OF-THE-CONGO-3GB-15D,Republic of the Congo 3GB 15Days,0,Inactive,Active,Active,Active,Active,Active,Active,Active,Inactive,Active
REPUBLIC-OF-THE-CONGO-5GB-30D,Republic of the Congo 5GB 30Days,0,Inactive,Active,Active,Active,Active,Active,Active,Active,Active,Active
REUNION-3GB-15D,Reunion 3GB 15Days,0,Inactive,Inactive,Inactive,Inactive,Inactive,Inactive,Inactive,Inactive,Inactive,Inactive
REUNION-5GB-30D,Reunion 5GB 30Days,0,Inactive,Inactive,Inactive,Inactive,Inactive,Inactive,Inactive,Inactive,Inactive,Inactive
ROMANIA-20GB-30D,Romania 20GB 30Days,0,Inactive,Active,Active,Active,Active,Active,Active,Active,Inactive,Inactive
ROMANIA-3GB-15D,Romania 3GB 15Days,0,Inactive,Active,Active,Active,Active,Active,Active,Active,Active,Active
ROMANIA-5GB-30D,Romania 5GB 30Days,0,Inactive,Active,Active,Active,Active,Active,Active,Active,Active,Inactive
RUSSIA-20GB-30D,Russia 20GB 30Days,0,Inactive,Active,Active,Active,Active,Active,Active,Active,Inactive,Inactive
RUSSIA-3GB-15D,Russia 3GB 15Days,0,Inactive,Active,Active,Active,Active,Active,Active,Active,Active,Inactive
RUSSIA-5GB-30D,Russia 5GB 30Days,0,Inactive,Active,Active,Active,Active,Active,Active,Active,Inactive,Inactive
RWANDA-20GB-30D,Rwanda 20GB 30Days,0,Inactive,Active,Active,Active,Active,Active,Active,Active,Inactive,Active
RWANDA-3GB-15D,Rwanda 3GB 15Days,0,Inactive,Active,Active,Active,Active,Active,Active,Active,Active,Active
RWANDA-5GB-30D,Rwanda 5GB 30Days,0,Inactive,Active,Active,Active,Active,Active,Active,Active,Active,Active
SAINT-BARTHELEMY-20GB-30D,Saint Barthelemy 20GB 30Days,0,Inactive,Active,Active,Active,Active,Active,Active,Active,Active,Active
SAINT-BARTHELEMY-3GB-15D,Saint Barthelemy 3GB 15Days,0,Inactive,Active,Active,Active,Active,Active,Active,Active,Active,Active
SAINT-BARTHELEMY-5GB-30D,Saint Barthelemy 5GB 30Days,0,Inactive,Active,Active,Active,Active,Active,Active,Active,Active,Active
SAINT-KITTS-AND-NEVIS-20GB-30D,Saint Kitts and Nevis 20GB 30Days,0,Inactive,Active,Active,Active,Active,Active,Active,Active,Inactive,Inactive
SAINT-KITTS-AND-NEVIS-3GB-15D,Saint Kitts and Nevis 3GB 15Days,0,Inactive,Active,Active,Active,Active,Active,Active,Active,Inactive,Inactive
SAINT-KITTS-AND-NEVIS-5GB-30D,Saint Kitts and Nevis 5GB 30Days,0,Inactive,Active,Active,Active,Active,Active,Active,Active,Active,Inactive
SAINT-LUCIA-20GB-30D,Saint Lucia 20GB 30Days,0,Inactive,Active,Active,Active,Active,Active,Active,Active,Inactive,Active
SAINT-LUCIA-3GB-15D,Saint Lucia 3GB 15Days,0,Inactive,Active,Active,Active,Active,Active,Active,Active,Active,Active
SAINT-LUCIA-5GB-30D,Saint Lucia 5GB 30Days,0,Inactive,Active,Active,Active,Active,Active,Active,Active,Inactive,Inactive
SAINT-MARTIN-20GB-30D,Saint Martin 20GB 30Days,0,Inactive,Active,Active,Active,Active,Active,Active,Active,Active,Inactive
SAINT-MARTIN-3GB-15D,Saint Martin 3GB 15Days,0,Inactive,Active,Active,Active,Active,Active,Active,Active,Active,Inactive
SAINT-MARTIN-5GB-30D,Saint Martin 5GB 30Days,0,Inactive,Active,Active,Active,Active,Active,Active,Active,Active,Inactive
SAINT-VINCENT-AND-THE-GRENADINES-3GB-15D,Saint Vincent and the Grenadines 3GB 15Days,0,Inactive,Active,Active,Active,Active,Active,Active,Active,Active,Active
SAINT-VINCENT-AND-THE-GRENADINES-5GB-30D,Saint Vincent and the Grenadines 5GB 30Days,0,Inactive,Active,Active,Active,Active,Active,Active,Active,Active,Inactive
SAMOA-20GB-30D,Samoa 20GB 30Days,0,Inactive,Active,Active,Active,Active,Active,Active,Active,Active,Active
SAMOA-3GB-15D,Samoa 3GB 15Days,0,Inactive,Active,Active,Active,Active,Active,Active,Active,Active,Inactive
SAMOA-5GB-30D,Samoa 5GB 30Days,0,Inactive,Active,Active,Active,Active,Active,Active,Active,Active,Active
SAN-MARINO-20GB-30D,San Marino 20GB 30Days,0,Inactive,Active,Active,Active,Active,Active,Active,Active,Inactive,Inactive
SAN-MARINO-3GB-15D,San Marino 3GB 15Days,0,Inactive,Active,Active,Active,Active,Active,Active,Active,Active,Inactive
SAN-MARINO-5GB-30D,San Marino 5GB 30Days,0,Inactive,Active,Active,Active,Active,Active,Active,Active,Active,Inactive
SAUDI-ARABIA-20GB-30D,Saudi Arabia 20GB 30Days,0,Inactive,Active,Active,Active,Active,Active,Active,Active,Inactive,Inactive
SAUDI-ARABIA-3GB-15D,Saudi Arabia 3GB 15Days,0,Inactive,Active,Active,Active,Active,Active,Active,Active,Active,Inactive
SAUDI-ARABIA-5GB-30D,Saudi Arabia 5GB 30Days,0,Inactive,Active,Active,Active,Active,Active,Active,Active,Inactive,Inactive
SENEGAL-3GB-15D,Senegal 3GB 15Days,0,Active,Active,Active,Active,Active,Active,Active,Active,Inactive,Active
SENEGAL-5GB-30D,Senegal 5GB 30Days,0,Active,Active,Active,Active,Active,Active,Active,Active,Active,Active
SERBIA-20GB-30D,Serbia 20GB 30Days,0,Inactive,Inactive,Inactive,Inactive,Inactive,Inactive,Inactive,Inactive,Inactive,Inactive
SERBIA-3GB-15D,Serbia 3GB 15Days,0,Inactive,Active,Active,Active,Active,Active,Active,Active,Active,Inactive
SEYCHELLES-3GB-15D,Seychelles 3GB 15Days,0,Inactive,Active,Active,Active,Active,Active,Active,Active,Inactive,Inactive
SEYCHELLES-5GB-30D,Seychelles 5GB 30Days,0,Inactive,Active,Active,Active,Active,Active,Active,Active,Inactive,Inactive
SIERRA-LEONE-20GB-30D,Sierra Leone 20GB 30Days,0,Inactive,Active,Active,Active,Active,Active,Active,Active,Active,Active
SIERRA-LEONE-3GB-15D,Sierra Leone 3GB 15Days,0,Inactive,Active,Active,Active,Active,Active,Active,Active,Inactive,Inactive
SIERRA-LEONE-5GB-30D,Sierra Leone 5GB 30Days,0,Inactive,Active,Active,Active,Active,Active,Active,Active,Active,Inactive
SINGAPORE-20GB-30D,Singapore 20GB 30Days,0,Active,Active,Active,Active,Active,Active,Active,Active,Inactive,Active
SINGAPORE-5GB-30D,Singapore 5GB 30Days,0,Active,Active,Active,Active,Active,Active,Active,Active,Active,Active
SLOVAKIA-20GB-30D,Slovakia 20GB 30Days,0,Inactive,Active,Active,Active,Active,Active,Active,Active,Inactive,Active
SLOVAKIA-3GB-15D,Slovakia 3GB 15Days,0,Inactive,Active,Active,Active,Active,Active,Active,Active,Active,Active
SLOVAKIA-5GB-30D,Slovakia 5GB 30Days,0,Inactive,Active,Active,Active,Active,Active,Active,Active,Active,Inactive
SLOVENIA-20GB-30D,Slovenia 20GB 30Days,0,Inactive,Active,Active,Active,Active,Active,Active,Active,Active,Active
SLOVENIA-3GB-15D,Slovenia 3GB 15Days,0,Inactive,Active,Active,Active,Active,Active,Active,Active,Active,Inactive
SLOVENIA-5GB-30D,Slovenia 5GB 30Days,0,Inactive,Active,Active,Active,Active,Active,Active,Active,Active,Inactive
SOUTH-AFRICA-5GB-30D,South Africa 5GB 30Days,3,Active,Active,Active,Active,Active,Active,Active,MISSING,MISSING,MISSING
SOUTH-AMERICA-5GB-30D,South America 5GB 30Days,0,Inactive,Active,Active,Active,Active,Active,Active,Active,Inactive,Inactive
SOUTH-KOREA-20GB-30D,South Korea 20GB 30Days,0,Inactive,Inactive,Inactive,Inactive,Inactive,Inactive,Inactive,Inactive,Inactive,Inactive
SOUTH-KOREA-3GB-15D,South Korea 3GB 15Days,0,Inactive,Active,Active,Active,Active,Active,Active,Active,Active,Active
SOUTH-KOREA-5GB-30D,South Korea 5GB 30Days,0,Inactive,Inactive,Inactive,Inactive,Inactive,Inactive,Inactive,Inactive,Inactive,Inactive
SPAIN-20GB-30D,Spain 20GB 30Days,0,Active,Inactive,Inactive,Inactive,Inactive,Inactive,Inactive,Inactive,Inactive,Inactive
SPAIN-3GB-15D,Spain 3GB 15Days,0,Active,Active,Active,Active,Active,Active,Active,Active,Active,Active
SPAIN-5GB-30D,Spain 5GB 30Days,0,Active,Active,Active,Active,Active,Active,Active,Active,Active,Active
SRI-LANKA-20GB-30D,Sri Lanka 20GB 30Days,0,Inactive,Active,Active,Active,Active,Active,Active,Active,Inactive,Inactive
SRI-LANKA-3GB-15D,Sri Lanka 3GB 15Days,0,Inactive,Active,Active,Active,Active,Active,Active,Active,Active,Inactive
SRI-LANKA-5GB-30D,Sri Lanka 5GB 30Days,0,Inactive,Active,Active,Active,Active,Active,Active,Active,Active,Inactive
SUDAN-3GB-15D,Sudan 3GB 15Days,0,Inactive,Active,Active,Active,Active,Active,Active,Active,Active,Active
SUDAN-5GB-30D,Sudan 5GB 30Days,0,Inactive,Active,Active,Active,Active,Active,Active,Active,Active,Active
SURINAME-20GB-30D,Suriname 20GB 30Days,0,Inactive,Active,Active,Active,Active,Active,Active,Active,Inactive,Active
SURINAME-3GB-15D,Suriname 3GB 15Days,0,Inactive,Active,Active,Active,Active,Active,Active,Active,Active,Active
SURINAME-5GB-30D,Suriname 5GB 30Days,0,Inactive,Active,Active,Active,Active,Active,Active,Active,Inactive,Inactive
SVG-20GB-30D,Saint Vincent and the Grenadines 20GB 30Days,0,Inactive,Active,Active,Active,Active,Active,Active,Active,Inactive,Inactive
SWEDEN-20GB-30D,Sweden 20GB 30Days,0,Inactive,Inactive,Inactive,Inactive,Inactive,Inactive,Inactive,Inactive,Inactive,Inactive
SWEDEN-3GB-15D,Sweden 3GB 15Days,0,Inactive,Active,Active,Active,Active,Active,Active,Active,Active,Inactive
SWEDEN-5GB-30D,Sweden 5GB 30Days,0,Inactive,Inactive,Inactive,Inactive,Inactive,Inactive,Inactive,Inactive,Inactive,Inactive
SWITZERLAND-20GB-30D,Switzerland 20GB 30Days,0,Inactive,Inactive,Inactive,Inactive,Inactive,Inactive,Inactive,Inactive,Inactive,Inactive
SWITZERLAND-3GB-15D,Switzerland 3GB 15Days,0,Inactive,Active,Active,Active,Active,Active,Active,Active,Active,Inactive
SWITZERLAND-5GB-30D,Switzerland 5GB 30Days,0,Inactive,Active,Active,Active,Active,Active,Active,Active,Active,Inactive
TAJIKISTAN-20GB-30D,Tajikistan 20GB 30Days,0,Inactive,Active,Active,Active,Active,Active,Active,Active,Inactive,Active
TAJIKISTAN-3GB-15D,Tajikistan 3GB 15Days,0,Inactive,Active,Active,Active,Active,Active,Active,Active,Inactive,Inactive
TAJIKISTAN-5GB-30D,Tajikistan 5GB 30Days,0,Inactive,Active,Active,Active,Active,Active,Active,Active,Inactive,Active
TANZANIA-3GB-15D,Tanzania 3GB 15Days,0,Inactive,Active,Active,Active,Active,Active,Active,Active,Inactive,Inactive
THAILAND-20GB-30D,Thailand 20GB 30Days,0,Inactive,Inactive,Inactive,Inactive,Inactive,Inactive,Inactive,Inactive,Inactive,Inactive
THAILAND-3GB-15D,Thailand 3GB 15Days,0,Inactive,Active,Active,Active,Active,Active,Active,Active,Active,Inactive
THAILAND-5GB-30D,Thailand 5GB 30Days,0,Inactive,Active,Active,Active,Active,Active,Active,Active,Active,Inactive
TRINIDAD-AND-TOBAGO-20GB-30D,Trinidad and Tobago 20GB 30Days,0,Inactive,Active,Active,Active,Active,Active,Active,Active,Active,Active
TRINIDAD-AND-TOBAGO-3GB-15D,Trinidad and Tobago 3GB 15Days,0,Inactive,Active,Active,Active,Active,Active,Active,Active,Inactive,Active
TRINIDAD-AND-TOBAGO-5GB-30D,Trinidad and Tobago 5GB 30Days,0,Inactive,Active,Active,Active,Active,Active,Active,Active,Inactive,Active
TUNISIA-5GB-30D,Tunisia 5GB 30Days,0,Inactive,Inactive,Inactive,Inactive,Inactive,Inactive,Inactive,Inactive,Inactive,Inactive
TURKEY-20GB-30D,Turkey 20GB 30Days,0,Inactive,Inactive,Inactive,Inactive,Inactive,Inactive,Inactive,Inactive,Inactive,Inactive
TURKEY-3GB-15D,Turkey 3GB 15Days,0,Inactive,Active,Active,Active,Active,Active,Active,Active,Active,Inactive
TURKEY-5GB-30D,Turkey 5GB 30Days,0,Inactive,Active,Active,Active,Active,Active,Active,Active,Active,Inactive
TURKS-AND-CAICOS-ISLANDS-20GB-30D,Turks and Caicos Islands 20GB 30Days,0,Inactive,Active,Active,Active,Active,Active,Active,Active,Inactive,Active
TURKS-AND-CAICOS-ISLANDS-3GB-15D,Turks and Caicos Islands 3GB 15Days,0,Inactive,Active,Active,Active,Active,Active,Active,Active,Inactive,Inactive
TURKS-AND-CAICOS-ISLANDS-5GB-30D,Turks and Caicos Islands 5GB 30Days,0,Inactive,Active,Active,Active,Active,Active,Active,Active,Active,Inactive
UGANDA-3GB-15D,Uganda 3GB 15Days,0,Inactive,Active,Active,Active,Active,Active,Active,Active,Inactive,Inactive
UKRAINE-3GB-15D,Ukraine 3GB 15Days,0,Inactive,Active,Active,Active,Active,Active,Active,Active,Active,Inactive
UKRAINE-5GB-30D,Ukraine 5GB 30Days,0,Inactive,Inactive,Inactive,Inactive,Inactive,Inactive,Inactive,Inactive,Inactive,Inactive
UNITED-ARAB-EMIRATES-20GB-30D,United Arab Emirates 20GB 30Days,3,Inactive,Active,Active,Active,Active,Active,MISSING,Active,MISSING,MISSING
UNITED-ARAB-EMIRATES-3GB-15D,United Arab Emirates 3GB 15Days,2,Inactive,Active,Active,Active,Active,Active,Active,Active,MISSING,MISSING
UNITED-ARAB-EMIRATES-5GB-30D,United Arab Emirates 5GB 30Days,3,Inactive,Active,Active,Active,Active,Active,MISSING,Active,MISSING,MISSING
UNITED-KINGDOM-20GB-30D,United Kingdom 20GB 30Days,4,Inactive,Active,Active,Active,Active,Active,MISSING,MISSING,MISSING,MISSING
UNITED-KINGDOM-3GB-15D,United Kingdom 3GB 15Days,3,Inactive,Active,Active,Active,Active,Active,Active,MISSING,MISSING,MISSING
UNITED-KINGDOM-5GB-30D,United Kingdom 5GB 30Days,3,Inactive,Active,Active,Active,Active,Active,Active,MISSING,MISSING,MISSING
UNITED-STATES-3GB-15D,United States 3GB 15Days,3,Inactive,Active,Active,Active,Active,Active,Active,MISSING,MISSING,MISSING
UNITED-STATES-5GB-30D,United States 5GB 30Days,3,Inactive,Active,Active,Active,Active,Active,Active,MISSING,MISSING,MISSING
URUGUAY-3GB-15D,Uruguay 3GB 15Days,0,Inactive,Active,Active,Active,Active,Active,Active,Active,Inactive,Active
UZBEKISTAN-5GB-30D,Uzbekistan 5GB 30Days,0,Inactive,Active,Active,Active,Active,Active,Active,Active,Active,Inactive
VATICAN-CITY-20GB-30D,Vatican City 20GB 30Days,0,Inactive,Active,Active,Active,Active,Active,Active,Active,Inactive,Inactive
VATICAN-CITY-3GB-15D,Vatican City 3GB 15Days,0,Inactive,Active,Active,Active,Active,Active,Active,Active,Active,Inactive
VATICAN-CITY-5GB-30D,Vatican City 5GB 30Days,0,Inactive,Active,Active,Active,Active,Active,Active,Active,Active,Inactive
VIETNAM-20GB-30D,Vietnam 20GB 30Days,0,Inactive,Active,Active,Active,Active,Active,Active,Active,Inactive,Inactive
VIETNAM-3GB-15D,Vietnam 3GB 15Days,0,Inactive,Inactive,Inactive,Inactive,Inactive,Inactive,Inactive,Inactive,Inactive,Inactive
VIETNAM-5GB-30D,Vietnam 5GB 30Days,0,Inactive,Active,Active,Active,Active,Active,Active,Active,Active,Inactive
ZAMBIA-3GB-15D,Zambia 3GB 15Days,0,Inactive,Active,Active,Active,Active,Active,Active,Active,Active,Inactive
ZAMBIA-5GB-30D,Zambia 5GB 30Days,0,Inactive,Active,Active,Active,Active,Active,Active,Active,Inactive,Active
