sku,market,asin,before,after,status,issues
AALAND-ISLANDS-20GB-30D,UK,B0FR39Q1KJ,DEFAULT,DEFAULT,NOT_APPLIED,"accepted but offer still reports DEFAULT; attributes=['AMAZON_EU', 'DEFAULT']"
AALAND-ISLANDS-3GB-15D,UK,B0FR3CCSMB,DEFAULT,DEFAULT,NOT_APPLIED,"accepted but offer still reports DEFAULT; attributes=['AMAZON_EU', 'DEFAULT']"
AALAND-ISLANDS-5GB-30D,UK,B0FR3G6JWB,DEFAULT,DEFAULT,NOT_APPLIED,"accepted but offer still reports DEFAULT; attributes=['AMAZON_EU', 'DEFAULT']"
AE_20_30,UK,B0FRB7TFJR,DEFAULT,DEFAULT,NOT_APPLIED,"accepted but offer still reports DEFAULT; attributes=['AMAZON_EU', 'DEFAULT']"
AE_3_15,UK,B0FRBBYBGH,DEFAULT,DEFAULT,NOT_APPLIED,"accepted but offer still reports DEFAULT; attributes=['AMAZON_EU', 'DEFAULT']"
AE_5_30,UK,B0FRB89XHX,DEFAULT,DEFAULT,NOT_APPLIED,"accepted but offer still reports DEFAULT; attributes=['AMAZON_EU', 'DEFAULT']"
AF-29_5_30,UK,B0FR3GK9Z7,DEFAULT,DEFAULT,NOT_APPLIED,"accepted but offer still reports DEFAULT; attributes=['AMAZON_EU', 'DEFAULT']"
AFRICA-5GB-30D,UK,B0FR3GK9Z7,DEFAULT,DEFAULT,NOT_APPLIED,"accepted but offer still reports DEFAULT; attributes=['AMAZON_EU', 'DEFAULT']"
ALBANIA-5GB-30D,UK,B0FR4ZG3Z6,DEFAULT,DEFAULT,NOT_APPLIED,"accepted but offer still reports DEFAULT; attributes=['AMAZON_EU', 'DEFAULT']"
ALGERIA-20GB-30D,UK,B0H6M5TDMD,DEFAULT,DEFAULT,NOT_APPLIED,"accepted but offer still reports DEFAULT; attributes=['AMAZON_EU', 'DEFAULT']"
ALGERIA-3GB-15D,UK,B0H6M9R3WH,DEFAULT,DEFAULT,NOT_APPLIED,"accepted but offer still reports DEFAULT; attributes=['AMAZON_EU', 'DEFAULT']"
ALGERIA-5GB-30D,UK,B0H6MDYKG8,DEFAULT,DEFAULT,NOT_APPLIED,"accepted but offer still reports DEFAULT; attributes=['AMAZON_EU', 'DEFAULT']"
AL_5_30,UK,B0FR4ZG3Z6,DEFAULT,DEFAULT,NOT_APPLIED,"accepted but offer still reports DEFAULT; attributes=['AMAZON_EU', 'DEFAULT']"
AM_20_30,UK,B0FR4ZT5XT,DEFAULT,DEFAULT,NOT_APPLIED,"accepted but offer still reports DEFAULT; attributes=['AMAZON_EU', 'DEFAULT']"
AM_3_15,UK,B0FR5BK9R4,DEFAULT,DEFAULT,NOT_APPLIED,"accepted but offer still reports DEFAULT; attributes=['AMAZON_EU', 'DEFAULT']"
ANDORRA-20GB-30D,UK,B0H6MJ97WC,DEFAULT,DEFAULT,NOT_APPLIED,"accepted but offer still reports DEFAULT; attributes=['AMAZON_EU', 'DEFAULT']"
ANDORRA-3GB-15D,UK,B0H6MBPRYN,DEFAULT,DEFAULT,NOT_APPLIED,"accepted but offer still reports DEFAULT; attributes=['AMAZON_EU', 'DEFAULT']"
ANDORRA-5GB-30D,UK,B0H6M5P65S,DEFAULT,DEFAULT,NOT_APPLIED,"accepted but offer still reports DEFAULT; attributes=['AMAZON_EU', 'DEFAULT']"
ANGOLA-3GB-15D,UK,B0H6M5RWZH,DEFAULT,DEFAULT,NOT_APPLIED,"accepted but offer still reports DEFAULT; attributes=['AMAZON_EU', 'DEFAULT']"
ANGOLA-5GB-30D,UK,B0H6MKZSB4,DEFAULT,DEFAULT,NOT_APPLIED,"accepted but offer still reports DEFAULT; attributes=['AMAZON_EU', 'DEFAULT']"
ANGUILLA-20GB-30D,UK,B0H6MHMZY8,DEFAULT,DEFAULT,NOT_APPLIED,"accepted but offer still reports DEFAULT; attributes=['AMAZON_EU', 'DEFAULT']"
ANGUILLA-3GB-15D,UK,B0H6M7X7QY,DEFAULT,DEFAULT,NOT_APPLIED,"accepted but offer still reports DEFAULT; attributes=['AMAZON_EU', 'DEFAULT']"
ANGUILLA-5GB-30D,UK,B0H6MFJ63H,DEFAULT,DEFAULT,NOT_APPLIED,"accepted but offer still reports DEFAULT; attributes=['AMAZON_EU', 'DEFAULT']"
ANTIGUA-AND-BARBUDA-20GB-30D,UK,B0H6M2MQJB,DEFAULT,DEFAULT,NOT_APPLIED,"accepted but offer still reports DEFAULT; attributes=['AMAZON_EU', 'DEFAULT']"
ANTIGUA-AND-BARBUDA-3GB-15D,UK,B0H6MBBFLQ,DEFAULT,DEFAULT,NOT_APPLIED,"accepted but offer still reports DEFAULT; attributes=['AMAZON_EU', 'DEFAULT']"
ANTIGUA-AND-BARBUDA-5GB-30D,UK,B0H6MCR5F9,DEFAULT,DEFAULT,NOT_APPLIED,"accepted but offer still reports DEFAULT; attributes=['AMAZON_EU', 'DEFAULT']"
ARGENTINA-20GB-30D,UK,B0FR5DCH33,DEFAULT,DEFAULT,NOT_APPLIED,"accepted but offer still reports DEFAULT; attributes=['AMAZON_EU', 'DEFAULT']"
ARGENTINA-3GB-15D,UK,B0FR554SXN,DEFAULT,DEFAULT,NOT_APPLIED,"accepted but offer still reports DEFAULT; attributes=['AMAZON_EU', 'DEFAULT']"
ARMENIA-20GB-30D,UK,B0FR4ZT5XT,DEFAULT,DEFAULT,NOT_APPLIED,"accepted but offer still reports DEFAULT; attributes=['AMAZON_EU', 'DEFAULT']"
ARMENIA-3GB-15D,UK,B0FR5BK9R4,DEFAULT,DEFAULT,NOT_APPLIED,"accepted but offer still reports DEFAULT; attributes=['AMAZON_EU', 'DEFAULT']"
AR_20_30,UK,B0FR5DCH33,DEFAULT,DEFAULT,NOT_APPLIED,"accepted but offer still reports DEFAULT; attributes=['AMAZON_EU', 'DEFAULT']"
AR_3_15,UK,B0FR554SXN,DEFAULT,DEFAULT,NOT_APPLIED,"accepted but offer still reports DEFAULT; attributes=['AMAZON_EU', 'DEFAULT']"
AS-20_3_15,UK,B0FR9FZ4RF,DEFAULT,DEFAULT,NOT_APPLIED,"accepted but offer still reports DEFAULT; attributes=['AMAZON_EU', 'DEFAULT']"
AS-20_5_30,UK,B0FR9BQNSV,DEFAULT,DEFAULT,NOT_APPLIED,"accepted but offer still reports DEFAULT; attributes=['AMAZON_EU', 'DEFAULT']"
ASIA-20-3GB-15D,UK,B0FR9FZ4RF,DEFAULT,DEFAULT,NOT_APPLIED,"accepted but offer still reports DEFAULT; attributes=['AMAZON_EU', 'DEFAULT']"
ASIA-20-5GB-30D,UK,B0FR9BQNSV,DEFAULT,DEFAULT,NOT_APPLIED,"accepted but offer still reports DEFAULT; attributes=['AMAZON_EU', 'DEFAULT']"
AT_20_30,UK,B0FR8XBSBP,DEFAULT,DEFAULT,NOT_APPLIED,"accepted but offer still reports DEFAULT; attributes=['AMAZON_EU', 'DEFAULT']"
AT_3_15,UK,B0FR9QSMSP,DEFAULT,DEFAULT,NOT_APPLIED,"accepted but offer still reports DEFAULT; attributes=['AMAZON_EU', 'DEFAULT']"
AT_5_30,UK,B0FR8XCH78,DEFAULT,DEFAULT,NOT_APPLIED,"accepted but offer still reports DEFAULT; attributes=['AMAZON_EU', 'DEFAULT']"
AUSTRALIA-20GB-30D,UK,B0FR9G1ZQJ,DEFAULT,DEFAULT,NOT_APPLIED,"accepted but offer still reports DEFAULT; attributes=['AMAZON_EU', 'DEFAULT']"
AUSTRALIA-3GB-15D,UK,B0FR9SKY4D,DEFAULT,DEFAULT,NOT_APPLIED,"accepted but offer still reports DEFAULT; attributes=['AMAZON_EU', 'DEFAULT']"
AUSTRALIA-5GB-30D,UK,B0FR9JRB62,DEFAULT,DEFAULT,NOT_APPLIED,"accepted but offer still reports DEFAULT; attributes=['AMAZON_EU', 'DEFAULT']"
AUSTRIA-20GB-30D,UK,B0FR8XBSBP,DEFAULT,DEFAULT,NOT_APPLIED,"accepted but offer still reports DEFAULT; attributes=['AMAZON_EU', 'DEFAULT']"
AUSTRIA-3GB-15D,UK,B0FR9QSMSP,DEFAULT,DEFAULT,NOT_APPLIED,"accepted but offer still reports DEFAULT; attributes=['AMAZON_EU', 'DEFAULT']"
AUSTRIA-5GB-30D,UK,B0FR8XCH78,DEFAULT,DEFAULT,NOT_APPLIED,"accepted but offer still reports DEFAULT; attributes=['AMAZON_EU', 'DEFAULT']"
AU_20_30,UK,B0FR9G1ZQJ,DEFAULT,DEFAULT,NOT_APPLIED,"accepted but offer still reports DEFAULT; attributes=['AMAZON_EU', 'DEFAULT']"
AU_3_15,UK,B0FR9SKY4D,DEFAULT,DEFAULT,NOT_APPLIED,"accepted but offer still reports DEFAULT; attributes=['AMAZON_EU', 'DEFAULT']"
AU_5_30,UK,B0FR9JRB62,DEFAULT,DEFAULT,NOT_APPLIED,"accepted but offer still reports DEFAULT; attributes=['AMAZON_EU', 'DEFAULT']"
AX_20_30,UK,B0FR39Q1KJ,DEFAULT,DEFAULT,NOT_APPLIED,"accepted but offer still reports DEFAULT; attributes=['AMAZON_EU', 'DEFAULT']"
AX_3_15,UK,B0FR3CCSMB,DEFAULT,DEFAULT,NOT_APPLIED,"accepted but offer still reports DEFAULT; attributes=['AMAZON_EU', 'DEFAULT']"
AX_5_30,UK,B0FR3G6JWB,DEFAULT,DEFAULT,NOT_APPLIED,"accepted but offer still reports DEFAULT; attributes=['AMAZON_EU', 'DEFAULT']"
AZERBAIJAN-3GB-15D,UK,B0FR9BTC98,DEFAULT,DEFAULT,NOT_APPLIED,"accepted but offer still reports DEFAULT; attributes=['AMAZON_EU', 'DEFAULT']"
AZ_3_15,UK,B0FR9BTC98,DEFAULT,DEFAULT,NOT_APPLIED,"accepted but offer still reports DEFAULT; attributes=['AMAZON_EU', 'DEFAULT']"
BAHAMAS-20GB-30D,UK,B0H6MCPR9P,DEFAULT,DEFAULT,NOT_APPLIED,"accepted but offer still reports DEFAULT; attributes=['AMAZON_EU', 'DEFAULT']"
BAHAMAS-3GB-15D,UK,B0H6MB828R,DEFAULT,DEFAULT,NOT_APPLIED,"accepted but offer still reports DEFAULT; attributes=['AMAZON_EU', 'DEFAULT']"
BAHAMAS-5GB-30D,UK,B0H6MFGH8P,DEFAULT,DEFAULT,NOT_APPLIED,"accepted but offer still reports DEFAULT; attributes=['AMAZON_EU', 'DEFAULT']"
BAHRAIN-3GB-15D,UK,B0FR9K64KF,DEFAULT,DEFAULT,NOT_APPLIED,"accepted but offer still reports DEFAULT; attributes=['AMAZON_EU', 'DEFAULT']"
BANGLADESH-20GB-30D,UK,B0FR8FJ3HJ,DEFAULT,DEFAULT,NOT_APPLIED,"accepted but offer still reports DEFAULT; attributes=['AMAZON_EU', 'DEFAULT']"
BANGLADESH-3GB-15D,UK,B0FR9L7SG3,DEFAULT,DEFAULT,NOT_APPLIED,"accepted but offer still reports DEFAULT; attributes=['AMAZON_EU', 'DEFAULT']"
BANGLADESH-5GB-30D,UK,B0FR9BQFCM,DEFAULT,DEFAULT,NOT_APPLIED,"accepted but offer still reports DEFAULT; attributes=['AMAZON_EU', 'DEFAULT']"
BARBADOS-20GB-30D,UK,B0H6MJ921X,DEFAULT,DEFAULT,NOT_APPLIED,"accepted but offer still reports DEFAULT; attributes=['AMAZON_EU', 'DEFAULT']"
BARBADOS-3GB-15D,UK,B0H6MCD72X,DEFAULT,DEFAULT,NOT_APPLIED,"accepted but offer still reports DEFAULT; attributes=['AMAZON_EU', 'DEFAULT']"
BARBADOS-5GB-30D,UK,B0H6MG6VYJ,DEFAULT,DEFAULT,NOT_APPLIED,"accepted but offer still reports DEFAULT; attributes=['AMAZON_EU', 'DEFAULT']"
BA_3_15,UK,B0FR9G8ZVK,DEFAULT,DEFAULT,NOT_APPLIED,"accepted but offer still reports DEFAULT; attributes=['AMAZON_EU', 'DEFAULT']"
BD_20_30,UK,B0FR8FJ3HJ,DEFAULT,DEFAULT,NOT_APPLIED,"accepted but offer still reports DEFAULT; attributes=['AMAZON_EU', 'DEFAULT']"
BD_3_15,UK,B0FR9L7SG3,DEFAULT,DEFAULT,NOT_APPLIED,"accepted but offer still reports DEFAULT; attributes=['AMAZON_EU', 'DEFAULT']"
BD_5_30,UK,B0FR9BQFCM,DEFAULT,DEFAULT,NOT_APPLIED,"accepted but offer still reports DEFAULT; attributes=['AMAZON_EU', 'DEFAULT']"
BELARUS-3GB-15D,UK,B0FR9G3Z82,DEFAULT,DEFAULT,NOT_APPLIED,"accepted but offer still reports DEFAULT; attributes=['AMAZON_EU', 'DEFAULT']"
BELARUS-5GB-30D,UK,B0FR8FFT4D,DEFAULT,DEFAULT,NOT_APPLIED,"accepted but offer still reports DEFAULT; attributes=['AMAZON_EU', 'DEFAULT']"
BELGIUM-20GB-30D,UK,B0FR9BVRCH,DEFAULT,DEFAULT,NOT_APPLIED,"accepted but offer still reports DEFAULT; attributes=['AMAZON_EU', 'DEFAULT']"
BELGIUM-3GB-15D,UK,B0FR9G432K,DEFAULT,DEFAULT,NOT_APPLIED,"accepted but offer still reports DEFAULT; attributes=['AMAZON_EU', 'DEFAULT']"
BELGIUM-5GB-30D,UK,B0FR9SXCW6,DEFAULT,DEFAULT,NOT_APPLIED,"accepted but offer still reports DEFAULT; attributes=['AMAZON_EU', 'DEFAULT']"
BELIZE-20GB-30D,UK,B0H6MBSQM8,DEFAULT,DEFAULT,NOT_APPLIED,"accepted but offer still reports DEFAULT; attributes=['AMAZON_EU', 'DEFAULT']"
BELIZE-3GB-15D,UK,B0H6MFPNTX,DEFAULT,DEFAULT,NOT_APPLIED,"accepted but offer still reports DEFAULT; attributes=['AMAZON_EU', 'DEFAULT']"
BELIZE-5GB-30D,UK,B0H6MF1H4V,DEFAULT,DEFAULT,NOT_APPLIED,"accepted but offer still reports DEFAULT; attributes=['AMAZON_EU', 'DEFAULT']"
BENIN-20GB-30D,UK,B0H6M7VGSZ,DEFAULT,DEFAULT,NOT_APPLIED,"accepted but offer still reports DEFAULT; attributes=['AMAZON_EU', 'DEFAULT']"
BENIN-3GB-15D,UK,B0H6M9YHDR,DEFAULT,DEFAULT,NOT_APPLIED,"accepted but offer still reports DEFAULT; attributes=['AMAZON_EU', 'DEFAULT']"
BENIN-5GB-30D,UK,B0H6MHRNBH,DEFAULT,DEFAULT,NOT_APPLIED,"accepted but offer still reports DEFAULT; attributes=['AMAZON_EU', 'DEFAULT']"
BERMUDA-20GB-30D,UK,B0H6MCGQ77,DEFAULT,DEFAULT,NOT_APPLIED,"accepted but offer still reports DEFAULT; attributes=['AMAZON_EU', 'DEFAULT']"
BERMUDA-3GB-15D,UK,B0H6MDMTGH,DEFAULT,DEFAULT,NOT_APPLIED,"accepted but offer still reports DEFAULT; attributes=['AMAZON_EU', 'DEFAULT']"
BERMUDA-5GB-30D,UK,B0H6MFM5X4,DEFAULT,DEFAULT,NOT_APPLIED,"accepted but offer still reports DEFAULT; attributes=['AMAZON_EU', 'DEFAULT']"
BE_20_30,UK,B0FR9BVRCH,DEFAULT,DEFAULT,NOT_APPLIED,"accepted but offer still reports DEFAULT; attributes=['AMAZON_EU', 'DEFAULT']"
BE_3_15,UK,B0FR9G432K,DEFAULT,DEFAULT,NOT_APPLIED,"accepted but offer still reports DEFAULT; attributes=['AMAZON_EU', 'DEFAULT']"
BE_5_30,UK,B0FR9SXCW6,DEFAULT,DEFAULT,NOT_APPLIED,"accepted but offer still reports DEFAULT; attributes=['AMAZON_EU', 'DEFAULT']"
BF_3_15,UK,B0FR9HWFSK,DEFAULT,DEFAULT,NOT_APPLIED,"accepted but offer still reports DEFAULT; attributes=['AMAZON_EU', 'DEFAULT']"
BF_5_30,UK,B0FR9BWKSY,DEFAULT,DEFAULT,NOT_APPLIED,"accepted but offer still reports DEFAULT; attributes=['AMAZON_EU', 'DEFAULT']"
BHUTAN-20GB-30D,UK,B0H6M5WDSH,DEFAULT,DEFAULT,NOT_APPLIED,"accepted but offer still reports DEFAULT; attributes=['AMAZON_EU', 'DEFAULT']"
BHUTAN-3GB-15D,UK,B0H6MJB588,DEFAULT,DEFAULT,NOT_APPLIED,"accepted but offer still reports DEFAULT; attributes=['AMAZON_EU', 'DEFAULT']"
BHUTAN-5GB-30D,UK,B0H6M9C23Q,DEFAULT,DEFAULT,NOT_APPLIED,"accepted but offer still reports DEFAULT; attributes=['AMAZON_EU', 'DEFAULT']"
BH_3_15,UK,B0FR9K64KF,DEFAULT,DEFAULT,NOT_APPLIED,"accepted but offer still reports DEFAULT; attributes=['AMAZON_EU', 'DEFAULT']"
BN_20_30,UK,B0FR9F971C,DEFAULT,DEFAULT,NOT_APPLIED,"accepted but offer still reports DEFAULT; attributes=['AMAZON_EU', 'DEFAULT']"
BN_3_15,UK,B0FR9KTJND,DEFAULT,DEFAULT,NOT_APPLIED,"accepted but offer still reports DEFAULT; attributes=['AMAZON_EU', 'DEFAULT']"
BOLIVIA-20GB-30D,UK,B0FR9RH588,DEFAULT,DEFAULT,NOT_APPLIED,"accepted but offer still reports DEFAULT; attributes=['AMAZON_EU', 'DEFAULT']"
BOLIVIA-3GB-15D,UK,B0FR8FKPKH,DEFAULT,DEFAULT,NOT_APPLIED,"accepted but offer still reports DEFAULT; attributes=['AMAZON_EU', 'DEFAULT']"
BOSNIA-AND-HERZEGOVINA-3GB-15D,UK,B0FR9G8ZVK,DEFAULT,DEFAULT,NOT_APPLIED,"accepted but offer still reports DEFAULT; attributes=['AMAZON_EU', 'DEFAULT']"
BOTSWANA-3GB-15D,UK,B0FR9G7N2Q,DEFAULT,DEFAULT,NOT_APPLIED,"accepted but offer still reports DEFAULT; attributes=['AMAZON_EU', 'DEFAULT']"
BO_20_30,UK,B0FR9RH588,DEFAULT,DEFAULT,NOT_APPLIED,"accepted but offer still reports DEFAULT; attributes=['AMAZON_EU', 'DEFAULT']"
BO_3_15,UK,B0FR8FKPKH,DEFAULT,DEFAULT,NOT_APPLIED,"accepted but offer still reports DEFAULT; attributes=['AMAZON_EU', 'DEFAULT']"
BRAZIL-20GB-30D,UK,B0FR9KLZCR,DEFAULT,DEFAULT,NOT_APPLIED,"accepted but offer still reports DEFAULT; attributes=['AMAZON_EU', 'DEFAULT']"
BRAZIL-3GB-15D,UK,B0FR9G5LKV,DEFAULT,DEFAULT,NOT_APPLIED,"accepted but offer still reports DEFAULT; attributes=['AMAZON_EU', 'DEFAULT']"
BRUNEI-DARUSSALAM-20GB-30D,UK,B0FR9F971C,DEFAULT,DEFAULT,NOT_APPLIED,"accepted but offer still reports DEFAULT; attributes=['AMAZON_EU', 'DEFAULT']"
BRUNEI-DARUSSALAM-3GB-15D,UK,B0FR9KTJND,DEFAULT,DEFAULT,NOT_APPLIED,"accepted but offer still reports DEFAULT; attributes=['AMAZON_EU', 'DEFAULT']"
BR_20_30,UK,B0FR9KLZCR,DEFAULT,DEFAULT,NOT_APPLIED,"accepted but offer still reports DEFAULT; attributes=['AMAZON_EU', 'DEFAULT']"
BR_3_15,UK,B0FR9G5LKV,DEFAULT,DEFAULT,NOT_APPLIED,"accepted but offer still reports DEFAULT; attributes=['AMAZON_EU', 'DEFAULT']"
BULGARIA-3GB-15D,UK,B0H6MCT4Y5,DEFAULT,DEFAULT,NOT_APPLIED,"accepted but offer still reports DEFAULT; attributes=['AMAZON_EU', 'DEFAULT']"
BURKINA-FASO-3GB-15D,UK,B0FR9HWFSK,DEFAULT,DEFAULT,NOT_APPLIED,"accepted but offer still reports DEFAULT; attributes=['AMAZON_EU', 'DEFAULT']"
BURKINA-FASO-5GB-30D,UK,B0FR9BWKSY,DEFAULT,DEFAULT,NOT_APPLIED,"accepted but offer still reports DEFAULT; attributes=['AMAZON_EU', 'DEFAULT']"
BW_3_15,UK,B0FR9G7N2Q,DEFAULT,DEFAULT,NOT_APPLIED,"accepted but offer still reports DEFAULT; attributes=['AMAZON_EU', 'DEFAULT']"
BY_3_15,UK,B0FR9G3Z82,DEFAULT,DEFAULT,NOT_APPLIED,"accepted but offer still reports DEFAULT; attributes=['AMAZON_EU', 'DEFAULT']"
BY_5_30,UK,B0FR8FFT4D,DEFAULT,DEFAULT,NOT_APPLIED,"accepted but offer still reports DEFAULT; attributes=['AMAZON_EU', 'DEFAULT']"
CAMBODIA-20GB-30D,UK,B0FR9GFJPL,DEFAULT,DEFAULT,NOT_APPLIED,"accepted but offer still reports DEFAULT; attributes=['AMAZON_EU', 'DEFAULT']"
CAMBODIA-3GB-15D,UK,B0FR8XKMJ4,DEFAULT,DEFAULT,NOT_APPLIED,"accepted but offer still reports DEFAULT; attributes=['AMAZON_EU', 'DEFAULT']"
CAMEROON-3GB-15D,UK,B0FR9VJ1ZB,DEFAULT,DEFAULT,NOT_APPLIED,"accepted but offer still reports DEFAULT; attributes=['AMAZON_EU', 'DEFAULT']"
CANADA-PREMIUM-20GB-30D,UK,B0H6MJ9N4Y,DEFAULT,DEFAULT,NOT_APPLIED,"accepted but offer still reports DEFAULT; attributes=['AMAZON_EU', 'DEFAULT']"
CANADA-PREMIUM-3GB-15D,UK,B0H6MJ1HMJ,DEFAULT,DEFAULT,NOT_APPLIED,"accepted but offer still reports DEFAULT; attributes=['AMAZON_EU', 'DEFAULT']"
CANADA-PREMIUM-5GB-30D,UK,B0H6MPXGBN,DEFAULT,DEFAULT,NOT_APPLIED,"accepted but offer still reports DEFAULT; attributes=['AMAZON_EU', 'DEFAULT']"
CAPE-VERDE-20GB-30D,UK,B0H6M9VSPG,DEFAULT,DEFAULT,NOT_APPLIED,"accepted but offer still reports DEFAULT; attributes=['AMAZON_EU', 'DEFAULT']"
CAPE-VERDE-3GB-15D,UK,B0H6M9R16H,DEFAULT,DEFAULT,NOT_APPLIED,"accepted but offer still reports DEFAULT; attributes=['AMAZON_EU', 'DEFAULT']"
CAPE-VERDE-5GB-30D,UK,B0H6MFG453,DEFAULT,DEFAULT,NOT_APPLIED,"accepted but offer still reports DEFAULT; attributes=['AMAZON_EU', 'DEFAULT']"
CAYMAN-ISLANDS-20GB-30D,UK,B0H6MGXYNS,DEFAULT,DEFAULT,NOT_APPLIED,"accepted but offer still reports DEFAULT; attributes=['AMAZON_EU', 'DEFAULT']"
CAYMAN-ISLANDS-3GB-15D,UK,B0H6MLHBD7,DEFAULT,DEFAULT,NOT_APPLIED,"accepted but offer still reports DEFAULT; attributes=['AMAZON_EU', 'DEFAULT']"
CAYMAN-ISLANDS-5GB-30D,UK,B0H6M55MKK,DEFAULT,DEFAULT,NOT_APPLIED,"accepted but offer still reports DEFAULT; attributes=['AMAZON_EU', 'DEFAULT']"
CA_20_30,UK,B0FR9BY42D,DEFAULT,DEFAULT,NOT_APPLIED,"accepted but offer still reports DEFAULT; attributes=['AMAZON_EU', 'DEFAULT']"
CA_3_15,UK,B0FR9RZLF3,DEFAULT,DEFAULT,NOT_APPLIED,"accepted but offer still reports DEFAULT; attributes=['AMAZON_EU', 'DEFAULT']"
CA_5_30,UK,B0FR9SYCBK,DEFAULT,DEFAULT,NOT_APPLIED,"accepted but offer still reports DEFAULT; attributes=['AMAZON_EU', 'DEFAULT']"
CENTRAL-AFRICAN-REPUBLIC-3GB-15D,UK,B0FR9RK8FP,DEFAULT,DEFAULT,NOT_APPLIED,"accepted but offer still reports DEFAULT; attributes=['AMAZON_EU', 'DEFAULT']"
CENTRAL-AFRICAN-REPUBLIC-5GB-30D,UK,B0FR9R3NMC,DEFAULT,DEFAULT,NOT_APPLIED,"accepted but offer still reports DEFAULT; attributes=['AMAZON_EU', 'DEFAULT']"
CF_3_15,UK,B0FR9RK8FP,DEFAULT,DEFAULT,NOT_APPLIED,"accepted but offer still reports DEFAULT; attributes=['AMAZON_EU', 'DEFAULT']"
CF_5_30,UK,B0FR9R3NMC,DEFAULT,DEFAULT,NOT_APPLIED,"accepted but offer still reports DEFAULT; attributes=['AMAZON_EU', 'DEFAULT']"
CHAD-3GB-15D,UK,B0FR9SG4MK,DEFAULT,DEFAULT,NOT_APPLIED,"accepted but offer still reports DEFAULT; attributes=['AMAZON_EU', 'DEFAULT']"
CHAD-5GB-30D,UK,B0FR9L414C,DEFAULT,DEFAULT,NOT_APPLIED,"accepted but offer still reports DEFAULT; attributes=['AMAZON_EU', 'DEFAULT']"
CHILE-3GB-15D,UK,B0FR9RY1RT,DEFAULT,DEFAULT,NOT_APPLIED,"accepted but offer still reports DEFAULT; attributes=['AMAZON_EU', 'DEFAULT']"
CHINA-20GB-30D,UK,B0FR9GD6X9,DEFAULT,DEFAULT,NOT_APPLIED,"accepted but offer still reports DEFAULT; attributes=['AMAZON_EU', 'DEFAULT']"
CHINA-3GB-15D,UK,B0FR9QZ578,DEFAULT,DEFAULT,NOT_APPLIED,"accepted but offer still reports DEFAULT; attributes=['AMAZON_EU', 'DEFAULT']"
CHINA-5GB-30D,UK,B0FR9HX7XH,DEFAULT,DEFAULT,NOT_APPLIED,"accepted but offer still reports DEFAULT; attributes=['AMAZON_EU', 'DEFAULT']"
CH_20_30,UK,B0FRB6VY7S,DEFAULT,DEFAULT,NOT_APPLIED,"accepted but offer still reports DEFAULT; attributes=['AMAZON_EU', 'DEFAULT']"
CH_3_15,UK,B0FRB5LFVC,DEFAULT,DEFAULT,NOT_APPLIED,"accepted but offer still reports DEFAULT; attributes=['AMAZON_EU', 'DEFAULT']"
CH_5_30,UK,B0FRB7G4VW,DEFAULT,DEFAULT,NOT_APPLIED,"accepted but offer still reports DEFAULT; attributes=['AMAZON_EU', 'DEFAULT']"
CI_3_15,UK,B0FR9HW9DJ,DEFAULT,DEFAULT,NOT_APPLIED,"accepted but offer still reports DEFAULT; attributes=['AMAZON_EU', 'DEFAULT']"
CI_5_30,UK,B0FR9V5LYJ,DEFAULT,DEFAULT,NOT_APPLIED,"accepted but offer still reports DEFAULT; attributes=['AMAZON_EU', 'DEFAULT']"
CL_3_15,UK,B0FR9RY1RT,DEFAULT,DEFAULT,NOT_APPLIED,"accepted but offer still reports DEFAULT; attributes=['AMAZON_EU', 'DEFAULT']"
CM_3_15,UK,B0FR9VJ1ZB,DEFAULT,DEFAULT,NOT_APPLIED,"accepted but offer still reports DEFAULT; attributes=['AMAZON_EU', 'DEFAULT']"
CN_20_30,UK,B0FR9GD6X9,DEFAULT,DEFAULT,NOT_APPLIED,"accepted but offer still reports DEFAULT; attributes=['AMAZON_EU', 'DEFAULT']"
CN_3_15,UK,B0FR9QZ578,DEFAULT,DEFAULT,NOT_APPLIED,"accepted but offer still reports DEFAULT; attributes=['AMAZON_EU', 'DEFAULT']"
CN_5_30,UK,B0FR9HX7XH,DEFAULT,DEFAULT,NOT_APPLIED,"accepted but offer still reports DEFAULT; attributes=['AMAZON_EU', 'DEFAULT']"
COLOMBIA-3GB-15D,UK,B0FR9RL8W5,DEFAULT,DEFAULT,NOT_APPLIED,"accepted but offer still reports DEFAULT; attributes=['AMAZON_EU', 'DEFAULT']"
COSTA-RICA-3GB-15D,UK,B0FR9LNRMN,DEFAULT,DEFAULT,NOT_APPLIED,"accepted but offer still reports DEFAULT; attributes=['AMAZON_EU', 'DEFAULT']"
COTE-D-IVOIRE-3GB-15D,UK,B0FR9HW9DJ,DEFAULT,DEFAULT,NOT_APPLIED,"accepted but offer still reports DEFAULT; attributes=['AMAZON_EU', 'DEFAULT']"
CO_3_15,UK,B0FR9RL8W5,DEFAULT,DEFAULT,NOT_APPLIED,"accepted but offer still reports DEFAULT; attributes=['AMAZON_EU', 'DEFAULT']"
CR_3_15,UK,B0FR9LNRMN,DEFAULT,DEFAULT,NOT_APPLIED,"accepted but offer still reports DEFAULT; attributes=['AMAZON_EU', 'DEFAULT']"
CURACAO-20GB-30D,UK,B0H6MF51WH,DEFAULT,DEFAULT,NOT_APPLIED,"accepted but offer still reports DEFAULT; attributes=['AMAZON_EU', 'DEFAULT']"
CURACAO-3GB-15D,UK,B0H6M81JPM,DEFAULT,DEFAULT,NOT_APPLIED,"accepted but offer still reports DEFAULT; attributes=['AMAZON_EU', 'DEFAULT']"
CURACAO-5GB-30D,UK,B0H6MGZLBC,DEFAULT,DEFAULT,NOT_APPLIED,"accepted but offer still reports DEFAULT; attributes=['AMAZON_EU', 'DEFAULT']"
CY_3_15,UK,B0FR8XJWWG,DEFAULT,DEFAULT,NOT_APPLIED,"accepted but offer still reports DEFAULT; attributes=['AMAZON_EU', 'DEFAULT']"
CY_5_30,UK,B0FR8XHWZV,DEFAULT,DEFAULT,NOT_APPLIED,"accepted but offer still reports DEFAULT; attributes=['AMAZON_EU', 'DEFAULT']"
CZ_20_30,UK,B0FR9SVN9H,DEFAULT,DEFAULT,NOT_APPLIED,"accepted but offer still reports DEFAULT; attributes=['AMAZON_EU', 'DEFAULT']"
CZ_5_30,UK,B0FR9BY2LF,DEFAULT,DEFAULT,NOT_APPLIED,"accepted but offer still reports DEFAULT; attributes=['AMAZON_EU', 'DEFAULT']"
DEMOCRATIC-REPUBLIC-OF-THE-CONGO-3GB-15D,UK,B0H6LZL22Y,DEFAULT,DEFAULT,NOT_APPLIED,"accepted but offer still reports DEFAULT; attributes=['AMAZON_EU', 'DEFAULT']"
DEMOCRATIC-REPUBLIC-OF-THE-CONGO-5GB-30D,UK,B0H6M6L8Z8,DEFAULT,DEFAULT,NOT_APPLIED,"accepted but offer still reports DEFAULT; attributes=['AMAZON_EU', 'DEFAULT']"
DK_20_30,UK,B0FR9QPF45,DEFAULT,DEFAULT,NOT_APPLIED,"accepted but offer still reports DEFAULT; attributes=['AMAZON_EU', 'DEFAULT']"
DK_3_15,UK,B0FR9GSNP4,DEFAULT,DEFAULT,NOT_APPLIED,"accepted but offer still reports DEFAULT; attributes=['AMAZON_EU', 'DEFAULT']"
DK_5_30,UK,B0FR8XQYR4,DEFAULT,DEFAULT,NOT_APPLIED,"accepted but offer still reports DEFAULT; attributes=['AMAZON_EU', 'DEFAULT']"
DOMINICA-20GB-30D,UK,B0H6MK8XTJ,DEFAULT,DEFAULT,NOT_APPLIED,"accepted but offer still reports DEFAULT; attributes=['AMAZON_EU', 'DEFAULT']"
DOMINICA-3GB-15D,UK,B0H6M9H54M,DEFAULT,DEFAULT,NOT_APPLIED,"accepted but offer still reports DEFAULT; attributes=['AMAZON_EU', 'DEFAULT']"
DOMINICA-5GB-30D,UK,B0H6M5HR32,DEFAULT,DEFAULT,NOT_APPLIED,"accepted but offer still reports DEFAULT; attributes=['AMAZON_EU', 'DEFAULT']"
DO_20_30,UK,B0FR9C6DJF,DEFAULT,DEFAULT,NOT_APPLIED,"accepted but offer still reports DEFAULT; attributes=['AMAZON_EU', 'DEFAULT']"
DO_3_15,UK,B0FR9GSKZF,DEFAULT,DEFAULT,NOT_APPLIED,"accepted but offer still reports DEFAULT; attributes=['AMAZON_EU', 'DEFAULT']"
DO_5_30,UK,B0FR9GQKCM,DEFAULT,DEFAULT,NOT_APPLIED,"accepted but offer still reports DEFAULT; attributes=['AMAZON_EU', 'DEFAULT']"
DRC-20GB-30D,UK,B0H6MZWFM7,DEFAULT,DEFAULT,NOT_APPLIED,"accepted but offer still reports DEFAULT; attributes=['AMAZON_EU', 'DEFAULT']"
EC_3_15,UK,B0FR9RM6MP,DEFAULT,DEFAULT,NOT_APPLIED,"accepted but offer still reports DEFAULT; attributes=['AMAZON_EU', 'DEFAULT']"
EE_20_30,UK,B0FR9L527N,DEFAULT,DEFAULT,NOT_APPLIED,"accepted but offer still reports DEFAULT; attributes=['AMAZON_EU', 'DEFAULT']"
EE_3_15,UK,B0FR9GST1S,DEFAULT,DEFAULT,NOT_APPLIED,"accepted but offer still reports DEFAULT; attributes=['AMAZON_EU', 'DEFAULT']"
EE_5_30,UK,B0FR9GQYKB,DEFAULT,DEFAULT,NOT_APPLIED,"accepted but offer still reports DEFAULT; attributes=['AMAZON_EU', 'DEFAULT']"
EG_20_30,UK,B0FR9GQBGL,DEFAULT,DEFAULT,NOT_APPLIED,"accepted but offer still reports DEFAULT; attributes=['AMAZON_EU', 'DEFAULT']"
EG_3_15,UK,B0FR9C784N,DEFAULT,DEFAULT,NOT_APPLIED,"accepted but offer still reports DEFAULT; attributes=['AMAZON_EU', 'DEFAULT']"
EG_5_30,UK,B0FR9LR5KJ,DEFAULT,DEFAULT,NOT_APPLIED,"accepted but offer still reports DEFAULT; attributes=['AMAZON_EU', 'DEFAULT']"
ES_20_30,UK,B0FRCMPGPL,DEFAULT,DEFAULT,NOT_APPLIED,"accepted but offer still reports DEFAULT; attributes=['AMAZON_EU', 'DEFAULT']"
ES_3_15,UK,B0FRCDHTZ7,DEFAULT,DEFAULT,NOT_APPLIED,"accepted but offer still reports DEFAULT; attributes=['AMAZON_EU', 'DEFAULT']"
ES_5_30,UK,B0FRBQCLZN,DEFAULT,DEFAULT,NOT_APPLIED,"accepted but offer still reports DEFAULT; attributes=['AMAZON_EU', 'DEFAULT']"
EU-42_20_30,UK,B0FR9TNPV3,DEFAULT,DEFAULT,NOT_APPLIED,"accepted but offer still reports DEFAULT; attributes=['AMAZON_EU', 'DEFAULT']"
EU-42_5_30,UK,B0FR9RYSSS,DEFAULT,DEFAULT,NOT_APPLIED,"accepted but offer still reports DEFAULT; attributes=['AMAZON_EU', 'DEFAULT']"
FAROE-ISLANDS-20GB-30D,UK,B0H6MB82ZV,DEFAULT,DEFAULT,NOT_APPLIED,"accepted but offer still reports DEFAULT; attributes=['AMAZON_EU', 'DEFAULT']"
FAROE-ISLANDS-3GB-15D,UK,B0H6ML935Q,DEFAULT,DEFAULT,NOT_APPLIED,"accepted but offer still reports DEFAULT; attributes=['AMAZON_EU', 'DEFAULT']"
FAROE-ISLANDS-5GB-30D,UK,B0H6MF2TVH,DEFAULT,DEFAULT,NOT_APPLIED,"accepted but offer still reports DEFAULT; attributes=['AMAZON_EU', 'DEFAULT']"
FIJI-20GB-30D,UK,B0H6MGBL3N,DEFAULT,DEFAULT,NOT_APPLIED,"accepted but offer still reports DEFAULT; attributes=['AMAZON_EU', 'DEFAULT']"
FIJI-3GB-15D,UK,B0H6MFLWYD,DEFAULT,DEFAULT,NOT_APPLIED,"accepted but offer still reports DEFAULT; attributes=['AMAZON_EU', 'DEFAULT']"
FIJI-5GB-30D,UK,B0H6MJ7GS6,DEFAULT,DEFAULT,NOT_APPLIED,"accepted but offer still reports DEFAULT; attributes=['AMAZON_EU', 'DEFAULT']"
FI_3_15,UK,B0FR9GSND6,DEFAULT,DEFAULT,NOT_APPLIED,"accepted but offer still reports DEFAULT; attributes=['AMAZON_EU', 'DEFAULT']"
FI_5_30,UK,B0FR9SB3BJ,DEFAULT,DEFAULT,NOT_APPLIED,"accepted but offer still reports DEFAULT; attributes=['AMAZON_EU', 'DEFAULT']"
FRENCH-GUIANA-20GB-30D,UK,B0H6MDNXJJ,DEFAULT,DEFAULT,NOT_APPLIED,"accepted but offer still reports DEFAULT; attributes=['AMAZON_EU', 'DEFAULT']"
FRENCH-GUIANA-3GB-15D,UK,B0H6MFD6Z3,DEFAULT,DEFAULT,NOT_APPLIED,"accepted but offer still reports DEFAULT; attributes=['AMAZON_EU', 'DEFAULT']"
FRENCH-GUIANA-5GB-30D,UK,B0H6MGC352,DEFAULT,DEFAULT,NOT_APPLIED,"accepted but offer still reports DEFAULT; attributes=['AMAZON_EU', 'DEFAULT']"
FRENCH-POLYNESIA-20GB-30D,UK,B0H6M59GH9,DEFAULT,DEFAULT,NOT_APPLIED,"accepted but offer still reports DEFAULT; attributes=['AMAZON_EU', 'DEFAULT']"
FRENCH-POLYNESIA-3GB-15D,UK,B0H6MF6GHP,DEFAULT,DEFAULT,NOT_APPLIED,"accepted but offer still reports DEFAULT; attributes=['AMAZON_EU', 'DEFAULT']"
FRENCH-POLYNESIA-5GB-30D,UK,B0H6MD2GXY,DEFAULT,DEFAULT,NOT_APPLIED,"accepted but offer still reports DEFAULT; attributes=['AMAZON_EU', 'DEFAULT']"
FR_20_30,UK,B0FR9GPMC5,DEFAULT,DEFAULT,NOT_APPLIED,"accepted but offer still reports DEFAULT; attributes=['AMAZON_EU', 'DEFAULT']"
FR_3_15,UK,B0FR9C5ZB6,DEFAULT,DEFAULT,NOT_APPLIED,"accepted but offer still reports DEFAULT; attributes=['AMAZON_EU', 'DEFAULT']"
FR_5_30,UK,B0FR9LMDW5,DEFAULT,DEFAULT,NOT_APPLIED,"accepted but offer still reports DEFAULT; attributes=['AMAZON_EU', 'DEFAULT']"
GAMBIA-3GB-15D,UK,B0H2FTMBBQ,DEFAULT,DEFAULT,NOT_APPLIED,"accepted but offer still reports DEFAULT; attributes=['AMAZON_EU', 'DEFAULT']"
GAMBIA-5GB-30D,UK,B0H2FQ3QJ9,DEFAULT,DEFAULT,NOT_APPLIED,"accepted but offer still reports DEFAULT; attributes=['AMAZON_EU', 'DEFAULT']"
GA_3_15,UK,B0FR9GPX9T,DEFAULT,DEFAULT,NOT_APPLIED,"accepted but offer still reports DEFAULT; attributes=['AMAZON_EU', 'DEFAULT']"
GB_20_30,UK,B0FRDGCBTN,DEFAULT,DEFAULT,NOT_APPLIED,"accepted but offer still reports DEFAULT; attributes=['AMAZON_EU', 'DEFAULT']"
GB_3_15,UK,B0FRCPD8TS,DEFAULT,DEFAULT,NOT_APPLIED,"accepted but offer still reports DEFAULT; attributes=['AMAZON_EU', 'DEFAULT']"
GB_5_30,UK,B0FRDDRGJF,DEFAULT,DEFAULT,NOT_APPLIED,"accepted but offer still reports DEFAULT; attributes=['AMAZON_EU', 'DEFAULT']"
GE_20_30,UK,B0FR9C73NK,DEFAULT,DEFAULT,NOT_APPLIED,"accepted but offer still reports DEFAULT; attributes=['AMAZON_EU', 'DEFAULT']"
GE_3_15,UK,B0FR9KMX2N,DEFAULT,DEFAULT,NOT_APPLIED,"accepted but offer still reports DEFAULT; attributes=['AMAZON_EU', 'DEFAULT']"
GG_20_30,UK,B0FR9LYWWY,DEFAULT,DEFAULT,NOT_APPLIED,"accepted but offer still reports DEFAULT; attributes=['AMAZON_EU', 'DEFAULT']"
GG_3_15,UK,B0FR9SMWDN,DEFAULT,DEFAULT,NOT_APPLIED,"accepted but offer still reports DEFAULT; attributes=['AMAZON_EU', 'DEFAULT']"
GG_5_30,UK,B0FR9C5PXR,DEFAULT,DEFAULT,NOT_APPLIED,"accepted but offer still reports DEFAULT; attributes=['AMAZON_EU', 'DEFAULT']"
GHANA-20GB-30D,UK,B0H6M9CG3G,DEFAULT,DEFAULT,NOT_APPLIED,"accepted but offer still reports DEFAULT; attributes=['AMAZON_EU', 'DEFAULT']"
GHANA-3GB-15D,UK,B0H6M7CH6H,DEFAULT,DEFAULT,NOT_APPLIED,"accepted but offer still reports DEFAULT; attributes=['AMAZON_EU', 'DEFAULT']"
GHANA-5GB-30D,UK,B0H6MD48NZ,DEFAULT,DEFAULT,NOT_APPLIED,"accepted but offer still reports DEFAULT; attributes=['AMAZON_EU', 'DEFAULT']"
GI_3_15,UK,B0FR8XSPMC,DEFAULT,DEFAULT,NOT_APPLIED,"accepted but offer still reports DEFAULT; attributes=['AMAZON_EU', 'DEFAULT']"
GL-139_5_30,UK,B0FR9VNTLY,DEFAULT,DEFAULT,NOT_APPLIED,"accepted but offer still reports DEFAULT; attributes=['AMAZON_EU', 'DEFAULT']"
GP_20_30,UK,B0FR8XTBF6,DEFAULT,DEFAULT,NOT_APPLIED,"accepted but offer still reports DEFAULT; attributes=['AMAZON_EU', 'DEFAULT']"
GP_3_15,UK,B0FR9TMVWK,DEFAULT,DEFAULT,NOT_APPLIED,"accepted but offer still reports DEFAULT; attributes=['AMAZON_EU', 'DEFAULT']"
GREECE-3GB-15D,UK,B0FR9L85F6,DEFAULT,DEFAULT,NOT_APPLIED,"accepted but offer still reports DEFAULT; attributes=['AMAZON_EU', 'DEFAULT']"
GREENLAND-20GB-30D,UK,B0H6MBT3TW,DEFAULT,DEFAULT,NOT_APPLIED,"accepted but offer still reports DEFAULT; attributes=['AMAZON_EU', 'DEFAULT']"
GREENLAND-3GB-15D,UK,B0H6MLNBK2,DEFAULT,DEFAULT,NOT_APPLIED,"accepted but offer still reports DEFAULT; attributes=['AMAZON_EU', 'DEFAULT']"
GREENLAND-5GB-30D,UK,B0H6MFMLK9,DEFAULT,DEFAULT,NOT_APPLIED,"accepted but offer still reports DEFAULT; attributes=['AMAZON_EU', 'DEFAULT']"
GRENADA-20GB-30D,UK,B0H6MGRF37,DEFAULT,DEFAULT,NOT_APPLIED,"accepted but offer still reports DEFAULT; attributes=['AMAZON_EU', 'DEFAULT']"
GRENADA-3GB-15D,UK,B0H6M8K37V,DEFAULT,DEFAULT,NOT_APPLIED,"accepted but offer still reports DEFAULT; attributes=['AMAZON_EU', 'DEFAULT']"
GRENADA-5GB-30D,UK,B0H6MLJR6Z,DEFAULT,DEFAULT,NOT_APPLIED,"accepted but offer still reports DEFAULT; attributes=['AMAZON_EU', 'DEFAULT']"
GR_20_30,UK,B0FR9KJGBG,DEFAULT,DEFAULT,NOT_APPLIED,"accepted but offer still reports DEFAULT; attributes=['AMAZON_EU', 'DEFAULT']"
GR_3_15,UK,B0FR9L85F6,DEFAULT,DEFAULT,NOT_APPLIED,"accepted but offer still reports DEFAULT; attributes=['AMAZON_EU', 'DEFAULT']"
GR_5_30,UK,B0FR9C7SMF,DEFAULT,DEFAULT,NOT_APPLIED,"accepted but offer still reports DEFAULT; attributes=['AMAZON_EU', 'DEFAULT']"
GT_3_15,UK,B0FR9VC6VD,DEFAULT,DEFAULT,NOT_APPLIED,"accepted but offer still reports DEFAULT; attributes=['AMAZON_EU', 'DEFAULT']"
GUINEA-20GB-30D,UK,B0H6M7VHYP,DEFAULT,DEFAULT,NOT_APPLIED,"accepted but offer still reports DEFAULT; attributes=['AMAZON_EU', 'DEFAULT']"
GUINEA-3GB-15D,UK,B0H6MGZTF1,DEFAULT,DEFAULT,NOT_APPLIED,"accepted but offer still reports DEFAULT; attributes=['AMAZON_EU', 'DEFAULT']"
GUINEA-5GB-30D,UK,B0H6MFTVX6,DEFAULT,DEFAULT,NOT_APPLIED,"accepted but offer still reports DEFAULT; attributes=['AMAZON_EU', 'DEFAULT']"
GUINEA-BISSAU-20GB-30D,UK,B0H6MF1JJS,DEFAULT,DEFAULT,NOT_APPLIED,"accepted but offer still reports DEFAULT; attributes=['AMAZON_EU', 'DEFAULT']"
GUINEA-BISSAU-3GB-15D,UK,B0H6MG6X8D,DEFAULT,DEFAULT,NOT_APPLIED,"accepted but offer still reports DEFAULT; attributes=['AMAZON_EU', 'DEFAULT']"
GUINEA-BISSAU-5GB-30D,UK,B0H6MCJ4Y9,DEFAULT,DEFAULT,NOT_APPLIED,"accepted but offer still reports DEFAULT; attributes=['AMAZON_EU', 'DEFAULT']"
GUYANA-20GB-30D,UK,B0H6MD1PB7,DEFAULT,DEFAULT,NOT_APPLIED,"accepted but offer still reports DEFAULT; attributes=['AMAZON_EU', 'DEFAULT']"
GUYANA-3GB-15D,UK,B0H6MCG586,DEFAULT,DEFAULT,NOT_APPLIED,"accepted but offer still reports DEFAULT; attributes=['AMAZON_EU', 'DEFAULT']"
GUYANA-5GB-30D,UK,B0H6MB3FHF,DEFAULT,DEFAULT,NOT_APPLIED,"accepted but offer still reports DEFAULT; attributes=['AMAZON_EU', 'DEFAULT']"
GU_20_30,UK,B0FR9C7MGP,DEFAULT,DEFAULT,NOT_APPLIED,"accepted but offer still reports DEFAULT; attributes=['AMAZON_EU', 'DEFAULT']"
GU_3_15,UK,B0FR9GVSSF,DEFAULT,DEFAULT,NOT_APPLIED,"accepted but offer still reports DEFAULT; attributes=['AMAZON_EU', 'DEFAULT']"
GU_5_30,UK,B0FR9SVP8Y,DEFAULT,DEFAULT,NOT_APPLIED,"accepted but offer still reports DEFAULT; attributes=['AMAZON_EU', 'DEFAULT']"
HAITI-20GB-30D,UK,B0H6MBNF3Y,DEFAULT,DEFAULT,NOT_APPLIED,"accepted but offer still reports DEFAULT; attributes=['AMAZON_EU', 'DEFAULT']"
HAITI-3GB-15D,UK,B0H6M9YTL4,DEFAULT,DEFAULT,NOT_APPLIED,"accepted but offer still reports DEFAULT; attributes=['AMAZON_EU', 'DEFAULT']"
HAITI-5GB-30D,UK,B0H6MDHPCV,DEFAULT,DEFAULT,NOT_APPLIED,"accepted but offer still reports DEFAULT; attributes=['AMAZON_EU', 'DEFAULT']"
HN_3_15,UK,B0FR9ZYV5G,DEFAULT,DEFAULT,NOT_APPLIED,"accepted but offer still reports DEFAULT; attributes=['AMAZON_EU', 'DEFAULT']"
HR_20_30,UK,B0FR9TYCSL,DEFAULT,DEFAULT,NOT_APPLIED,"accepted but offer still reports DEFAULT; attributes=['AMAZON_EU', 'DEFAULT']"
HR_3_15,UK,B0FR9GDKT1,DEFAULT,DEFAULT,NOT_APPLIED,"accepted but offer still reports DEFAULT; attributes=['AMAZON_EU', 'DEFAULT']"
HR_5_30,UK,B0FR9BVV58,DEFAULT,DEFAULT,NOT_APPLIED,"accepted but offer still reports DEFAULT; attributes=['AMAZON_EU', 'DEFAULT']"
HU_20_30,UK,B0FR9ZVYYQ,DEFAULT,DEFAULT,NOT_APPLIED,"accepted but offer still reports DEFAULT; attributes=['AMAZON_EU', 'DEFAULT']"
HU_3_15,UK,B0FR9C9JVW,DEFAULT,DEFAULT,NOT_APPLIED,"accepted but offer still reports DEFAULT; attributes=['AMAZON_EU', 'DEFAULT']"
HU_5_30,UK,B0FR9GY3R5,DEFAULT,DEFAULT,NOT_APPLIED,"accepted but offer still reports DEFAULT; attributes=['AMAZON_EU', 'DEFAULT']"
ID_20_30,UK,B0FR9QXRDQ,DEFAULT,DEFAULT,NOT_APPLIED,"accepted but offer still reports DEFAULT; attributes=['AMAZON_EU', 'DEFAULT']"
ID_3_15,UK,B0FR9T6QPZ,DEFAULT,DEFAULT,NOT_APPLIED,"accepted but offer still reports DEFAULT; attributes=['AMAZON_EU', 'DEFAULT']"
ID_5_30,UK,B0FR8XW5DR,DEFAULT,DEFAULT,NOT_APPLIED,"accepted but offer still reports DEFAULT; attributes=['AMAZON_EU', 'DEFAULT']"
IE_20_30,UK,B0FR9SZG2Z,DEFAULT,DEFAULT,NOT_APPLIED,"accepted but offer still reports DEFAULT; attributes=['AMAZON_EU', 'DEFAULT']"
IE_3_15,UK,B0FR8XV57F,DEFAULT,DEFAULT,NOT_APPLIED,"accepted but offer still reports DEFAULT; attributes=['AMAZON_EU', 'DEFAULT']"
IE_5_30,UK,B0FR9GYKQL,DEFAULT,DEFAULT,NOT_APPLIED,"accepted but offer still reports DEFAULT; attributes=['AMAZON_EU', 'DEFAULT']"
IL_20_30,UK,B0FR9K8SQ1,DEFAULT,DEFAULT,NOT_APPLIED,"accepted but offer still reports DEFAULT; attributes=['AMAZON_EU', 'DEFAULT']"
IL_3_15,UK,B0FR9M11H1,DEFAULT,DEFAULT,NOT_APPLIED,"accepted but offer still reports DEFAULT; attributes=['AMAZON_EU', 'DEFAULT']"
IL_5_30,UK,B0FR8XVZZM,DEFAULT,DEFAULT,NOT_APPLIED,"accepted but offer still reports DEFAULT; attributes=['AMAZON_EU', 'DEFAULT']"
IM_20_30,UK,B0FR9CB5LK,DEFAULT,DEFAULT,NOT_APPLIED,"accepted but offer still reports DEFAULT; attributes=['AMAZON_EU', 'DEFAULT']"
IM_3_15,UK,B0FR9LZ7RL,DEFAULT,DEFAULT,NOT_APPLIED,"accepted but offer still reports DEFAULT; attributes=['AMAZON_EU', 'DEFAULT']"
IM_5_30,UK,B0FR9M27XY,DEFAULT,DEFAULT,NOT_APPLIED,"accepted but offer still reports DEFAULT; attributes=['AMAZON_EU', 'DEFAULT']"
INDONESIA-3GB-15D,UK,B0FR9T6QPZ,DEFAULT,DEFAULT,NOT_APPLIED,"accepted but offer still reports DEFAULT; attributes=['AMAZON_EU', 'DEFAULT']"
IN_20_30,UK,B0FR9DYMHX,DEFAULT,DEFAULT,NOT_APPLIED,"accepted but offer still reports DEFAULT; attributes=['AMAZON_EU', 'DEFAULT']"
IN_3_15,UK,B0FR9ZM116,DEFAULT,DEFAULT,NOT_APPLIED,"accepted but offer still reports DEFAULT; attributes=['AMAZON_EU', 'DEFAULT']"
IN_5_30,UK,B0FR9GXWN9,DEFAULT,DEFAULT,NOT_APPLIED,"accepted but offer still reports DEFAULT; attributes=['AMAZON_EU', 'DEFAULT']"
IRAQ-20GB-30D,UK,B0H6M956TN,DEFAULT,DEFAULT,NOT_APPLIED,"accepted but offer still reports DEFAULT; attributes=['AMAZON_EU', 'DEFAULT']"
IRAQ-3GB-15D,UK,B0H6MGX6P7,DEFAULT,DEFAULT,NOT_APPLIED,"accepted but offer still reports DEFAULT; attributes=['AMAZON_EU', 'DEFAULT']"
IRAQ-5GB-30D,UK,B0H6MFRHZN,DEFAULT,DEFAULT,NOT_APPLIED,"accepted but offer still reports DEFAULT; attributes=['AMAZON_EU', 'DEFAULT']"
IS_20_30,UK,B0FR9GX6LF,DEFAULT,DEFAULT,NOT_APPLIED,"accepted but offer still reports DEFAULT; attributes=['AMAZON_EU', 'DEFAULT']"
IS_3_15,UK,B0FR9TBBK1,DEFAULT,DEFAULT,NOT_APPLIED,"accepted but offer still reports DEFAULT; attributes=['AMAZON_EU', 'DEFAULT']"
IS_5_30,UK,B0FR9ZWQBD,DEFAULT,DEFAULT,NOT_APPLIED,"accepted but offer still reports DEFAULT; attributes=['AMAZON_EU', 'DEFAULT']"
ITALY-3GB-15D,UK,B0FR9GXZ18,DEFAULT,DEFAULT,NOT_APPLIED,"accepted but offer still reports DEFAULT; attributes=['AMAZON_EU', 'DEFAULT']"
IT_20_30,UK,B0FR9RNZV2,DEFAULT,DEFAULT,NOT_APPLIED,"accepted but offer still reports DEFAULT; attributes=['AMAZON_EU', 'DEFAULT']"
IT_3_15,UK,B0FR9GXZ18,DEFAULT,DEFAULT,NOT_APPLIED,"accepted but offer still reports DEFAULT; attributes=['AMAZON_EU', 'DEFAULT']"
IT_5_30,UK,B0FR9ZR2TH,DEFAULT,DEFAULT,NOT_APPLIED,"accepted but offer still reports DEFAULT; attributes=['AMAZON_EU', 'DEFAULT']"
JAMAICA-20GB-30D,UK,B0H6MF52ZZ,DEFAULT,DEFAULT,NOT_APPLIED,"accepted but offer still reports DEFAULT; attributes=['AMAZON_EU', 'DEFAULT']"
JAMAICA-3GB-15D,UK,B0H6MF3PNQ,DEFAULT,DEFAULT,NOT_APPLIED,"accepted but offer still reports DEFAULT; attributes=['AMAZON_EU', 'DEFAULT']"
JAMAICA-5GB-30D,UK,B0H6MJQCMF,DEFAULT,DEFAULT,NOT_APPLIED,"accepted but offer still reports DEFAULT; attributes=['AMAZON_EU', 'DEFAULT']"
JE_20_30,UK,B0FR9CBQDH,DEFAULT,DEFAULT,NOT_APPLIED,"accepted but offer still reports DEFAULT; attributes=['AMAZON_EU', 'DEFAULT']"
JE_3_15,UK,B0FR9GYMR5,DEFAULT,DEFAULT,NOT_APPLIED,"accepted but offer still reports DEFAULT; attributes=['AMAZON_EU', 'DEFAULT']"
JE_5_30,UK,B0FR9M27GP,DEFAULT,DEFAULT,NOT_APPLIED,"accepted but offer still reports DEFAULT; attributes=['AMAZON_EU', 'DEFAULT']"
JORDAN-20GB-30D,UK,B0FR9ST188,AMAZON_EU,AMAZON_EU,ALREADY_FBA,
JORDAN-3GB-15D,UK,B0FR9M144Z,AMAZON_EU,AMAZON_EU,ALREADY_FBA,
JORDAN-5GB-30D,UK,B0FR9ZTZNK,AMAZON_EU,AMAZON_EU,ALREADY_FBA,
JO_20_30,UK,B0FR9ST188,DEFAULT,DEFAULT,NOT_APPLIED,"accepted but offer still reports DEFAULT; attributes=['AMAZON_EU', 'DEFAULT']"
JO_3_15,UK,B0FR9M144Z,DEFAULT,DEFAULT,NOT_APPLIED,"accepted but offer still reports DEFAULT; attributes=['AMAZON_EU', 'DEFAULT']"
JO_5_30,UK,B0FR9ZTZNK,DEFAULT,DEFAULT,NOT_APPLIED,"accepted but offer still reports DEFAULT; attributes=['AMAZON_EU', 'DEFAULT']"
JP_20_30,UK,B0FR9RZKRB,DEFAULT,DEFAULT,NOT_APPLIED,"accepted but offer still reports DEFAULT; attributes=['AMAZON_EU', 'DEFAULT']"
JP_3_15,UK,B0FR9LVZVQ,DEFAULT,DEFAULT,NOT_APPLIED,"accepted but offer still reports DEFAULT; attributes=['AMAZON_EU', 'DEFAULT']"
JP_5_30,UK,B0FR9TLXXH,DEFAULT,DEFAULT,NOT_APPLIED,"accepted but offer still reports DEFAULT; attributes=['AMAZON_EU', 'DEFAULT']"
KAZAKHSTAN-20GB-30D,UK,B0FR9TLNNW,AMAZON_EU,AMAZON_EU,ALREADY_FBA,
KAZAKHSTAN-3GB-15D,UK,B0FR9T4DG2,AMAZON_EU,AMAZON_EU,ALREADY_FBA,
KAZAKHSTAN-5GB-30D,UK,B0FR9ZMMSH,AMAZON_EU,AMAZON_EU,ALREADY_FBA,
KENYA-3GB-15D,UK,B0FR9GZ14G,DEFAULT,DEFAULT,NOT_APPLIED,"accepted but offer still reports DEFAULT; attributes=['AMAZON_EU', 'DEFAULT']"
KENYA-5GB-30D,UK,B0FR9T4DG6,DEFAULT,DEFAULT,NOT_APPLIED,"accepted but offer still reports DEFAULT; attributes=['AMAZON_EU', 'DEFAULT']"
KE_3_15,UK,B0FR9GZ14G,DEFAULT,DEFAULT,NOT_APPLIED,"accepted but offer still reports DEFAULT; attributes=['AMAZON_EU', 'DEFAULT']"
KE_5_30,UK,B0FR9T4DG6,DEFAULT,DEFAULT,NOT_APPLIED,"accepted but offer still reports DEFAULT; attributes=['AMAZON_EU', 'DEFAULT']"
KG_20_30,UK,B0FR8XXBHM,DEFAULT,DEFAULT,NOT_APPLIED,"accepted but offer still reports DEFAULT; attributes=['AMAZON_EU', 'DEFAULT']"
KG_3_15,UK,B0FR9TVF4R,DEFAULT,DEFAULT,NOT_APPLIED,"accepted but offer still reports DEFAULT; attributes=['AMAZON_EU', 'DEFAULT']"
KH_20_30,UK,B0FR9GFJPL,DEFAULT,DEFAULT,NOT_APPLIED,"accepted but offer still reports DEFAULT; attributes=['AMAZON_EU', 'DEFAULT']"
KH_3_15,UK,B0FR8XKMJ4,DEFAULT,DEFAULT,NOT_APPLIED,"accepted but offer still reports DEFAULT; attributes=['AMAZON_EU', 'DEFAULT']"
KR_20_30,UK,B0FRC4P51Z,DEFAULT,DEFAULT,NOT_APPLIED,"accepted but offer still reports DEFAULT; attributes=['AMAZON_EU', 'DEFAULT']"
KR_3_15,UK,B0FRC4RTDF,DEFAULT,DEFAULT,NOT_APPLIED,"accepted but offer still reports DEFAULT; attributes=['AMAZON_EU', 'DEFAULT']"
KR_5_30,UK,B0FRD9LC4C,DEFAULT,DEFAULT,NOT_APPLIED,"accepted but offer still reports DEFAULT; attributes=['AMAZON_EU', 'DEFAULT']"
KUWAIT-20GB-30D,UK,B0FR9KBF4P,AMAZON_EU,AMAZON_EU,ALREADY_FBA,
KUWAIT-3GB-15D,UK,B0FR9LZJ3X,AMAZON_EU,AMAZON_EU,ALREADY_FBA,
KUWAIT-5GB-30D,UK,B0FR9M2TXP,AMAZON_EU,AMAZON_EU,ALREADY_FBA,
KW_20_30,UK,B0FR9KBF4P,DEFAULT,DEFAULT,NOT_APPLIED,"accepted but offer still reports DEFAULT; attributes=['AMAZON_EU', 'DEFAULT']"
KW_3_15,UK,B0FR9LZJ3X,DEFAULT,DEFAULT,NOT_APPLIED,"accepted but offer still reports DEFAULT; attributes=['AMAZON_EU', 'DEFAULT']"
KW_5_30,UK,B0FR9M2TXP,DEFAULT,DEFAULT,NOT_APPLIED,"accepted but offer still reports DEFAULT; attributes=['AMAZON_EU', 'DEFAULT']"
KYRGYZSTAN-20GB-30D,UK,B0FR8XXBHM,AMAZON_EU,AMAZON_EU,ALREADY_FBA,
KYRGYZSTAN-3GB-15D,UK,B0FR9TVF4R,AMAZON_EU,AMAZON_EU,ALREADY_FBA,
KZ_20_30,UK,B0FR9TLNNW,DEFAULT,DEFAULT,NOT_APPLIED,"accepted but offer still reports DEFAULT; attributes=['AMAZON_EU', 'DEFAULT']"
KZ_3_15,UK,B0FR9T4DG2,DEFAULT,DEFAULT,NOT_APPLIED,"accepted but offer still reports DEFAULT; attributes=['AMAZON_EU', 'DEFAULT']"
KZ_5_30,UK,B0FR9ZMMSH,DEFAULT,DEFAULT,NOT_APPLIED,"accepted but offer still reports DEFAULT; attributes=['AMAZON_EU', 'DEFAULT']"
LAOS-20GB-30D,UK,B0H6MBWGX1,DEFAULT,DEFAULT,NOT_APPLIED,"accepted but offer still reports DEFAULT; attributes=['AMAZON_EU', 'DEFAULT']"
LAOS-3GB-15D,UK,B0H6M96WPB,DEFAULT,DEFAULT,NOT_APPLIED,"accepted but offer still reports DEFAULT; attributes=['AMAZON_EU', 'DEFAULT']"
LAOS-5GB-30D,UK,B0H6MBJN5B,DEFAULT,DEFAULT,NOT_APPLIED,"accepted but offer still reports DEFAULT; attributes=['AMAZON_EU', 'DEFAULT']"
LATVIA-20GB-30D,UK,B0FR9SWN6V,AMAZON_EU,AMAZON_EU,ALREADY_FBA,
LATVIA-3GB-15D,UK,B0FR9VM4K6,AMAZON_EU,AMAZON_EU,ALREADY_FBA,
LATVIA-5GB-30D,UK,B0FR9TR99S,AMAZON_EU,AMAZON_EU,ALREADY_FBA,
LIBERIA-3GB-15D,UK,B0FR9H18JQ,AMAZON_EU,AMAZON_EU,ALREADY_FBA,
LIBERIA-5GB-30D,UK,B0FR9SJ1YH,AMAZON_EU,AMAZON_EU,ALREADY_FBA,
LIBYA-20GB-30D,UK,B0H6MFWD2Y,DEFAULT,DEFAULT,NOT_APPLIED,"accepted but offer still reports DEFAULT; attributes=['AMAZON_EU', 'DEFAULT']"
LIBYA-3GB-15D,UK,B0H6MBYGXZ,DEFAULT,DEFAULT,NOT_APPLIED,"accepted but offer still reports DEFAULT; attributes=['AMAZON_EU', 'DEFAULT']"
LIBYA-5GB-30D,UK,B0H6M5PVSB,DEFAULT,DEFAULT,NOT_APPLIED,"accepted but offer still reports DEFAULT; attributes=['AMAZON_EU', 'DEFAULT']"
LIECHTENSTEIN-3GB-15D,UK,B0FR9S35ZH,AMAZON_EU,AMAZON_EU,ALREADY_FBA,
LITHUANIA-20GB-30D,UK,B0FR9TQN8N,AMAZON_EU,AMAZON_EU,ALREADY_FBA,
LITHUANIA-3GB-15D,UK,B0FR9KS3P4,AMAZON_EU,AMAZON_EU,ALREADY_FBA,
LITHUANIA-5GB-30D,UK,B0FR9R598C,AMAZON_EU,AMAZON_EU,ALREADY_FBA,
LI_3_15,UK,B0FR9S35ZH,DEFAULT,DEFAULT,NOT_APPLIED,"accepted but offer still reports DEFAULT; attributes=['AMAZON_EU', 'DEFAULT']"
LK_20_30,UK,B0FRC2DZN5,DEFAULT,DEFAULT,NOT_APPLIED,"accepted but offer still reports DEFAULT; attributes=['AMAZON_EU', 'DEFAULT']"
LK_3_15,UK,B0FRB7Z1NW,DEFAULT,DEFAULT,NOT_APPLIED,"accepted but offer still reports DEFAULT; attributes=['AMAZON_EU', 'DEFAULT']"
LK_5_30,UK,B0FRB64B8M,DEFAULT,DEFAULT,NOT_APPLIED,"accepted but offer still reports DEFAULT; attributes=['AMAZON_EU', 'DEFAULT']"
LR_3_15,UK,B0FR9H18JQ,DEFAULT,DEFAULT,NOT_APPLIED,"accepted but offer still reports DEFAULT; attributes=['AMAZON_EU', 'DEFAULT']"
LR_5_30,UK,B0FR9SJ1YH,DEFAULT,DEFAULT,NOT_APPLIED,"accepted but offer still reports DEFAULT; attributes=['AMAZON_EU', 'DEFAULT']"
LT_20_30,UK,B0FR9TQN8N,DEFAULT,DEFAULT,NOT_APPLIED,"accepted but offer still reports DEFAULT; attributes=['AMAZON_EU', 'DEFAULT']"
LT_3_15,UK,B0FR9KS3P4,DEFAULT,DEFAULT,NOT_APPLIED,"accepted but offer still reports DEFAULT; attributes=['AMAZON_EU', 'DEFAULT']"
LT_5_30,UK,B0FR9R598C,DEFAULT,DEFAULT,NOT_APPLIED,"accepted but offer still reports DEFAULT; attributes=['AMAZON_EU', 'DEFAULT']"
LUXEMBOURG-20GB-30D,UK,B0FR8XXXZB,AMAZON_EU,AMAZON_EU,ALREADY_FBA,
LUXEMBOURG-3GB-15D,UK,B0FR9SHRKM,AMAZON_EU,AMAZON_EU,ALREADY_FBA,
LUXEMBOURG-5GB-30D,UK,B0FR9SB862,AMAZON_EU,AMAZON_EU,ALREADY_FBA,
LU_20_30,UK,B0FR8XXXZB,DEFAULT,DEFAULT,NOT_APPLIED,"accepted but offer still reports DEFAULT; attributes=['AMAZON_EU', 'DEFAULT']"
LU_3_15,UK,B0FR9SHRKM,DEFAULT,DEFAULT,NOT_APPLIED,"accepted but offer still reports DEFAULT; attributes=['AMAZON_EU', 'DEFAULT']"
LU_5_30,UK,B0FR9SB862,DEFAULT,DEFAULT,NOT_APPLIED,"accepted but offer still reports DEFAULT; attributes=['AMAZON_EU', 'DEFAULT']"
LV_20_30,UK,B0FR9SWN6V,DEFAULT,DEFAULT,NOT_APPLIED,"accepted but offer still reports DEFAULT; attributes=['AMAZON_EU', 'DEFAULT']"
LV_3_15,UK,B0FR9VM4K6,DEFAULT,DEFAULT,NOT_APPLIED,"accepted but offer still reports DEFAULT; attributes=['AMAZON_EU', 'DEFAULT']"
LV_5_30,UK,B0FR9TR99S,DEFAULT,DEFAULT,NOT_APPLIED,"accepted but offer still reports DEFAULT; attributes=['AMAZON_EU', 'DEFAULT']"
MACAO-20GB-30D,UK,B0FR9CDBN2,AMAZON_EU,AMAZON_EU,ALREADY_FBA,
MACAO-3GB-15D,UK,B0FR9M485M,AMAZON_EU,AMAZON_EU,ALREADY_FBA,
MACAO-5GB-30D,UK,B0FR9L9624,AMAZON_EU,AMAZON_EU,ALREADY_FBA,
MADAGASCAR-3GB-15D,UK,B0FR9H2NS1,AMAZON_EU,AMAZON_EU,ALREADY_FBA,
MALAWI-3GB-15D,UK,B0FR9H3JDK,AMAZON_EU,AMAZON_EU,ALREADY_FBA,
MALAWI-5GB-30D,UK,B0FR9GXY24,AMAZON_EU,AMAZON_EU,ALREADY_FBA,
MALAYSIA-20GB-30D,UK,B0FR9VMWYD,AMAZON_EU,AMAZON_EU,ALREADY_FBA,
MALAYSIA-3GB-15D,UK,B0FR9H1Q65,DEFAULT,DEFAULT,NOT_APPLIED,"accepted but offer still reports DEFAULT; attributes=['AMAZON_EU', 'DEFAULT']"
MALAYSIA-5GB-30D,UK,B0FR9LDGX8,AMAZON_EU,AMAZON_EU,ALREADY_FBA,
MALDIVES-20GB-30D,UK,B0H6MM5SCJ,DEFAULT,DEFAULT,NOT_APPLIED,"accepted but offer still reports DEFAULT; attributes=['AMAZON_EU', 'DEFAULT']"
MALDIVES-3GB-15D,UK,B0H6MD6Y71,DEFAULT,DEFAULT,NOT_APPLIED,"accepted but offer still reports DEFAULT; attributes=['AMAZON_EU', 'DEFAULT']"
MALDIVES-5GB-30D,UK,B0H6MJQZ8Y,DEFAULT,DEFAULT,NOT_APPLIED,"accepted but offer still reports DEFAULT; attributes=['AMAZON_EU', 'DEFAULT']"
MALI-3GB-15D,UK,B0FR9TRDSY,AMAZON_EU,AMAZON_EU,ALREADY_FBA,
MALTA-20GB-30D,UK,B0FR9VL1Q9,DEFAULT,AMAZON_EU,CONVERTED,
MALTA-3GB-15D,UK,B0FR9M3PNR,AMAZON_EU,AMAZON_EU,ALREADY_FBA,
MALTA-5GB-30D,UK,B0FR9ZSMTC,DEFAULT,AMAZON_EU,CONVERTED,
MARTINIQUE-20GB-30D,UK,B0H6MH94KV,DEFAULT,DEFAULT,NOT_APPLIED,"accepted but offer still reports DEFAULT; attributes=['AMAZON_EU', 'DEFAULT']"
MARTINIQUE-3GB-15D,UK,B0H6M7SBFQ,DEFAULT,DEFAULT,NOT_APPLIED,"accepted but offer still reports DEFAULT; attributes=['AMAZON_EU', 'DEFAULT']"
MARTINIQUE-5GB-30D,UK,B0H6MKCD1X,DEFAULT,DEFAULT,NOT_APPLIED,"accepted but offer still reports DEFAULT; attributes=['AMAZON_EU', 'DEFAULT']"
MAURITIUS-3GB-15D,UK,B0H2FYRLRC,DEFAULT,DEFAULT,NOT_APPLIED,"accepted but offer still reports DEFAULT; attributes=['AMAZON_EU', 'DEFAULT']"
MAURITIUS-5GB-30D,UK,B0H2G2XMS3,DEFAULT,DEFAULT,NOT_APPLIED,"accepted but offer still reports DEFAULT; attributes=['AMAZON_EU', 'DEFAULT']"
MAYOTTE-20GB-30D,UK,B0H6M5L8MC,DEFAULT,DEFAULT,NOT_APPLIED,"accepted but offer still reports DEFAULT; attributes=['AMAZON_EU', 'DEFAULT']"
MAYOTTE-3GB-15D,UK,B0H6MFWP88,DEFAULT,DEFAULT,NOT_APPLIED,"accepted but offer still reports DEFAULT; attributes=['AMAZON_EU', 'DEFAULT']"
MAYOTTE-5GB-30D,UK,B0H6MD9C4Y,DEFAULT,DEFAULT,NOT_APPLIED,"accepted but offer still reports DEFAULT; attributes=['AMAZON_EU', 'DEFAULT']"
MA_20_30,UK,B0FR9M57DY,DEFAULT,DEFAULT,NOT_APPLIED,"accepted but offer still reports DEFAULT; attributes=['AMAZON_EU', 'DEFAULT']"
MA_3_15,UK,B0FR9CFZQR,DEFAULT,DEFAULT,NOT_APPLIED,"accepted but offer still reports DEFAULT; attributes=['AMAZON_EU', 'DEFAULT']"
MA_5_30,UK,B0FR9CDDQ8,DEFAULT,DEFAULT,NOT_APPLIED,"accepted but offer still reports DEFAULT; attributes=['AMAZON_EU', 'DEFAULT']"
MC_3_15,UK,B0FR9ZS6GM,DEFAULT,DEFAULT,NOT_APPLIED,"accepted but offer still reports DEFAULT; attributes=['AMAZON_EU', 'DEFAULT']"
MC_5_30,UK,B0FR9H1H4M,DEFAULT,DEFAULT,NOT_APPLIED,"accepted but offer still reports DEFAULT; attributes=['AMAZON_EU', 'DEFAULT']"
MD_3_15,UK,B0FR9CFQYY,DEFAULT,DEFAULT,NOT_APPLIED,"accepted but offer still reports DEFAULT; attributes=['AMAZON_EU', 'DEFAULT']"
ME-13_5_30,UK,B0FR9SYKP6,DEFAULT,DEFAULT,NOT_APPLIED,"accepted but offer still reports DEFAULT; attributes=['AMAZON_EU', 'DEFAULT']"
MEXICO-20GB-30D,UK,B0FR9VDSJX,DEFAULT,AMAZON_EU,CONVERTED,
MEXICO-3GB-15D,UK,B0FR9SZSTG,DEFAULT,AMAZON_EU,CONVERTED,
MEXICO-5GB-30D,UK,B0FR9H2K1C,DEFAULT,AMAZON_EU,CONVERTED,
ME_3_15,UK,B0FR9R5HR7,DEFAULT,DEFAULT,NOT_APPLIED,"accepted but offer still reports DEFAULT; attributes=['AMAZON_EU', 'DEFAULT']"
MG_3_15,UK,B0FR9H2NS1,DEFAULT,DEFAULT,NOT_APPLIED,"accepted but offer still reports DEFAULT; attributes=['AMAZON_EU', 'DEFAULT']"
MIDDLE-EAST-5GB-30D,UK,B0FR9SYKP6,DEFAULT,AMAZON_EU,CONVERTED,
MK_3_15,UK,B0FRB59DJS,DEFAULT,DEFAULT,NOT_APPLIED,"accepted but offer still reports DEFAULT; attributes=['AMAZON_EU', 'DEFAULT']"
MK_5_30,UK,B0FR9WNHHX,DEFAULT,DEFAULT,NOT_APPLIED,"accepted but offer still reports DEFAULT; attributes=['AMAZON_EU', 'DEFAULT']"
ML_3_15,UK,B0FR9TRDSY,DEFAULT,DEFAULT,NOT_APPLIED,"accepted but offer still reports DEFAULT; attributes=['AMAZON_EU', 'DEFAULT']"
MN_3_15,UK,B0FR9LSYTX,DEFAULT,DEFAULT,NOT_APPLIED,"accepted but offer still reports DEFAULT; attributes=['AMAZON_EU', 'DEFAULT']"
MOLDOVA-3GB-15D,UK,B0FR9CFQYY,DEFAULT,AMAZON_EU,CONVERTED,
MONACO-3GB-15D,UK,B0FR9ZS6GM,DEFAULT,AMAZON_EU,CONVERTED,
MONACO-5GB-30D,UK,B0FR9H1H4M,DEFAULT,AMAZON_EU,CONVERTED,
MONGOLIA-3GB-15D,UK,B0FR9LSYTX,DEFAULT,AMAZON_EU,CONVERTED,
MONTENEGRO-3GB-15D,UK,B0FR9R5HR7,DEFAULT,AMAZON_EU,CONVERTED,
MONTSERRAT-20GB-30D,UK,B0H6MG87HK,DEFAULT,DEFAULT,NOT_APPLIED,"accepted but offer still reports DEFAULT; attributes=['AMAZON_EU', 'DEFAULT']"
MONTSERRAT-3GB-15D,UK,B0H6MDJ2ZR,DEFAULT,DEFAULT,NOT_APPLIED,"accepted but offer still reports DEFAULT; attributes=['AMAZON_EU', 'DEFAULT']"
MONTSERRAT-5GB-30D,UK,B0H6MGQ1Y4,DEFAULT,DEFAULT,NOT_APPLIED,"accepted but offer still reports DEFAULT; attributes=['AMAZON_EU', 'DEFAULT']"
MOROCCO-20GB-30D,UK,B0FR9M57DY,DEFAULT,AMAZON_EU,CONVERTED,
MOROCCO-3GB-15D,UK,B0FR9CFZQR,DEFAULT,AMAZON_EU,CONVERTED,
MOROCCO-5GB-30D,UK,B0FR9CDDQ8,DEFAULT,AMAZON_EU,CONVERTED,
MOZAMBIQUE-20GB-30D,UK,B0FR9CFLS7,DEFAULT,AMAZON_EU,CONVERTED,
MOZAMBIQUE-3GB-15D,UK,B0FRB1M6HK,DEFAULT,AMAZON_EU,CONVERTED,
MO_20_30,UK,B0FR9CDBN2,DEFAULT,DEFAULT,NOT_APPLIED,"accepted but offer still reports DEFAULT; attributes=['AMAZON_EU', 'DEFAULT']"
MO_3_15,UK,B0FR9M485M,DEFAULT,DEFAULT,NOT_APPLIED,"accepted but offer still reports DEFAULT; attributes=['AMAZON_EU', 'DEFAULT']"
MO_5_30,UK,B0FR9L9624,DEFAULT,DEFAULT,NOT_APPLIED,"accepted but offer still reports DEFAULT; attributes=['AMAZON_EU', 'DEFAULT']"
MT_20_30,UK,B0FR9VL1Q9,DEFAULT,DEFAULT,NOT_APPLIED,"accepted but offer still reports DEFAULT; attributes=['AMAZON_EU', 'DEFAULT']"
MT_3_15,UK,B0FR9M3PNR,DEFAULT,DEFAULT,NOT_APPLIED,"accepted but offer still reports DEFAULT; attributes=['AMAZON_EU', 'DEFAULT']"
MT_5_30,UK,B0FR9ZSMTC,DEFAULT,DEFAULT,NOT_APPLIED,"accepted but offer still reports DEFAULT; attributes=['AMAZON_EU', 'DEFAULT']"
MW_3_15,UK,B0FR9H3JDK,DEFAULT,DEFAULT,NOT_APPLIED,"accepted but offer still reports DEFAULT; attributes=['AMAZON_EU', 'DEFAULT']"
MW_5_30,UK,B0FR9GXY24,DEFAULT,DEFAULT,NOT_APPLIED,"accepted but offer still reports DEFAULT; attributes=['AMAZON_EU', 'DEFAULT']"
MX_20_30,UK,B0FR9VDSJX,DEFAULT,DEFAULT,NOT_APPLIED,"accepted but offer still reports DEFAULT; attributes=['AMAZON_EU', 'DEFAULT']"
MX_3_15,UK,B0FR9SZSTG,DEFAULT,DEFAULT,NOT_APPLIED,"accepted but offer still reports DEFAULT; attributes=['AMAZON_EU', 'DEFAULT']"
MX_5_30,UK,B0FR9H2K1C,DEFAULT,DEFAULT,NOT_APPLIED,"accepted but offer still reports DEFAULT; attributes=['AMAZON_EU', 'DEFAULT']"
MY_20_30,UK,B0FR9VMWYD,DEFAULT,DEFAULT,NOT_APPLIED,"accepted but offer still reports DEFAULT; attributes=['AMAZON_EU', 'DEFAULT']"
MY_3_15,UK,B0FR9H1Q65,DEFAULT,DEFAULT,NOT_APPLIED,"accepted but offer still reports DEFAULT; attributes=['AMAZON_EU', 'DEFAULT']"
MY_5_30,UK,B0FR9LDGX8,DEFAULT,DEFAULT,NOT_APPLIED,"accepted but offer still reports DEFAULT; attributes=['AMAZON_EU', 'DEFAULT']"
MZ_20_30,UK,B0FR9CFLS7,DEFAULT,DEFAULT,NOT_APPLIED,"accepted but offer still reports DEFAULT; attributes=['AMAZON_EU', 'DEFAULT']"
MZ_3_15,UK,B0FRB1M6HK,DEFAULT,DEFAULT,NOT_APPLIED,"accepted but offer still reports DEFAULT; attributes=['AMAZON_EU', 'DEFAULT']"
NA-3_5_30,UK,B0FRBDQ8H5,DEFAULT,DEFAULT,NOT_APPLIED,"accepted but offer still reports DEFAULT; attributes=['AMAZON_EU', 'DEFAULT']"
NEPAL-3GB-15D,UK,B0FRB1TD7L,DEFAULT,AMAZON_EU,CONVERTED,
NETHERLANDS-20GB-30D,UK,B0FR9NG7LB,DEFAULT,AMAZON_EU,CONVERTED,
NETHERLANDS-3GB-15D,UK,B0FRB5GNM2,DEFAULT,AMAZON_EU,CONVERTED,
NETHERLANDS-5GB-30D,UK,B0FR9NHP7Q,DEFAULT,AMAZON_EU,CONVERTED,
NEW-ZEALAND-20GB-30D,UK,B0FRB1TWT8,DEFAULT,AMAZON_EU,CONVERTED,
NEW-ZEALAND-3GB-15D,UK,B0FR9NKXF5,DEFAULT,AMAZON_EU,CONVERTED,
NEW-ZEALAND-5GB-30D,UK,B0FR9NHFWQ,DEFAULT,AMAZON_EU,CONVERTED,
NE_3_15,UK,B0FR9NPT1H,DEFAULT,DEFAULT,NOT_APPLIED,"accepted but offer still reports DEFAULT; attributes=['AMAZON_EU', 'DEFAULT']"
NG_3_15,UK,B0FR9X17QY,DEFAULT,DEFAULT,NOT_APPLIED,"accepted but offer still reports DEFAULT; attributes=['AMAZON_EU', 'DEFAULT']"
NICARAGUA-3GB-15D,UK,B0FRB33MPG,DEFAULT,AMAZON_EU,CONVERTED,
NIGER-3GB-15D,UK,B0FR9NPT1H,DEFAULT,AMAZON_EU,CONVERTED,
NIGERIA-3GB-15D,UK,B0FR9X17QY,DEFAULT,DEFAULT,NOT_APPLIED,"accepted but offer still reports DEFAULT; attributes=['AMAZON_EU', 'DEFAULT']"
NI_3_15,UK,B0FRB33MPG,DEFAULT,DEFAULT,NOT_APPLIED,"accepted but offer still reports DEFAULT; attributes=['AMAZON_EU', 'DEFAULT']"
NL_20_30,UK,B0FR9NG7LB,DEFAULT,DEFAULT,NOT_APPLIED,"accepted but offer still reports DEFAULT; attributes=['AMAZON_EU', 'DEFAULT']"
NL_3_15,UK,B0FRB5GNM2,DEFAULT,DEFAULT,NOT_APPLIED,"accepted but offer still reports DEFAULT; attributes=['AMAZON_EU', 'DEFAULT']"
NL_5_30,UK,B0FR9NHP7Q,DEFAULT,DEFAULT,NOT_APPLIED,"accepted but offer still reports DEFAULT; attributes=['AMAZON_EU', 'DEFAULT']"
NORTH-AMERICA-5GB-30D,UK,B0FRBDQ8H5,DEFAULT,DEFAULT,NOT_APPLIED,"accepted but offer still reports DEFAULT; attributes=['AMAZON_EU', 'DEFAULT']"
NORTH-MACEDONIA-3GB-15D,UK,B0FRB59DJS,DEFAULT,DEFAULT,NOT_APPLIED,"accepted but offer still reports DEFAULT; attributes=['AMAZON_EU', 'DEFAULT']"
NORTH-MACEDONIA-5GB-30D,UK,B0FR9WNHHX,DEFAULT,DEFAULT,NOT_APPLIED,"accepted but offer still reports DEFAULT; attributes=['AMAZON_EU', 'DEFAULT']"
NORWAY-20GB-30D,UK,B0FRB572L8,DEFAULT,DEFAULT,NOT_APPLIED,"accepted but offer still reports DEFAULT; attributes=['AMAZON_EU', 'DEFAULT']"
NORWAY-3GB-15D,UK,B0FR9WNK2H,DEFAULT,DEFAULT,NOT_APPLIED,"accepted but offer still reports DEFAULT; attributes=['AMAZON_EU', 'DEFAULT']"
NORWAY-5GB-30D,UK,B0FRBNPZ9D,DEFAULT,DEFAULT,NOT_APPLIED,"accepted but offer still reports DEFAULT; attributes=['AMAZON_EU', 'DEFAULT']"
NO_20_30,UK,B0FRB572L8,DEFAULT,DEFAULT,NOT_APPLIED,"accepted but offer still reports DEFAULT; attributes=['AMAZON_EU', 'DEFAULT']"
NO_3_15,UK,B0FR9WNK2H,DEFAULT,DEFAULT,NOT_APPLIED,"accepted but offer still reports DEFAULT; attributes=['AMAZON_EU', 'DEFAULT']"
NO_5_30,UK,B0FRBNPZ9D,DEFAULT,DEFAULT,NOT_APPLIED,"accepted but offer still reports DEFAULT; attributes=['AMAZON_EU', 'DEFAULT']"
NP_3_15,UK,B0FRB1TD7L,DEFAULT,DEFAULT,NOT_APPLIED,"accepted but offer still reports DEFAULT; attributes=['AMAZON_EU', 'DEFAULT']"
NZ_20_30,UK,B0FRB1TWT8,DEFAULT,DEFAULT,NOT_APPLIED,"accepted but offer still reports DEFAULT; attributes=['AMAZON_EU', 'DEFAULT']"
NZ_3_15,UK,B0FR9NKXF5,DEFAULT,DEFAULT,NOT_APPLIED,"accepted but offer still reports DEFAULT; attributes=['AMAZON_EU', 'DEFAULT']"
NZ_5_30,UK,B0FR9NHFWQ,DEFAULT,DEFAULT,NOT_APPLIED,"accepted but offer still reports DEFAULT; attributes=['AMAZON_EU', 'DEFAULT']"
OMAN-20GB-30D,UK,B0FRB4R3FK,DEFAULT,DEFAULT,NOT_APPLIED,"accepted but offer still reports DEFAULT; attributes=['AMAZON_EU', 'DEFAULT']"
OMAN-3GB-15D,UK,B0FRB4BL4W,DEFAULT,DEFAULT,NOT_APPLIED,"accepted but offer still reports DEFAULT; attributes=['AMAZON_EU', 'DEFAULT']"
OM_20_30,UK,B0FRB4R3FK,DEFAULT,DEFAULT,NOT_APPLIED,"accepted but offer still reports DEFAULT; attributes=['AMAZON_EU', 'DEFAULT']"
OM_3_15,UK,B0FRB4BL4W,DEFAULT,DEFAULT,NOT_APPLIED,"accepted but offer still reports DEFAULT; attributes=['AMAZON_EU', 'DEFAULT']"
PAKISTAN-20GB-30D,UK,B0FRB691X8,DEFAULT,DEFAULT,NOT_APPLIED,"accepted but offer still reports DEFAULT; attributes=['AMAZON_EU', 'DEFAULT']"
PAKISTAN-3GB-15D,UK,B0FRB4HL3B,DEFAULT,DEFAULT,NOT_APPLIED,"accepted but offer still reports DEFAULT; attributes=['AMAZON_EU', 'DEFAULT']"
PAKISTAN-5GB-30D,UK,B0FRB48QKZ,DEFAULT,DEFAULT,NOT_APPLIED,"accepted but offer still reports DEFAULT; attributes=['AMAZON_EU', 'DEFAULT']"
PANAMA-3GB-15D,UK,B0FRB3VFW6,DEFAULT,DEFAULT,NOT_APPLIED,"accepted but offer still reports DEFAULT; attributes=['AMAZON_EU', 'DEFAULT']"
PARAGUAY-3GB-15D,UK,B0FRB3V7CS,DEFAULT,DEFAULT,NOT_APPLIED,"accepted but offer still reports DEFAULT; attributes=['AMAZON_EU', 'DEFAULT']"
PA_3_15,UK,B0FRB3VFW6,DEFAULT,DEFAULT,NOT_APPLIED,"accepted but offer still reports DEFAULT; attributes=['AMAZON_EU', 'DEFAULT']"
PERU-20GB-30D,UK,B0H6M8BLBD,DEFAULT,DEFAULT,NOT_APPLIED,"accepted but offer still reports DEFAULT; attributes=['AMAZON_EU', 'DEFAULT']"
PERU-3GB-15D,UK,B0H6M5WW3B,DEFAULT,DEFAULT,NOT_APPLIED,"accepted but offer still reports DEFAULT; attributes=['AMAZON_EU', 'DEFAULT']"
PHILIPPINES-20GB-30D,UK,B0FRB4K2D4,DEFAULT,DEFAULT,NOT_APPLIED,"accepted but offer still reports DEFAULT; attributes=['AMAZON_EU', 'DEFAULT']"
PHILIPPINES-3GB-15D,UK,B0FRB1GVXK,DEFAULT,DEFAULT,NOT_APPLIED,"accepted but offer still reports DEFAULT; attributes=['AMAZON_EU', 'DEFAULT']"
PHILIPPINES-5GB-30D,UK,B0FRB4VCKG,DEFAULT,DEFAULT,NOT_APPLIED,"accepted but offer still reports DEFAULT; attributes=['AMAZON_EU', 'DEFAULT']"
PH_20_30,UK,B0FRB4K2D4,DEFAULT,DEFAULT,NOT_APPLIED,"accepted but offer still reports DEFAULT; attributes=['AMAZON_EU', 'DEFAULT']"
PH_3_15,UK,B0FRB1GVXK,DEFAULT,DEFAULT,NOT_APPLIED,"accepted but offer still reports DEFAULT; attributes=['AMAZON_EU', 'DEFAULT']"
PH_5_30,UK,B0FRB4VCKG,DEFAULT,DEFAULT,NOT_APPLIED,"accepted but offer still reports DEFAULT; attributes=['AMAZON_EU', 'DEFAULT']"
PK_20_30,UK,B0FRB691X8,DEFAULT,DEFAULT,NOT_APPLIED,"accepted but offer still reports DEFAULT; attributes=['AMAZON_EU', 'DEFAULT']"
PK_3_15,UK,B0FRB4HL3B,DEFAULT,DEFAULT,NOT_APPLIED,"accepted but offer still reports DEFAULT; attributes=['AMAZON_EU', 'DEFAULT']"
PK_5_30,UK,B0FRB48QKZ,DEFAULT,DEFAULT,NOT_APPLIED,"accepted but offer still reports DEFAULT; attributes=['AMAZON_EU', 'DEFAULT']"
PL_20_30,UK,B0FRB5HSK7,DEFAULT,DEFAULT,NOT_APPLIED,"accepted but offer still reports DEFAULT; attributes=['AMAZON_EU', 'DEFAULT']"
PL_3_15,UK,B0FRB4JVKR,DEFAULT,DEFAULT,NOT_APPLIED,"accepted but offer still reports DEFAULT; attributes=['AMAZON_EU', 'DEFAULT']"
PL_5_30,UK,B0FRBDPQ9J,DEFAULT,DEFAULT,NOT_APPLIED,"accepted but offer still reports DEFAULT; attributes=['AMAZON_EU', 'DEFAULT']"
POLAND-20GB-30D,UK,B0FRB5HSK7,DEFAULT,DEFAULT,NOT_APPLIED,"accepted but offer still reports DEFAULT; attributes=['AMAZON_EU', 'DEFAULT']"
POLAND-3GB-15D,UK,B0FRB4JVKR,DEFAULT,DEFAULT,NOT_APPLIED,"accepted but offer still reports DEFAULT; attributes=['AMAZON_EU', 'DEFAULT']"
POLAND-5GB-30D,UK,B0FRBDPQ9J,DEFAULT,DEFAULT,NOT_APPLIED,"accepted but offer still reports DEFAULT; attributes=['AMAZON_EU', 'DEFAULT']"
PORTUGAL-20GB-30D,UK,B0FRB354KV,DEFAULT,DEFAULT,NOT_APPLIED,"accepted but offer still reports DEFAULT; attributes=['AMAZON_EU', 'DEFAULT']"
PORTUGAL-3GB-15D,UK,B0FRB4314T,DEFAULT,DEFAULT,NOT_APPLIED,"accepted but offer still reports DEFAULT; attributes=['AMAZON_EU', 'DEFAULT']"
PORTUGAL-5GB-30D,UK,B0FRB4X799,DEFAULT,DEFAULT,NOT_APPLIED,"accepted but offer still reports DEFAULT; attributes=['AMAZON_EU', 'DEFAULT']"
PR_3_15,UK,B0FRB5MSF1,DEFAULT,DEFAULT,NOT_APPLIED,"accepted but offer still reports DEFAULT; attributes=['AMAZON_EU', 'DEFAULT']"
PR_5_30,UK,B0FR9WMX9V,DEFAULT,DEFAULT,NOT_APPLIED,"accepted but offer still reports DEFAULT; attributes=['AMAZON_EU', 'DEFAULT']"
PT_20_30,UK,B0FRB354KV,DEFAULT,DEFAULT,NOT_APPLIED,"accepted but offer still reports DEFAULT; attributes=['AMAZON_EU', 'DEFAULT']"
PT_3_15,UK,B0FRB4314T,DEFAULT,DEFAULT,NOT_APPLIED,"accepted but offer still reports DEFAULT; attributes=['AMAZON_EU', 'DEFAULT']"
PT_5_30,UK,B0FRB4X799,DEFAULT,DEFAULT,NOT_APPLIED,"accepted but offer still reports DEFAULT; attributes=['AMAZON_EU', 'DEFAULT']"
PUERTO-RICO-3GB-15D,UK,B0FRB5MSF1,DEFAULT,DEFAULT,NOT_APPLIED,"accepted but offer still reports DEFAULT; attributes=['AMAZON_EU', 'DEFAULT']"
PUERTO-RICO-5GB-30D,UK,B0FR9WMX9V,DEFAULT,DEFAULT,NOT_APPLIED,"accepted but offer still reports DEFAULT; attributes=['AMAZON_EU', 'DEFAULT']"
PY_3_15,UK,B0FRB3V7CS,DEFAULT,DEFAULT,NOT_APPLIED,"accepted but offer still reports DEFAULT; attributes=['AMAZON_EU', 'DEFAULT']"
QATAR-20GB-30D,UK,B0FR9X3QGM,DEFAULT,DEFAULT,NOT_APPLIED,"accepted but offer still reports DEFAULT; attributes=['AMAZON_EU', 'DEFAULT']"
QATAR-3GB-15D,UK,B0FR9NXH43,DEFAULT,DEFAULT,NOT_APPLIED,"accepted but offer still reports DEFAULT; attributes=['AMAZON_EU', 'DEFAULT']"
QATAR-5GB-30D,UK,B0FR9X5KB1,DEFAULT,DEFAULT,NOT_APPLIED,"accepted but offer still reports DEFAULT; attributes=['AMAZON_EU', 'DEFAULT']"
QA_20_30,UK,B0FR9X3QGM,DEFAULT,DEFAULT,NOT_APPLIED,"accepted but offer still reports DEFAULT; attributes=['AMAZON_EU', 'DEFAULT']"
QA_3_15,UK,B0FR9NXH43,DEFAULT,DEFAULT,NOT_APPLIED,"accepted but offer still reports DEFAULT; attributes=['AMAZON_EU', 'DEFAULT']"
QA_5_30,UK,B0FR9X5KB1,DEFAULT,DEFAULT,NOT_APPLIED,"accepted but offer still reports DEFAULT; attributes=['AMAZON_EU', 'DEFAULT']"
REPUBLIC-OF-THE-CONGO-20GB-30D,UK,B0H6MJ756Y,DEFAULT,DEFAULT,NOT_APPLIED,"accepted but offer still reports DEFAULT; attributes=['AMAZON_EU', 'DEFAULT']"
REPUBLIC-OF-THE-CONGO-3GB-15D,UK,B0H6MM6DKT,DEFAULT,DEFAULT,NOT_APPLIED,"accepted but offer still reports DEFAULT; attributes=['AMAZON_EU', 'DEFAULT']"
REPUBLIC-OF-THE-CONGO-5GB-30D,UK,B0H6MBXD3B,DEFAULT,DEFAULT,NOT_APPLIED,"accepted but offer still reports DEFAULT; attributes=['AMAZON_EU', 'DEFAULT']"
REUNION-3GB-15D,UK,B0FRB3KCNQ,DEFAULT,DEFAULT,NOT_APPLIED,"accepted but offer still reports DEFAULT; attributes=['AMAZON_EU', 'DEFAULT']"
REUNION-5GB-30D,UK,B0FRB47TQW,DEFAULT,DEFAULT,NOT_APPLIED,"accepted but offer still reports DEFAULT; attributes=['AMAZON_EU', 'DEFAULT']"
RE_3_15,UK,B0FRB3KCNQ,DEFAULT,DEFAULT,NOT_APPLIED,"accepted but offer still reports DEFAULT; attributes=['AMAZON_EU', 'DEFAULT']"
RE_5_30,UK,B0FRB47TQW,DEFAULT,DEFAULT,NOT_APPLIED,"accepted but offer still reports DEFAULT; attributes=['AMAZON_EU', 'DEFAULT']"
ROMANIA-20GB-30D,UK,B0H6MGRC1F,DEFAULT,DEFAULT,NOT_APPLIED,"accepted but offer still reports DEFAULT; attributes=['AMAZON_EU', 'DEFAULT']"
ROMANIA-3GB-15D,UK,B0H6MKQH2C,DEFAULT,DEFAULT,NOT_APPLIED,"accepted but offer still reports DEFAULT; attributes=['AMAZON_EU', 'DEFAULT']"
ROMANIA-5GB-30D,UK,B0H6MFVLCB,DEFAULT,DEFAULT,NOT_APPLIED,"accepted but offer still reports DEFAULT; attributes=['AMAZON_EU', 'DEFAULT']"
RS_20_30,UK,B0FRB5K8JC,DEFAULT,DEFAULT,NOT_APPLIED,"accepted but offer still reports DEFAULT; attributes=['AMAZON_EU', 'DEFAULT']"
RS_3_15,UK,B0FRB5TJV2,DEFAULT,DEFAULT,NOT_APPLIED,"accepted but offer still reports DEFAULT; attributes=['AMAZON_EU', 'DEFAULT']"
RUSSIA-20GB-30D,UK,B0H6MDSLNC,DEFAULT,DEFAULT,NOT_APPLIED,"accepted but offer still reports DEFAULT; attributes=['AMAZON_EU', 'DEFAULT']"
RUSSIA-3GB-15D,UK,B0H6MDNPC8,DEFAULT,DEFAULT,NOT_APPLIED,"accepted but offer still reports DEFAULT; attributes=['AMAZON_EU', 'DEFAULT']"
RUSSIA-5GB-30D,UK,B0H6MLHHB2,DEFAULT,DEFAULT,NOT_APPLIED,"accepted but offer still reports DEFAULT; attributes=['AMAZON_EU', 'DEFAULT']"
RWANDA-20GB-30D,UK,B0H6M66BWN,DEFAULT,DEFAULT,NOT_APPLIED,"accepted but offer still reports DEFAULT; attributes=['AMAZON_EU', 'DEFAULT']"
RWANDA-3GB-15D,UK,B0H6MK2ZBQ,DEFAULT,DEFAULT,NOT_APPLIED,"accepted but offer still reports DEFAULT; attributes=['AMAZON_EU', 'DEFAULT']"
RWANDA-5GB-30D,UK,B0H6MJZHP1,DEFAULT,DEFAULT,NOT_APPLIED,"accepted but offer still reports DEFAULT; attributes=['AMAZON_EU', 'DEFAULT']"
SA-18_5_30,UK,B0FRB8D7HC,DEFAULT,DEFAULT,NOT_APPLIED,"accepted but offer still reports DEFAULT; attributes=['AMAZON_EU', 'DEFAULT']"
SAINT-BARTHELEMY-20GB-30D,UK,B0H6MJHHNB,DEFAULT,DEFAULT,NOT_APPLIED,"accepted but offer still reports DEFAULT; attributes=['AMAZON_EU', 'DEFAULT']"
SAINT-BARTHELEMY-3GB-15D,UK,B0H6MDMD63,DEFAULT,DEFAULT,NOT_APPLIED,"accepted but offer still reports DEFAULT; attributes=['AMAZON_EU', 'DEFAULT']"
SAINT-BARTHELEMY-5GB-30D,UK,B0H6MBS246,DEFAULT,DEFAULT,NOT_APPLIED,"accepted but offer still reports DEFAULT; attributes=['AMAZON_EU', 'DEFAULT']"
SAINT-KITTS-AND-NEVIS-20GB-30D,UK,B0H6MJQSR4,DEFAULT,DEFAULT,NOT_APPLIED,"accepted but offer still reports DEFAULT; attributes=['AMAZON_EU', 'DEFAULT']"
SAINT-KITTS-AND-NEVIS-3GB-15D,UK,B0H6MDHJ2B,DEFAULT,DEFAULT,NOT_APPLIED,"accepted but offer still reports DEFAULT; attributes=['AMAZON_EU', 'DEFAULT']"
SAINT-KITTS-AND-NEVIS-5GB-30D,UK,B0H6MBK615,DEFAULT,DEFAULT,NOT_APPLIED,"accepted but offer still reports DEFAULT; attributes=['AMAZON_EU', 'DEFAULT']"
SAINT-LUCIA-20GB-30D,UK,B0H6MDX8DY,DEFAULT,DEFAULT,NOT_APPLIED,"accepted but offer still reports DEFAULT; attributes=['AMAZON_EU', 'DEFAULT']"
SAINT-LUCIA-3GB-15D,UK,B0H6M7Y1CD,DEFAULT,DEFAULT,NOT_APPLIED,"accepted but offer still reports DEFAULT; attributes=['AMAZON_EU', 'DEFAULT']"
SAINT-LUCIA-5GB-30D,UK,B0H6MGBXNV,DEFAULT,DEFAULT,NOT_APPLIED,"accepted but offer still reports DEFAULT; attributes=['AMAZON_EU', 'DEFAULT']"
SAINT-MARTIN-20GB-30D,UK,B0H6MF7K64,DEFAULT,DEFAULT,NOT_APPLIED,"accepted but offer still reports DEFAULT; attributes=['AMAZON_EU', 'DEFAULT']"
SAINT-MARTIN-3GB-15D,UK,B0H6MDB2CN,DEFAULT,DEFAULT,NOT_APPLIED,"accepted but offer still reports DEFAULT; attributes=['AMAZON_EU', 'DEFAULT']"
SAINT-MARTIN-5GB-30D,UK,B0H6MC37Q1,DEFAULT,DEFAULT,NOT_APPLIED,"accepted but offer still reports DEFAULT; attributes=['AMAZON_EU', 'DEFAULT']"
SAINT-VINCENT-AND-THE-GRENADINES-3GB-15D,UK,B0H6MF3FWZ,DEFAULT,DEFAULT,NOT_APPLIED,"accepted but offer still reports DEFAULT; attributes=['AMAZON_EU', 'DEFAULT']"
SAINT-VINCENT-AND-THE-GRENADINES-5GB-30D,UK,B0H6MJXH8Z,DEFAULT,DEFAULT,NOT_APPLIED,"accepted but offer still reports DEFAULT; attributes=['AMAZON_EU', 'DEFAULT']"
SAMOA-20GB-30D,UK,B0H6MJQDSM,DEFAULT,DEFAULT,NOT_APPLIED,"accepted but offer still reports DEFAULT; attributes=['AMAZON_EU', 'DEFAULT']"
SAMOA-3GB-15D,UK,B0H6MGJ45S,DEFAULT,DEFAULT,NOT_APPLIED,"accepted but offer still reports DEFAULT; attributes=['AMAZON_EU', 'DEFAULT']"
SAMOA-5GB-30D,UK,B0H6MFFZH1,DEFAULT,DEFAULT,NOT_APPLIED,"accepted but offer still reports DEFAULT; attributes=['AMAZON_EU', 'DEFAULT']"
SAN-MARINO-20GB-30D,UK,B0H6MDHJFJ,DEFAULT,DEFAULT,NOT_APPLIED,"accepted but offer still reports DEFAULT; attributes=['AMAZON_EU', 'DEFAULT']"
SAN-MARINO-3GB-15D,UK,B0H6MG33GL,DEFAULT,DEFAULT,NOT_APPLIED,"accepted but offer still reports DEFAULT; attributes=['AMAZON_EU', 'DEFAULT']"
SAN-MARINO-5GB-30D,UK,B0H6ML6C38,DEFAULT,DEFAULT,NOT_APPLIED,"accepted but offer still reports DEFAULT; attributes=['AMAZON_EU', 'DEFAULT']"
SAUDI-ARABIA-20GB-30D,UK,B0FRB5PZTS,DEFAULT,DEFAULT,NOT_APPLIED,"accepted but offer still reports DEFAULT; attributes=['AMAZON_EU', 'DEFAULT']"
SAUDI-ARABIA-3GB-15D,UK,B0FRB3N2KL,DEFAULT,DEFAULT,NOT_APPLIED,"accepted but offer still reports DEFAULT; attributes=['AMAZON_EU', 'DEFAULT']"
SAUDI-ARABIA-5GB-30D,UK,B0FRB1SRZY,DEFAULT,DEFAULT,NOT_APPLIED,"accepted but offer still reports DEFAULT; attributes=['AMAZON_EU', 'DEFAULT']"
SA_20_30,UK,B0FRB5PZTS,DEFAULT,DEFAULT,NOT_APPLIED,"accepted but offer still reports DEFAULT; attributes=['AMAZON_EU', 'DEFAULT']"
SA_3_15,UK,B0FRB3N2KL,DEFAULT,DEFAULT,NOT_APPLIED,"accepted but offer still reports DEFAULT; attributes=['AMAZON_EU', 'DEFAULT']"
SA_5_30,UK,B0FRB1SRZY,DEFAULT,DEFAULT,NOT_APPLIED,"accepted but offer still reports DEFAULT; attributes=['AMAZON_EU', 'DEFAULT']"
SC_3_15,UK,B0FRB55T3H,DEFAULT,DEFAULT,NOT_APPLIED,"accepted but offer still reports DEFAULT; attributes=['AMAZON_EU', 'DEFAULT']"
SC_5_30,UK,B0FR9P7N6M,DEFAULT,DEFAULT,NOT_APPLIED,"accepted but offer still reports DEFAULT; attributes=['AMAZON_EU', 'DEFAULT']"
SD_3_15,UK,B0FRCKTXNQ,DEFAULT,DEFAULT,NOT_APPLIED,"accepted but offer still reports DEFAULT; attributes=['AMAZON_EU', 'DEFAULT']"
SD_5_30,UK,B0FRC799N3,DEFAULT,DEFAULT,NOT_APPLIED,"accepted but offer still reports DEFAULT; attributes=['AMAZON_EU', 'DEFAULT']"
SENEGAL-3GB-15D,UK,B0FRB4HX92,DEFAULT,DEFAULT,NOT_APPLIED,"accepted but offer still reports DEFAULT; attributes=['AMAZON_EU', 'DEFAULT']"
SENEGAL-5GB-30D,UK,B0FRB68H77,DEFAULT,DEFAULT,NOT_APPLIED,"accepted but offer still reports DEFAULT; attributes=['AMAZON_EU', 'DEFAULT']"
SERBIA-20GB-30D,UK,B0FRB5K8JC,DEFAULT,DEFAULT,NOT_APPLIED,"accepted but offer still reports DEFAULT; attributes=['AMAZON_EU', 'DEFAULT']"
SERBIA-3GB-15D,UK,B0FRB5TJV2,DEFAULT,DEFAULT,NOT_APPLIED,"accepted but offer still reports DEFAULT; attributes=['AMAZON_EU', 'DEFAULT']"
SEYCHELLES-3GB-15D,UK,B0FRB55T3H,DEFAULT,DEFAULT,NOT_APPLIED,"accepted but offer still reports DEFAULT; attributes=['AMAZON_EU', 'DEFAULT']"
SEYCHELLES-5GB-30D,UK,B0FR9P7N6M,DEFAULT,DEFAULT,NOT_APPLIED,"accepted but offer still reports DEFAULT; attributes=['AMAZON_EU', 'DEFAULT']"
SE_20_30,UK,B0FRB7X5SP,DEFAULT,DEFAULT,NOT_APPLIED,"accepted but offer still reports DEFAULT; attributes=['AMAZON_EU', 'DEFAULT']"
SE_3_15,UK,B0FRCC6W9S,DEFAULT,DEFAULT,NOT_APPLIED,"accepted but offer still reports DEFAULT; attributes=['AMAZON_EU', 'DEFAULT']"
SE_5_30,UK,B0FRCS524D,DEFAULT,DEFAULT,NOT_APPLIED,"accepted but offer still reports DEFAULT; attributes=['AMAZON_EU', 'DEFAULT']"
SG_20_30,UK,B0FRB256K8,DEFAULT,DEFAULT,NOT_APPLIED,"accepted but offer still reports DEFAULT; attributes=['AMAZON_EU', 'DEFAULT']"
SG_5_30,UK,B0FR9X3Y3R,DEFAULT,DEFAULT,NOT_APPLIED,"accepted but offer still reports DEFAULT; attributes=['AMAZON_EU', 'DEFAULT']"
SIERRA-LEONE-20GB-30D,UK,B0H6ML1JW1,DEFAULT,DEFAULT,NOT_APPLIED,"accepted but offer still reports DEFAULT; attributes=['AMAZON_EU', 'DEFAULT']"
SIERRA-LEONE-3GB-15D,UK,B0H6MHPWKP,DEFAULT,DEFAULT,NOT_APPLIED,"accepted but offer still reports DEFAULT; attributes=['AMAZON_EU', 'DEFAULT']"
SIERRA-LEONE-5GB-30D,UK,B0H6MBK6HZ,DEFAULT,DEFAULT,NOT_APPLIED,"accepted but offer still reports DEFAULT; attributes=['AMAZON_EU', 'DEFAULT']"
SINGAPORE-20GB-30D,UK,B0FRB256K8,DEFAULT,DEFAULT,NOT_APPLIED,"accepted but offer still reports DEFAULT; attributes=['AMAZON_EU', 'DEFAULT']"
SINGAPORE-5GB-30D,UK,B0FR9X3Y3R,DEFAULT,DEFAULT,NOT_APPLIED,"accepted but offer still reports DEFAULT; attributes=['AMAZON_EU', 'DEFAULT']"
SI_20_30,UK,B0FR9X15V2,DEFAULT,DEFAULT,NOT_APPLIED,"accepted but offer still reports DEFAULT; attributes=['AMAZON_EU', 'DEFAULT']"
SI_3_15,UK,B0FR9XCF27,DEFAULT,DEFAULT,NOT_APPLIED,"accepted but offer still reports DEFAULT; attributes=['AMAZON_EU', 'DEFAULT']"
SI_5_30,UK,B0FRB3SJMR,DEFAULT,DEFAULT,NOT_APPLIED,"accepted but offer still reports DEFAULT; attributes=['AMAZON_EU', 'DEFAULT']"
SK_20_30,UK,B0FRB14YYC,DEFAULT,DEFAULT,NOT_APPLIED,"accepted but offer still reports DEFAULT; attributes=['AMAZON_EU', 'DEFAULT']"
SK_3_15,UK,B0FR9XC4BW,DEFAULT,DEFAULT,NOT_APPLIED,"accepted but offer still reports DEFAULT; attributes=['AMAZON_EU', 'DEFAULT']"
SK_5_30,UK,B0FRB2X84M,DEFAULT,DEFAULT,NOT_APPLIED,"accepted but offer still reports DEFAULT; attributes=['AMAZON_EU', 'DEFAULT']"
SLOVAKIA-20GB-30D,UK,B0FRB14YYC,DEFAULT,DEFAULT,NOT_APPLIED,"accepted but offer still reports DEFAULT; attributes=['AMAZON_EU', 'DEFAULT']"
SLOVAKIA-3GB-15D,UK,B0FR9XC4BW,DEFAULT,DEFAULT,NOT_APPLIED,"accepted but offer still reports DEFAULT; attributes=['AMAZON_EU', 'DEFAULT']"
SLOVAKIA-5GB-30D,UK,B0FRB2X84M,DEFAULT,DEFAULT,NOT_APPLIED,"accepted but offer still reports DEFAULT; attributes=['AMAZON_EU', 'DEFAULT']"
SLOVENIA-20GB-30D,UK,B0FR9X15V2,DEFAULT,DEFAULT,NOT_APPLIED,"accepted but offer still reports DEFAULT; attributes=['AMAZON_EU', 'DEFAULT']"
SLOVENIA-3GB-15D,UK,B0FR9XCF27,DEFAULT,DEFAULT,NOT_APPLIED,"accepted but offer still reports DEFAULT; attributes=['AMAZON_EU', 'DEFAULT']"
SLOVENIA-5GB-30D,UK,B0FRB3SJMR,DEFAULT,DEFAULT,NOT_APPLIED,"accepted but offer still reports DEFAULT; attributes=['AMAZON_EU', 'DEFAULT']"
SN_3_15,UK,B0FRB4HX92,DEFAULT,DEFAULT,NOT_APPLIED,"accepted but offer still reports DEFAULT; attributes=['AMAZON_EU', 'DEFAULT']"
SN_5_30,UK,B0FRB68H77,DEFAULT,DEFAULT,NOT_APPLIED,"accepted but offer still reports DEFAULT; attributes=['AMAZON_EU', 'DEFAULT']"
SOUTH-AFRICA-5GB-30D,UK,B0FRB3R6F3,DEFAULT,DEFAULT,NOT_APPLIED,"accepted but offer still reports DEFAULT; attributes=['AMAZON_EU', 'DEFAULT']"
SOUTH-AMERICA-5GB-30D,UK,B0FRB8D7HC,DEFAULT,DEFAULT,NOT_APPLIED,"accepted but offer still reports DEFAULT; attributes=['AMAZON_EU', 'DEFAULT']"
SOUTH-KOREA-20GB-30D,UK,B0FRC4P51Z,DEFAULT,DEFAULT,NOT_APPLIED,"accepted but offer still reports DEFAULT; attributes=['AMAZON_EU', 'DEFAULT']"
SOUTH-KOREA-3GB-15D,UK,B0FRC4RTDF,DEFAULT,DEFAULT,NOT_APPLIED,"accepted but offer still reports DEFAULT; attributes=['AMAZON_EU', 'DEFAULT']"
SOUTH-KOREA-5GB-30D,UK,B0FRD9LC4C,DEFAULT,DEFAULT,NOT_APPLIED,"accepted but offer still reports DEFAULT; attributes=['AMAZON_EU', 'DEFAULT']"
SPAIN-20GB-30D,UK,B0FRCMPGPL,DEFAULT,DEFAULT,NOT_APPLIED,"accepted but offer still reports DEFAULT; attributes=['AMAZON_EU', 'DEFAULT']"
SPAIN-3GB-15D,UK,B0FRCDHTZ7,DEFAULT,DEFAULT,NOT_APPLIED,"accepted but offer still reports DEFAULT; attributes=['AMAZON_EU', 'DEFAULT']"
SPAIN-5GB-30D,UK,B0FRBQCLZN,DEFAULT,DEFAULT,NOT_APPLIED,"accepted but offer still reports DEFAULT; attributes=['AMAZON_EU', 'DEFAULT']"
SRI-LANKA-20GB-30D,UK,B0FRC2DZN5,DEFAULT,DEFAULT,NOT_APPLIED,"accepted but offer still reports DEFAULT; attributes=['AMAZON_EU', 'DEFAULT']"
SRI-LANKA-3GB-15D,UK,B0FRB7Z1NW,DEFAULT,DEFAULT,NOT_APPLIED,"accepted but offer still reports DEFAULT; attributes=['AMAZON_EU', 'DEFAULT']"
SRI-LANKA-5GB-30D,UK,B0FRB64B8M,DEFAULT,DEFAULT,NOT_APPLIED,"accepted but offer still reports DEFAULT; attributes=['AMAZON_EU', 'DEFAULT']"
SUDAN-3GB-15D,UK,B0FRCKTXNQ,DEFAULT,DEFAULT,NOT_APPLIED,"accepted but offer still reports DEFAULT; attributes=['AMAZON_EU', 'DEFAULT']"
SUDAN-5GB-30D,UK,B0FRC799N3,DEFAULT,DEFAULT,NOT_APPLIED,"accepted but offer still reports DEFAULT; attributes=['AMAZON_EU', 'DEFAULT']"
SURINAME-20GB-30D,UK,B0H6MNKY5H,DEFAULT,DEFAULT,NOT_APPLIED,"accepted but offer still reports DEFAULT; attributes=['AMAZON_EU', 'DEFAULT']"
SURINAME-3GB-15D,UK,B0H6MLWJMY,DEFAULT,DEFAULT,NOT_APPLIED,"accepted but offer still reports DEFAULT; attributes=['AMAZON_EU', 'DEFAULT']"
SURINAME-5GB-30D,UK,B0H6MNS3N5,DEFAULT,DEFAULT,NOT_APPLIED,"accepted but offer still reports DEFAULT; attributes=['AMAZON_EU', 'DEFAULT']"
SVG-20GB-30D,UK,B0H6MWF5B5,DEFAULT,DEFAULT,NOT_APPLIED,"accepted but offer still reports DEFAULT; attributes=['AMAZON_EU', 'DEFAULT']"
SV_3_15,UK,B0FR9LJ7X4,DEFAULT,DEFAULT,NOT_APPLIED,"accepted but offer still reports DEFAULT; attributes=['AMAZON_EU', 'DEFAULT']"
SWEDEN-20GB-30D,UK,B0FRB7X5SP,DEFAULT,DEFAULT,NOT_APPLIED,"accepted but offer still reports DEFAULT; attributes=['AMAZON_EU', 'DEFAULT']"
SWEDEN-3GB-15D,UK,B0FRCC6W9S,DEFAULT,DEFAULT,NOT_APPLIED,"accepted but offer still reports DEFAULT; attributes=['AMAZON_EU', 'DEFAULT']"
SWEDEN-5GB-30D,UK,B0FRCS524D,DEFAULT,DEFAULT,NOT_APPLIED,"accepted but offer still reports DEFAULT; attributes=['AMAZON_EU', 'DEFAULT']"
SWITZERLAND-20GB-30D,UK,B0FRB6VY7S,DEFAULT,DEFAULT,NOT_APPLIED,"accepted but offer still reports DEFAULT; attributes=['AMAZON_EU', 'DEFAULT']"
SWITZERLAND-3GB-15D,UK,B0FRB5LFVC,DEFAULT,DEFAULT,NOT_APPLIED,"accepted but offer still reports DEFAULT; attributes=['AMAZON_EU', 'DEFAULT']"
SWITZERLAND-5GB-30D,UK,B0FRB7G4VW,DEFAULT,DEFAULT,NOT_APPLIED,"accepted but offer still reports DEFAULT; attributes=['AMAZON_EU', 'DEFAULT']"
TAJIKISTAN-20GB-30D,UK,B0H6M85C77,DEFAULT,DEFAULT,NOT_APPLIED,"accepted but offer still reports DEFAULT; attributes=['AMAZON_EU', 'DEFAULT']"
TAJIKISTAN-3GB-15D,UK,B0H6M7XFN6,DEFAULT,DEFAULT,NOT_APPLIED,"accepted but offer still reports DEFAULT; attributes=['AMAZON_EU', 'DEFAULT']"
TAJIKISTAN-5GB-30D,UK,B0H6MFYMXZ,DEFAULT,DEFAULT,NOT_APPLIED,"accepted but offer still reports DEFAULT; attributes=['AMAZON_EU', 'DEFAULT']"
TANZANIA-3GB-15D,UK,B0FRC81NPJ,DEFAULT,DEFAULT,NOT_APPLIED,"accepted but offer still reports DEFAULT; attributes=['AMAZON_EU', 'DEFAULT']"
TD_3_15,UK,B0FR9SG4MK,DEFAULT,DEFAULT,NOT_APPLIED,"accepted but offer still reports DEFAULT; attributes=['AMAZON_EU', 'DEFAULT']"
TD_5_30,UK,B0FR9L414C,DEFAULT,DEFAULT,NOT_APPLIED,"accepted but offer still reports DEFAULT; attributes=['AMAZON_EU', 'DEFAULT']"
THAILAND-20GB-30D,UK,B0FRCHW3MW,DEFAULT,DEFAULT,NOT_APPLIED,"accepted but offer still reports DEFAULT; attributes=['AMAZON_EU', 'DEFAULT']"
THAILAND-3GB-15D,UK,B0FRCDPJSH,DEFAULT,DEFAULT,NOT_APPLIED,"accepted but offer still reports DEFAULT; attributes=['AMAZON_EU', 'DEFAULT']"
THAILAND-5GB-30D,UK,B0FR9Q5D1J,DEFAULT,DEFAULT,NOT_APPLIED,"accepted but offer still reports DEFAULT; attributes=['AMAZON_EU', 'DEFAULT']"
TH_20_30,UK,B0FRCHW3MW,DEFAULT,DEFAULT,NOT_APPLIED,"accepted but offer still reports DEFAULT; attributes=['AMAZON_EU', 'DEFAULT']"
TH_3_15,UK,B0FRCDPJSH,DEFAULT,DEFAULT,NOT_APPLIED,"accepted but offer still reports DEFAULT; attributes=['AMAZON_EU', 'DEFAULT']"
TH_5_30,UK,B0FR9Q5D1J,DEFAULT,DEFAULT,NOT_APPLIED,"accepted but offer still reports DEFAULT; attributes=['AMAZON_EU', 'DEFAULT']"
TN_5_30,UK,B0FRB7Q96Z,DEFAULT,DEFAULT,NOT_APPLIED,"accepted but offer still reports DEFAULT; attributes=['AMAZON_EU', 'DEFAULT']"
TRINIDAD-AND-TOBAGO-20GB-30D,UK,B0H6MF31VP,DEFAULT,DEFAULT,NOT_APPLIED,"accepted but offer still reports DEFAULT; attributes=['AMAZON_EU', 'DEFAULT']"
TRINIDAD-AND-TOBAGO-3GB-15D,UK,B0H6MJTHXK,DEFAULT,DEFAULT,NOT_APPLIED,"accepted but offer still reports DEFAULT; attributes=['AMAZON_EU', 'DEFAULT']"
TRINIDAD-AND-TOBAGO-5GB-30D,UK,B0H6MJTHY9,DEFAULT,DEFAULT,NOT_APPLIED,"accepted but offer still reports DEFAULT; attributes=['AMAZON_EU', 'DEFAULT']"
TR_20_30,UK,B0FRCYMWCX,DEFAULT,DEFAULT,NOT_APPLIED,"accepted but offer still reports DEFAULT; attributes=['AMAZON_EU', 'DEFAULT']"
TR_3_15,UK,B0FRC2PSHM,DEFAULT,DEFAULT,NOT_APPLIED,"accepted but offer still reports DEFAULT; attributes=['AMAZON_EU', 'DEFAULT']"
TR_5_30,UK,B0FRCBZ1BB,DEFAULT,DEFAULT,NOT_APPLIED,"accepted but offer still reports DEFAULT; attributes=['AMAZON_EU', 'DEFAULT']"
TUNISIA-5GB-30D,UK,B0FRB7Q96Z,DEFAULT,DEFAULT,NOT_APPLIED,"accepted but offer still reports DEFAULT; attributes=['AMAZON_EU', 'DEFAULT']"
TURKEY-20GB-30D,UK,B0FRCYMWCX,DEFAULT,DEFAULT,NOT_APPLIED,"accepted but offer still reports DEFAULT; attributes=['AMAZON_EU', 'DEFAULT']"
TURKEY-3GB-15D,UK,B0FRC2PSHM,DEFAULT,DEFAULT,NOT_APPLIED,"accepted but offer still reports DEFAULT; attributes=['AMAZON_EU', 'DEFAULT']"
TURKEY-5GB-30D,UK,B0FRCBZ1BB,DEFAULT,DEFAULT,NOT_APPLIED,"accepted but offer still reports DEFAULT; attributes=['AMAZON_EU', 'DEFAULT']"
TURKS-AND-CAICOS-ISLANDS-20GB-30D,UK,B0H6MLBGX7,DEFAULT,DEFAULT,NOT_APPLIED,"accepted but offer still reports DEFAULT; attributes=['AMAZON_EU', 'DEFAULT']"
TURKS-AND-CAICOS-ISLANDS-3GB-15D,UK,B0H6MNNXGL,DEFAULT,DEFAULT,NOT_APPLIED,"accepted but offer still reports DEFAULT; attributes=['AMAZON_EU', 'DEFAULT']"
TURKS-AND-CAICOS-ISLANDS-5GB-30D,UK,B0H6MLH1KM,DEFAULT,DEFAULT,NOT_APPLIED,"accepted but offer still reports DEFAULT; attributes=['AMAZON_EU', 'DEFAULT']"
TZ_3_15,UK,B0FRC81NPJ,DEFAULT,DEFAULT,NOT_APPLIED,"accepted but offer still reports DEFAULT; attributes=['AMAZON_EU', 'DEFAULT']"
UA_3_15,UK,B0FRB9SBFR,DEFAULT,DEFAULT,NOT_APPLIED,"accepted but offer still reports DEFAULT; attributes=['AMAZON_EU', 'DEFAULT']"
UA_5_30,UK,B0FRC2NRKG,DEFAULT,DEFAULT,NOT_APPLIED,"accepted but offer still reports DEFAULT; attributes=['AMAZON_EU', 'DEFAULT']"
UGANDA-3GB-15D,UK,B0FRB7F7Z9,DEFAULT,DEFAULT,NOT_APPLIED,"accepted but offer still reports DEFAULT; attributes=['AMAZON_EU', 'DEFAULT']"
UG_3_15,UK,B0FRB7F7Z9,DEFAULT,DEFAULT,NOT_APPLIED,"accepted but offer still reports DEFAULT; attributes=['AMAZON_EU', 'DEFAULT']"
UKRAINE-3GB-15D,UK,B0FRB9SBFR,DEFAULT,DEFAULT,NOT_APPLIED,"accepted but offer still reports DEFAULT; attributes=['AMAZON_EU', 'DEFAULT']"
UKRAINE-5GB-30D,UK,B0FRC2NRKG,DEFAULT,DEFAULT,NOT_APPLIED,"accepted but offer still reports DEFAULT; attributes=['AMAZON_EU', 'DEFAULT']"
UNITED-ARAB-EMIRATES-20GB-30D,UK,B0FRB7TFJR,DEFAULT,DEFAULT,NOT_APPLIED,"accepted but offer still reports DEFAULT; attributes=['AMAZON_EU', 'DEFAULT']"
UNITED-ARAB-EMIRATES-3GB-15D,UK,B0FRBBYBGH,DEFAULT,DEFAULT,NOT_APPLIED,"accepted but offer still reports DEFAULT; attributes=['AMAZON_EU', 'DEFAULT']"
UNITED-ARAB-EMIRATES-5GB-30D,UK,B0FRB89XHX,DEFAULT,DEFAULT,NOT_APPLIED,"accepted but offer still reports DEFAULT; attributes=['AMAZON_EU', 'DEFAULT']"
UNITED-KINGDOM-20GB-30D,UK,B0FRDGCBTN,DEFAULT,DEFAULT,NOT_APPLIED,"accepted but offer still reports DEFAULT; attributes=['AMAZON_EU', 'DEFAULT']"
UNITED-KINGDOM-3GB-15D,UK,B0FRCPD8TS,DEFAULT,DEFAULT,NOT_APPLIED,"accepted but offer still reports DEFAULT; attributes=['AMAZON_EU', 'DEFAULT']"
UNITED-KINGDOM-5GB-30D,UK,B0FRDDRGJF,DEFAULT,DEFAULT,NOT_APPLIED,"accepted but offer still reports DEFAULT; attributes=['AMAZON_EU', 'DEFAULT']"
UNITED-STATES-3GB-15D,UK,B0FRCFXK3V,DEFAULT,DEFAULT,NOT_APPLIED,"accepted but offer still reports DEFAULT; attributes=['AMAZON_EU', 'DEFAULT']"
UNITED-STATES-5GB-30D,UK,B0FRC2PQ8H,DEFAULT,DEFAULT,NOT_APPLIED,"accepted but offer still reports DEFAULT; attributes=['AMAZON_EU', 'DEFAULT']"
URUGUAY-3GB-15D,UK,B0FRB7LHGN,DEFAULT,DEFAULT,NOT_APPLIED,"accepted but offer still reports DEFAULT; attributes=['AMAZON_EU', 'DEFAULT']"
US_3_15,UK,B0FRCFXK3V,DEFAULT,DEFAULT,NOT_APPLIED,"accepted but offer still reports DEFAULT; attributes=['AMAZON_EU', 'DEFAULT']"
US_5_30,UK,B0FRC2PQ8H,DEFAULT,DEFAULT,NOT_APPLIED,"accepted but offer still reports DEFAULT; attributes=['AMAZON_EU', 'DEFAULT']"
UY_3_15,UK,B0FRB7LHGN,DEFAULT,DEFAULT,NOT_APPLIED,"accepted but offer still reports DEFAULT; attributes=['AMAZON_EU', 'DEFAULT']"
UZBEKISTAN-5GB-30D,UK,B0FRBWFZ6M,DEFAULT,DEFAULT,NOT_APPLIED,"accepted but offer still reports DEFAULT; attributes=['AMAZON_EU', 'DEFAULT']"
UZ_5_30,UK,B0FRBWFZ6M,DEFAULT,DEFAULT,NOT_APPLIED,"accepted but offer still reports DEFAULT; attributes=['AMAZON_EU', 'DEFAULT']"
VATICAN-CITY-20GB-30D,UK,B0H6MDPLZ9,DEFAULT,DEFAULT,NOT_APPLIED,"accepted but offer still reports DEFAULT; attributes=['AMAZON_EU', 'DEFAULT']"
VATICAN-CITY-3GB-15D,UK,B0H6MBMF8G,DEFAULT,DEFAULT,NOT_APPLIED,"accepted but offer still reports DEFAULT; attributes=['AMAZON_EU', 'DEFAULT']"
VATICAN-CITY-5GB-30D,UK,B0H6M7YXNP,DEFAULT,DEFAULT,NOT_APPLIED,"accepted but offer still reports DEFAULT; attributes=['AMAZON_EU', 'DEFAULT']"
VIETNAM-20GB-30D,UK,B0FRC2NKC4,DEFAULT,DEFAULT,NOT_APPLIED,"accepted but offer still reports DEFAULT; attributes=['AMAZON_EU', 'DEFAULT']"
VIETNAM-3GB-15D,UK,B0FRBR2DHW,DEFAULT,DEFAULT,NOT_APPLIED,"accepted but offer still reports DEFAULT; attributes=['AMAZON_EU', 'DEFAULT']"
VIETNAM-5GB-30D,UK,B0FRCBXRGV,DEFAULT,DEFAULT,NOT_APPLIED,"accepted but offer still reports DEFAULT; attributes=['AMAZON_EU', 'DEFAULT']"
VN_20_30,UK,B0FRC2NKC4,DEFAULT,DEFAULT,NOT_APPLIED,"accepted but offer still reports DEFAULT; attributes=['AMAZON_EU', 'DEFAULT']"
VN_3_15,UK,B0FRBR2DHW,DEFAULT,DEFAULT,NOT_APPLIED,"accepted but offer still reports DEFAULT; attributes=['AMAZON_EU', 'DEFAULT']"
VN_5_30,UK,B0FRCBXRGV,DEFAULT,DEFAULT,NOT_APPLIED,"accepted but offer still reports DEFAULT; attributes=['AMAZON_EU', 'DEFAULT']"
ZAMBIA-3GB-15D,UK,B0FRC2NSM2,DEFAULT,DEFAULT,NOT_APPLIED,"accepted but offer still reports DEFAULT; attributes=['AMAZON_EU', 'DEFAULT']"
ZAMBIA-5GB-30D,UK,B0FRCL97L4,DEFAULT,DEFAULT,NOT_APPLIED,"accepted but offer still reports DEFAULT; attributes=['AMAZON_EU', 'DEFAULT']"
ZA_10_30,UK,B0FRB4RSW2,DEFAULT,DEFAULT,NOT_APPLIED,"accepted but offer still reports DEFAULT; attributes=['AMAZON_EU', 'DEFAULT']"
ZA_5_30,UK,B0FRB3R6F3,DEFAULT,DEFAULT,NOT_APPLIED,"accepted but offer still reports DEFAULT; attributes=['AMAZON_EU', 'DEFAULT']"
ZM_3_15,UK,B0FRC2NSM2,DEFAULT,DEFAULT,NOT_APPLIED,"accepted but offer still reports DEFAULT; attributes=['AMAZON_EU', 'DEFAULT']"
ZM_5_30,UK,B0FRCL97L4,DEFAULT,DEFAULT,NOT_APPLIED,"accepted but offer still reports DEFAULT; attributes=['AMAZON_EU', 'DEFAULT']"
